<?xml version="1.0" encoding="ISO-8859-1" ?>
<ns1:ReqConsultaLote xmlns:ns1="http://localhost:8080/WsNFe2/lote"
	xmlns:tipos="http://localhost:8080/WsNFe2/tp" xmlns:xsi="http://www.w3.org/2001/XMLSchema-instance"
	xsi:schemaLocation="http://localhost:8080/WsNFe2/lote http://localhost:8080/WsNFe2/xsd/ReqConsultaLote.xsd">
	<Cabecalho>
		<CodCidade>6291</CodCidade>
		<CPFCNPJRemetente>27394162000108</CPFCNPJRemetente>
		<Versao>1</Versao>
		<NumeroLote>7105</NumeroLote>
	</Cabecalho>
</ns1:ReqConsultaLote>