<?xml version="1.0" encoding="UTF-8"?>
<ns1:RetornoConsultaLote  xmlns:ns1="http://localhost:8080/WsNFe2/lote" xmlns:tipos="http://localhost:8080/WsNFe2/tp" xmlns:xsi="http://www.w3.org/2001/XMLSchema-instance" xsi:schemaLocation="http://localhost:8080/WsNFe2/lote http://localhost:8080/WsNFe2/xsd/RetornoConsultaLote.xsd">
  <Cabecalho>
    <CodCidade>6291</CodCidade>
    <Sucesso>true</Sucesso>
    <NumeroLote>27455</NumeroLote>
    <CPFCNPJRemetente>56028251000139</CPFCNPJRemetente>
    <RazaoSocialRemetente>GAPLAN CAMINHOES LTDA</RazaoSocialRemetente>
    <DataEnvioLote>2010-02-23T00:00:00</DataEnvioLote>
    <QtdNotasProcessadas>1</QtdNotasProcessadas>
    <TempoProcessamento>0</TempoProcessamento>
    <ValorTotalServicos>98</ValorTotalServicos>
    <ValorTotalDeducoes>0</ValorTotalDeducoes>
    <Versao>1</Versao>
  </Cabecalho>
  <Alertas />
  <Erros />
  <ListaNFSe>
    <ConsultaNFSe>
      <InscricaoPrestador>000099210</InscricaoPrestador>
      <NumeroNFe>51</NumeroNFe>
      <CodigoVerificacao>7c0a82a5</CodigoVerificacao>
      <SerieRPS>NF</SerieRPS>
      <NumeroRPS>51</NumeroRPS>
      <DataEmissaoRPS>2010-02-23T00:00:00</DataEmissaoRPS>
      <RazaoSocialPrestador>GAPLAN CAMINHOES LTDA</RazaoSocialPrestador>
      <TipoRecolhimento>A</TipoRecolhimento>
      <ValorDeduzir>0</ValorDeduzir>
      <ValorTotal>98</ValorTotal>
      <Aliquota>5</Aliquota>
    </ConsultaNFSe>
  </ListaNFSe>
</ns1:RetornoConsultaLote>

