<?xml version="1.0" encoding="UTF-8"?>
<ns1:ReqEnvioLoteRPS xmlns:ns1="http://localhost:8080/WsNFe2/lote" xmlns:tipos="http://localhost:8080/WsNFe2/tp" xmlns:xsi="http://www.w3.org/2001/XMLSchema-instance" xsi:schemaLocation="http://localhost:8080/WsNFe2/lote http://localhost:8080/WsNFe2/xsd/ReqEnvioLoteRPS.xsd"><Cabecalho><CodCidade>5869</CodCidade><CPFCNPJRemetente>07457750000136</CPFCNPJRemetente><RazaoSocialRemetente>EMPRESA MODELO</RazaoSocialRemetente><transacao></transacao><dtInicio>2009-11-21</dtInicio><dtFim>2009-11-21</dtFim><QtdRPS>1</QtdRPS><ValorTotalServicos>95.00</ValorTotalServicos><ValorTotalDeducoes>5.00</ValorTotalDeducoes><Versao>1</Versao><MetodoEnvio>DMS</MetodoEnvio><VersaoComponente>1.0.0.3</VersaoComponente></Cabecalho><Lote Id="lote:1ABCDZ"><RPS Id="rps:84"><Assinatura>93febf6699c906ceb3419d4396328ce1603f5835</Assinatura><InscricaoMunicipalPrestador>0261998</InscricaoMunicipalPrestador><RazaoSocialPrestador>EMPRESA MODELO</RazaoSocialPrestador><TipoRPS>RPS</TipoRPS><SerieRPS>NF</SerieRPS><NumeroRPS>84</NumeroRPS><DataEmissaoRPS>2009-11-21T15:30:00</DataEmissaoRPS><SituacaoRPS>N</SituacaoRPS><SerieRPSSubstituido></SerieRPSSubstituido><NumeroRPSSubstituido>0</NumeroRPSSubstituido><NumeroNFSeSubstituida>0</NumeroNFSeSubstituida><DataEmissaoNFSeSubstituida>1900-01-01</DataEmissaoNFSeSubstituida><SeriePrestacao>99</SeriePrestacao><InscricaoMunicipalTomador>0000000</InscricaoMunicipalTomador><CPFCNPJTomador>00000000191</CPFCNPJTomador><RazaoSocialTomador>EMPRESA DE TESTES</RazaoSocialTomador><TipoLogradouroTomador>Rua</TipoLogradouroTomador><LogradouroTomador>SETE DE SETEMBRO</LogradouroTomador><NumeroEnderecoTomador>335</NumeroEnderecoTomador><ComplementoEnderecoTomador></ComplementoEnderecoTomador><TipoBairroTomador>Bairro</TipoBairroTomador><BairroTomador>Centro</BairroTomador><CidadeTomador>0001219</CidadeTomador><CidadeTomadorDescricao>TERESINA</CidadeTomadorDescricao><CEPTomador>64001210</CEPTomador><EmailTomador>res@bol.com.br</EmailTomador><CodigoAtividade>412040000</CodigoAtividade><AliquotaAtividade>5.00</AliquotaAtividade><TipoRecolhimento>A</TipoRecolhimento><MunicipioPrestacao>0001219</MunicipioPrestacao><MunicipioPrestacaoDescricao>TERESINA</MunicipioPrestacaoDescricao><Operacao>A</Operacao><Tributacao>T</Tributacao><ValorPIS>0.00</ValorPIS><ValorCOFINS>0.00</ValorCOFINS><ValorINSS>0.00</ValorINSS><ValorIR>0.00</ValorIR><ValorCSLL>0.00</ValorCSLL><AliquotaPIS>0.0000</AliquotaPIS><AliquotaCOFINS>0.0000</AliquotaCOFINS><AliquotaINSS>0.0000</AliquotaINSS><AliquotaIR>0.0000</AliquotaIR><AliquotaCSLL>0.0000</AliquotaCSLL><DescricaoRPS>MES/ANO DE REFERENCIA DA PRESTACAO DE SERVICO:12-2009 .VENCIMENTO =08/01/2010 VALOR LIQUIDO A PAGAR R$3669,38SERVICO DE PORTARIA -RPS enviado em teste</DescricaoRPS><DDDPrestador>011</DDDPrestador><TelefonePrestador>80804040</TelefonePrestador><DDDTomador>011</DDDTomador><TelefoneTomador>20203030</TelefoneTomador><MotCancelamento></MotCancelamento><CPFCNPJIntermediario></CPFCNPJIntermediario><Deducoes><Deducao><DeducaoPor>Valor</DeducaoPor><TipoDeducao>Despesas com Materiais</TipoDeducao><CPFCNPJReferencia></CPFCNPJReferencia><NumeroNFReferencia>0</NumeroNFReferencia><ValorTotalReferencia>0.00</ValorTotalReferencia><PercentualDeduzir>0.00</PercentualDeduzir><ValorDeduzir>5.00</ValorDeduzir></Deducao></Deducoes><Itens><Item><DiscriminacaoServico>Descricao do Servico ...</DiscriminacaoServico><Quantidade>1</Quantidade><ValorUnitario>100.0000</ValorUnitario><ValorTotal>100.00</ValorTotal></Item></Itens></RPS></Lote></ns1:ReqEnvioLoteRPS>
