<?xml version="1.0" encoding="ISO-8859-1"?>
<ns1:RetornoEnvioLoteRPS xmlns:ns1="lote" xmlns:tipos="tp" xmlns:xsi="http://www.w3.org/2001/XMLSchema-instance" xsi:schemaLocation="lote RetornoEnvioLoteRPS.xsd ">
  <Cabecalho>
    <CodCidade>5869</CodCidade>
    <Sucesso>false</Sucesso>
    <NumeroLote>23365</NumeroLote>
    <CPFCNPJRemetente>07457750000136</CPFCNPJRemetente>
    <DataEnvioLote>2010-03-03T14:45:21.0Z</DataEnvioLote>
    <QtdNotasProcessadas>0</QtdNotasProcessadas>
    <TempoProcessamento>0</TempoProcessamento>
    <ValorTotalServicos>0</ValorTotalServicos>
    <ValorTotalDeducoes>0</ValorTotalDeducoes>
    <Versao>1</Versao>
    <Assincrono>N</Assincrono>
  </Cabecalho>
  <Alertas />
  <Erros>
    <Erro>
      <Codigo>1430</Codigo>
      <Descricao>Contribuinte n�o credenciado. Fa�a o credenciamento no site da NFSe.</Descricao>
      <ChaveRPS>
        <InscricaoPrestador>261998</InscricaoPrestador>
        <SerieRPS>NF</SerieRPS>
        <NumeroRPS>84</NumeroRPS>
        <DataEmissaoRPS>2009-11-21T15:30:00</DataEmissaoRPS>
        <RazaoSocialPrestador>EMPRESA MODELO</RazaoSocialPrestador>
      </ChaveRPS>
    </Erro>
  </Erros>
  <ChavesNFSeRPS />
</ns1:RetornoEnvioLoteRPS>

