<?xml version="1.0" encoding="ISO-8859-1"?>
<ns1:RetornoEnvioLoteRPS xmlns:ns1="lote" xmlns:tipos="tp" xmlns:xsi="http://www.w3.org/2001/XMLSchema-instance" xsi:schemaLocation="lote RetornoEnvioLoteRPS.xsd ">
  <Cabecalho>
    <CodCidade>5403</CodCidade>
    <Sucesso>true</Sucesso>
    <NumeroLote>23484</NumeroLote>
    <CPFCNPJRemetente>07457750000136</CPFCNPJRemetente>
    <DataEnvioLote>2010-03-03T15:00:51.0Z</DataEnvioLote>
    <QtdNotasProcessadas>0</QtdNotasProcessadas>
    <TempoProcessamento>0</TempoProcessamento>
    <ValorTotalServicos>0</ValorTotalServicos>
    <ValorTotalDeducoes>0</ValorTotalDeducoes>
    <Versao>1</Versao>
    <Assincrono>S</Assincrono>
  </Cabecalho>
  <Alertas />
  <Erros />
  <ChavesNFSeRPS />
</ns1:RetornoEnvioLoteRPS>

