<?xml version="1.0" encoding="UTF-8"?>
<ns1:RetornoConsultaLote  xmlns:ns1="http://localhost:8080/WsNFe2/lote" xmlns:tipos="http://localhost:8080/WsNFe2/tp" xmlns:xsi="http://www.w3.org/2001/XMLSchema-instance" xsi:schemaLocation="http://localhost:8080/WsNFe2/lote http://localhost:8080/WsNFe2/xsd/RetornoConsultaLote.xsd">
  <Cabecalho>
    <CodCidade>1219</CodCidade>
    <Sucesso>true</Sucesso>
    <NumeroLote>29752</NumeroLote>
    <CPFCNPJRemetente>02646676000182</CPFCNPJRemetente>
    <RazaoSocialRemetente>DSF Desenvolvimento de Sistemas Fiscais Ltda</RazaoSocialRemetente>
    <DataEnvioLote>2010-02-27T00:00:00</DataEnvioLote>
    <QtdNotasProcessadas>1</QtdNotasProcessadas>
    <TempoProcessamento>0</TempoProcessamento>
    <ValorTotalServicos>1728</ValorTotalServicos>
    <ValorTotalDeducoes>0</ValorTotalDeducoes>
    <Versao>1</Versao>
  </Cabecalho>
  <Alertas />
  <Erros />
  <ListaNFSe>
    <ConsultaNFSe>
      <InscricaoPrestador>0370835</InscricaoPrestador>
      <NumeroNFe>34</NumeroNFe>
      <CodigoVerificacao>927f3610</CodigoVerificacao>
      <SerieRPS>NF</SerieRPS>
      <NumeroRPS>34</NumeroRPS>
      <DataEmissaoRPS>2010-02-27T00:00:00</DataEmissaoRPS>
      <RazaoSocialPrestador>CONSTRUTORA SOUSA E LIMA LTDA</RazaoSocialPrestador>
      <TipoRecolhimento>A</TipoRecolhimento>
      <ValorDeduzir>0</ValorDeduzir>
      <ValorTotal>1728</ValorTotal>
      <Aliquota>4.35</Aliquota>
    </ConsultaNFSe>
  </ListaNFSe>
</ns1:RetornoConsultaLote>

