<?xml version="1.0" encoding="ISO-8859-1"?>
<ns1:RetornoConsultaNotas xmlns:ns1="http://localhost/WsNFe" xmlns:p="http://www.w3.org/2000/09/xmldsig#" xmlns:tipos="http://localhost/WsNFe/xsd" xmlns:xsi="http://www.w3.org/2001/XMLSchema-instance" xsi:schemaLocation="http://localhost/WsNFe RetornoConsultaNotas_v01.xsd http://localhost/WsNFe/xsd xsd/Tipos_v01.xsd http://www.w3.org/2000/09/xmldsig# xsd/xmldsig-core-schema_v01.xsd ">
  <Cabecalho>
    <CodCidade>5869</CodCidade>
    <CPFCNPJRemetente>07457750000136</CPFCNPJRemetente>
    <InscricaoMunicipalPrestador>261998</InscricaoMunicipalPrestador>
    <dtInicio>2009-10-01</dtInicio>
    <dtFim>2010-12-30</dtFim>
    <Versao />
  </Cabecalho>
  <Notas>
    <Nota>
      <NumeroNota>1</NumeroNota>
      <DataProcessamento>2010-03-01T00:00:00</DataProcessamento>
      <NumeroLote>23370</NumeroLote>
      <CodigoVerificacao>5fbcbb0b</CodigoVerificacao>
      <Assinatura>d2c1102017b08266ed48795db4d04809f0a9476f</Assinatura>
      <InscricaoMunicipalPrestador>261998</InscricaoMunicipalPrestador>
      <RazaoSocialPrestador>SG DA COSTA CONTABILIDADE-ME</RazaoSocialPrestador>
      <TipoRPS>RPS</TipoRPS>
      <SerieRPS>NF</SerieRPS>
      <NumeroRPS>1</NumeroRPS>
      <DataEmissaoRPS>2010-03-01T00:00:00</DataEmissaoRPS>
      <SituacaoRPS>N</SituacaoRPS>
      <SerieRPSSubstituido />
      <NumeroRPSSubstituido />
      <NumeroNFSeSubstituida>0</NumeroNFSeSubstituida>
      <DataEmissaoNFSeSubstituida>1900-01-01T00:00:00</DataEmissaoNFSeSubstituida>
      <SeriePrestacao>99</SeriePrestacao>
      <InscricaoMunicipalTomador />
      <CPFCNPJTomador>00000000191</CPFCNPJTomador>
      <RazaoSocialTomador>EMPRESA DE TESTES</RazaoSocialTomador>
      <TipoLogradouroTomador>Rua</TipoLogradouroTomador>
      <LogradouroTomador>SETE DE SETEMBRO</LogradouroTomador>
      <NumeroEnderecoTomador>335</NumeroEnderecoTomador>
      <ComplementoEnderecoTomador />
      <TipoBairroTomador>Bairro</TipoBairroTomador>
      <BairroTomador>Centro</BairroTomador>
      <CidadeTomador>1219</CidadeTomador>
      <CidadeTomadorDescricao>TERESINA</CidadeTomadorDescricao>
      <CEPTomador>64001210</CEPTomador>
      <EmailTomador>res@bol.com.br</EmailTomador>
      <CodigoAtividade>829110000</CodigoAtividade>
      <AliquotaAtividade>5</AliquotaAtividade>
      <TipoRecolhimento>A</TipoRecolhimento>
      <MunicipioPrestacao>1219</MunicipioPrestacao>
      <MunicipioPrestacaoDescricao>TERESINA</MunicipioPrestacaoDescricao>
      <Operacao>A</Operacao>
      <Tributacao>T</Tributacao>
      <ValorPIS>0</ValorPIS>
      <ValorCOFINS>0</ValorCOFINS>
      <ValorINSS>0</ValorINSS>
      <ValorIR>0</ValorIR>
      <ValorCSLL>0</ValorCSLL>
      <AliquotaPIS>0</AliquotaPIS>
      <AliquotaCOFINS>0</AliquotaCOFINS>
      <AliquotaINSS>0</AliquotaINSS>
      <AliquotaIR>0</AliquotaIR>
      <AliquotaCSLL>0</AliquotaCSLL>
      <DescricaoRPS>MES/ANO DE REFERENCIA DA PRESTACAO DE SERVICO:12-2009 .VENCIMENTO =08/01/2010 VALOR LIQUIDO A PAGAR R$3669,38SERVICO DE PORTARIA -RPS enviado em teste</DescricaoRPS>
      <DDDPrestador>011</DDDPrestador>
      <TelefonePrestador>80804040</TelefonePrestador>
      <DDDTomador>011</DDDTomador>
      <TelefoneTomador>20203030</TelefoneTomador>
      <MotCancelamento />
      <Deducoes />
      <Itens>
        <Item>
          <DiscriminacaoServico>Descricao do Servico ...</DiscriminacaoServico>
          <Quantidade>1</Quantidade>
          <ValorUnitario>100</ValorUnitario>
          <ValorTotal>100</ValorTotal>
        </Item>
      </Itens>
    </Nota>
  </Notas>
</ns1:RetornoConsultaNotas>

