<?xml version="1.0" encoding="ISO-8859-1"?>
<ns1:RetornoConsultaNotas xmlns:ns1="http://localhost/WsNFe" xmlns:p="http://www.w3.org/2000/09/xmldsig#" xmlns:tipos="http://localhost/WsNFe/xsd" xmlns:xsi="http://www.w3.org/2001/XMLSchema-instance" xsi:schemaLocation="http://localhost/WsNFe RetornoConsultaNotas_v01.xsd http://localhost/WsNFe/xsd xsd/Tipos_v01.xsd http://www.w3.org/2000/09/xmldsig# xsd/xmldsig-core-schema_v01.xsd ">
  <Cabecalho>
    <CodCidade>5869</CodCidade>
    <CPFCNPJRemetente>07457750000136</CPFCNPJRemetente>
    <InscricaoMunicipalPrestador>261998</InscricaoMunicipalPrestador>
    <dtInicio>2009-10-01</dtInicio>
    <dtFim>2009-12-30</dtFim>
    <Versao />
  </Cabecalho>
  <Notas />
</ns1:RetornoConsultaNotas>

