<?xml version="1.0" encoding="UTF-8"?>
<ns1:ReqCancelamentoNFSe xmlns:ns1="http://localhost:8080/WsNFe2/lote"
	xmlns:tipos="http://localhost:8080/WsNFe2/tp" xmlns:xsi="http://www.w3.org/2001/XMLSchema-instance"
	xsi:schemaLocation="http://localhost:8080/WsNFe2/lote http://localhost:8080/WsNFe2/xsd/ReqCancelamentoNFSe.xsd">
	<Cabecalho>
		<CodCidade>1219</CodCidade>
		<CPFCNPJRemetente>02646676000182</CPFCNPJRemetente>
		<transacao>true</transacao>
		<Versao>1</Versao>
	</Cabecalho>
	<Lote Id="lote:1ABCDZ">
		<Nota Id="nota:1">
			<InscricaoMunicipalPrestador>0370835</InscricaoMunicipalPrestador>
			<NumeroNota>1</NumeroNota>
			<CodigoVerificacao>98d0e61d</CodigoVerificacao>
			<MotivoCancelamento>Teste de cancelamento</MotivoCancelamento> 
		</Nota>
	</Lote>
</ns1:ReqCancelamentoNFSe>
