<?xml version="1.0" encoding="ISO-8859-1"?>
<ns1:RetornoCancelamentoNFSe xmlns:ns1="http://localhost/WsNFe" xmlns:p="http://www.w3.org/2000/09/xmldsig#" xmlns:tipos="http://localhost/WsNFe/xsd" xmlns:xsi="http://www.w3.org/2001/XMLSchema-instance" xsi:schemaLocation="http://localhost/WsNFe RetornoCancelamentoNFSe_v01.xsd http://localhost/WsNFe/xsd xsd/Tipos_v01.xsd http://www.w3.org/2000/09/xmldsig# xsd/xmldsig-core-schema_v01.xsd ">
  <Cabecalho>
    <Sucesso>true</Sucesso>
    <Versao>1</Versao>
  </Cabecalho>
  <NotasCanceladas>
    <Nota>
      <InscricaoPrestador>0370835</InscricaoPrestador>
      <NumeroNota>14</NumeroNota>
      <CodigoVerificacao>9e0bdbae607e734bae3599c8814ce32e7dce5e59</CodigoVerificacao>
    </Nota>
  </NotasCanceladas>
  <Alertas />
  <Erros />
</ns1:RetornoCancelamentoNFSe>

