<?xml version="1.0" encoding="UTF-8"?>
<ns1:ReqEnvioLoteRPS xmlns:ns1="http://localhost:8080/WsNFe2/lote" xmlns:tipos="http://localhost:8080/WsNFe2/tp" xmlns:xsi="http://www.w3.org/2001/XMLSchema-instance" xsi:schemaLocation="http://localhost:8080/WsNFe2/lote http://localhost:8080/WsNFe2/xsd/ReqEnvioLoteRPS.xsd"><Cabecalho><CodCidade>7145</CodCidade><CPFCNPJRemetente>02852715000106</CPFCNPJRemetente><RazaoSocialRemetente>EMPRESA MODELO</RazaoSocialRemetente><transacao></transacao><dtInicio>2011-03-01</dtInicio><dtFim>2011-03-01</dtFim><QtdRPS>1</QtdRPS><ValorTotalServicos>241.96</ValorTotalServicos><ValorTotalDeducoes>0.00</ValorTotalDeducoes><Versao>1</Versao><MetodoEnvio>ws</MetodoEnvio></Cabecalho><Lote Id="lote:1ABCDZ"><RPS Id="rps:1"><Assinatura>2bf8c80de09c9a6fef2b9a2a0a5877eb81a74a8d</Assinatura><InscricaoMunicipalPrestador>000132683</InscricaoMunicipalPrestador><RazaoSocialPrestador>EMPRESA MODELO</RazaoSocialPrestador><TipoRPS>RPS</TipoRPS><SerieRPS>NF</SerieRPS><NumeroRPS>1</NumeroRPS><DataEmissaoRPS>2011-03-01T15:30:00</DataEmissaoRPS><SituacaoRPS>N</SituacaoRPS><SerieRPSSubstituido></SerieRPSSubstituido><NumeroRPSSubstituido>0</NumeroRPSSubstituido><NumeroNFSeSubstituida>0</NumeroNFSeSubstituida><DataEmissaoNFSeSubstituida>1900-01-01</DataEmissaoNFSeSubstituida><SeriePrestacao>99</SeriePrestacao><InscricaoMunicipalTomador>0000000</InscricaoMunicipalTomador><CPFCNPJTomador>00000000191</CPFCNPJTomador><RazaoSocialTomador>EMPRESA DE TESTES</RazaoSocialTomador><DocTomadorEstrangeiro>4568456</DocTomadorEstrangeiro><TipoLogradouroTomador>Rua</TipoLogradouroTomador><LogradouroTomador>SETE DE SETEMBRO</LogradouroTomador><NumeroEnderecoTomador>335</NumeroEnderecoTomador><ComplementoEnderecoTomador></ComplementoEnderecoTomador><TipoBairroTomador>Bairro</TipoBairroTomador><BairroTomador>Centro</BairroTomador><CidadeTomador>0007145</CidadeTomador><CidadeTomadorDescricao>Sorocaba</CidadeTomadorDescricao><CEPTomador>64001210</CEPTomador><EmailTomador>res@bol.com.br</EmailTomador><CodigoAtividade>331390100</CodigoAtividade><AliquotaAtividade>5.00</AliquotaAtividade><TipoRecolhimento>A</TipoRecolhimento><MunicipioPrestacao>0007145</MunicipioPrestacao><MunicipioPrestacaoDescricao>Sorocaba</MunicipioPrestacaoDescricao><Operacao>A</Operacao><Tributacao>T</Tributacao><ValorPIS>0.00</ValorPIS><ValorCOFINS>0.00</ValorCOFINS><ValorINSS>0.00</ValorINSS><ValorIR>0.00</ValorIR><ValorCSLL>0.00</ValorCSLL><AliquotaPIS>0.0000</AliquotaPIS><AliquotaCOFINS>0.0000</AliquotaCOFINS><AliquotaINSS>0.0000</AliquotaINSS><AliquotaIR>0.0000</AliquotaIR><AliquotaCSLL>0.0000</AliquotaCSLL><DescricaoRPS>Servico de processamento de dados</DescricaoRPS><DDDPrestador>011</DDDPrestador><TelefonePrestador>80804040</TelefonePrestador><DDDTomador>011</DDDTomador><TelefoneTomador>20203030</TelefoneTomador><MotCancelamento></MotCancelamento><CPFCNPJIntermediario></CPFCNPJIntermediario><Deducoes/><Itens><Item><DiscriminacaoServico>Descricao do Servico ...</DiscriminacaoServico><Quantidade>1.5555</Quantidade><ValorUnitario>155.5555</ValorUnitario><ValorTotal>241.96</ValorTotal><Tributavel>S</Tributavel></Item></Itens></RPS></Lote></ns1:ReqEnvioLoteRPS>
