<?xml version="1.0" encoding="ISO-8859-1"?>
<ns1:RetornoConsultaLote xmlns:ns1="http://localhost/WsNFe" xmlns:p="http://www.w3.org/2000/09/xmldsig#" xmlns:tipos="http://localhost/WsNFe/xsd" xmlns:xsi="http://www.w3.org/2001/XMLSchema-instance" xsi:schemaLocation="http://localhost/WsNFe RetornoConsultaLote_v01.xsd http://localhost/WsNFe/xsd xsd/Tipos_v01.xsd http://www.w3.org/2000/09/xmldsig# xsd/xmldsig-core-schema_v01.xsd ">
  <Cabecalho>
    <CodCidade>9051</CodCidade>
    <Sucesso>false</Sucesso>
    <NumeroLote>15999</NumeroLote>
    <CPFCNPJRemetente>00000000226750</CPFCNPJRemetente>
    <RazaoSocialRemetente>EMPRESA TOMADORA</RazaoSocialRemetente>
    <DataEnvioLote>2009-12-15T00:00:00</DataEnvioLote>
    <QtdNotasProcessadas>0</QtdNotasProcessadas>
    <TempoProcessamento>0</TempoProcessamento>
    <ValorTotalServicos>0</ValorTotalServicos>
    <ValorTotalDeducoes>0</ValorTotalDeducoes>
    <Versao>1</Versao>
  </Cabecalho>
  <Alertas />
  <Erros>
    <Erro>
      <Codigo>305</Codigo>
      <Descricao>O Valor das deducoes devera ser superior ou igual a R$ 0,00 (zero).</Descricao>
      <ChaveRPS>
        <InscricaoPrestador>00002836068</InscricaoPrestador>
        <SerieRPS>NF</SerieRPS>
        <NumeroRPS>1</NumeroRPS>
        <DataEmissaoRPS>2009-12-01T15:30:00</DataEmissaoRPS>
        <RazaoSocialPrestador>EMPRESA MODELO</RazaoSocialPrestador>
      </ChaveRPS>
    </Erro>
    <Erro>
      <Codigo>310</Codigo>
      <Descricao>Codigo da Atividade nao permitida para o Prestador. A atividade de codigo 476360100 nao pertence ao prestador.</Descricao>
      <ChaveRPS>
        <InscricaoPrestador>00002836068</InscricaoPrestador>
        <SerieRPS>NF</SerieRPS>
        <NumeroRPS>1</NumeroRPS>
        <DataEmissaoRPS>2009-12-01T15:30:00</DataEmissaoRPS>
        <RazaoSocialPrestador>EMPRESA MODELO</RazaoSocialPrestador>
      </ChaveRPS>
    </Erro>
  </Erros>
  <ListaNFSe />
</ns1:RetornoConsultaLote>

