<?xml version="1.0" encoding="ISO-8859-1"?>
<ns1:RetornoConsultaLote xmlns:ns1="http://localhost/WsNFe" xmlns:p="http://www.w3.org/2000/09/xmldsig#" xmlns:tipos="http://localhost/WsNFe/xsd" xmlns:xsi="http://www.w3.org/2001/XMLSchema-instance" xsi:schemaLocation="http://localhost/WsNFe RetornoConsultaLote_v01.xsd http://localhost/WsNFe/xsd xsd/Tipos_v01.xsd http://www.w3.org/2000/09/xmldsig# xsd/xmldsig-core-schema_v01.xsd ">
  <Cabecalho>
    <CodCidade>9051</CodCidade>
    <Sucesso>true</Sucesso>
    <NumeroLote>16001</NumeroLote>
    <CPFCNPJRemetente>00000000481602</CPFCNPJRemetente>
    <RazaoSocialRemetente>BANCO DO BRASIL S.A.</RazaoSocialRemetente>
    <DataEnvioLote>2009-12-15T00:00:00</DataEnvioLote>
    <QtdNotasProcessadas>1</QtdNotasProcessadas>
    <TempoProcessamento>0</TempoProcessamento>
    <ValorTotalServicos>12000.12</ValorTotalServicos>
    <ValorTotalDeducoes>0</ValorTotalDeducoes>
    <Versao>1</Versao>
  </Cabecalho>
  <Alertas />
  <Erros />
  <ListaNFSe>
    <ConsultaNFSe>
      <InscricaoPrestador>00002836262</InscricaoPrestador>
      <NumeroNFe>1</NumeroNFe>
      <CodigoVerificacao>4df49962</CodigoVerificacao>
      <SerieRPS>NF</SerieRPS>
      <NumeroRPS>1</NumeroRPS>
      <DataEmissaoRPS>2009-12-01 00:00:00.0</DataEmissaoRPS>
      <RazaoSocialPrestador>BANCO DO BRASIL S.A.</RazaoSocialPrestador>
      <TipoRecolhimento>A</TipoRecolhimento>
      <ValorDeduzir>0</ValorDeduzir>
      <ValorTotal>12000.12</ValorTotal>
      <Aliquota>5</Aliquota>
    </ConsultaNFSe>
  </ListaNFSe>
</ns1:RetornoConsultaLote>

