<?xml version="1.0" encoding="UTF-8"?>
<ns1:RetornoConsultaLote  xmlns:ns1="http://localhost:8080/WsNFe2/lote" xmlns:tipos="http://localhost:8080/WsNFe2/tp" xmlns:xsi="http://www.w3.org/2001/XMLSchema-instance" xsi:schemaLocation="http://localhost:8080/WsNFe2/lote http://localhost:8080/WsNFe2/xsd/RetornoConsultaLote.xsd">
  <Cabecalho>
    <CodCidade>7145</CodCidade>
    <Sucesso>false</Sucesso>
    <NumeroLote>224727</NumeroLote>
    <CPFCNPJRemetente>02852715000106</CPFCNPJRemetente>
    <RazaoSocialRemetente>EMPRESA MODELO</RazaoSocialRemetente>
    <DataEnvioLote>2011-03-03T17:20:22</DataEnvioLote>
    <QtdNotasProcessadas>0</QtdNotasProcessadas>
    <TempoProcessamento>0</TempoProcessamento>
    <ValorTotalServicos>0</ValorTotalServicos>
    <ValorTotalDeducoes>0</ValorTotalDeducoes>
    <Versao>1</Versao>
  </Cabecalho>
  <Alertas>
    <Alerta>
      <Codigo>1409</Codigo>
      <Descricao>Lote nao assinado</Descricao>
    </Alerta>
  </Alertas>
  <Erros>
    <Erro>
      <Codigo>1433</Codigo>
      <Descricao>Contribuinte nao credenciado para o metodo de integracao com a NFSe utilizado. Contribuinte credenciado para lancamento de NFS-e pelo sistema DMS.</Descricao>
      <ChaveRPS>
        <InscricaoPrestador>000132683</InscricaoPrestador>
        <SerieRPS>NF</SerieRPS>
        <NumeroRPS>1</NumeroRPS>
        <DataEmissaoRPS>2011-03-01T15:30:00</DataEmissaoRPS>
        <RazaoSocialPrestador>EMPRESA MODELO</RazaoSocialPrestador>
      </ChaveRPS>
    </Erro>
    <Erro>
      <Codigo>335</Codigo>
      <Descricao>Numero do RPS deve ser subsequente ao anterior enviado.Foi enviado o RPS 1 para ser convertido, porem o proximo RPS deve ser o 16 na Serie de Prestacao 99.</Descricao>
      <ChaveRPS>
        <InscricaoPrestador>000132683</InscricaoPrestador>
        <SerieRPS>NF</SerieRPS>
        <NumeroRPS>1</NumeroRPS>
        <DataEmissaoRPS>2011-03-01T15:30:00</DataEmissaoRPS>
        <RazaoSocialPrestador>EMPRESA MODELO</RazaoSocialPrestador>
      </ChaveRPS>
    </Erro>
    <Erro>
      <Codigo>310</Codigo>
      <Descricao>Codigo da Atividade nao permitida para o Prestador. A atividade de CNAE 331390100 nao esta vinculada ao prestador.</Descricao>
      <ChaveRPS>
        <InscricaoPrestador>000132683</InscricaoPrestador>
        <SerieRPS>NF</SerieRPS>
        <NumeroRPS>1</NumeroRPS>
        <DataEmissaoRPS>2011-03-01T15:30:00</DataEmissaoRPS>
        <RazaoSocialPrestador>EMPRESA MODELO</RazaoSocialPrestador>
      </ChaveRPS>
    </Erro>
    <Erro>
      <Codigo>218</Codigo>
      <Descricao>RPS ja processado. O RPS nao podera ser enviado novamente.O RPS 1 foi enviado anteriormente no lote 190619.</Descricao>
      <ChaveRPS>
        <InscricaoPrestador>000132683</InscricaoPrestador>
        <SerieRPS>NF</SerieRPS>
        <NumeroRPS>1</NumeroRPS>
        <DataEmissaoRPS>2011-03-01T15:30:00</DataEmissaoRPS>
        <RazaoSocialPrestador>EMPRESA MODELO</RazaoSocialPrestador>
      </ChaveRPS>
    </Erro>
  </Erros>
  <ListaNFSe />
</ns1:RetornoConsultaLote>

