<?xml version="1.0" encoding="UTF-8"?>
<ns1:ReqEnvioLoteRPS xmlns:ns1="http://localhost:8080/WsNFe2/lote" xmlns:tipos="http://localhost:8080/WsNFe2/tp" xmlns:xsi="http://www.w3.org/2001/XMLSchema-instance" xsi:schemaLocation="http://localhost:8080/WsNFe2/lote http://localhost:8080/WsNFe2/xsd/ReqEnvioLoteRPS.xsd"><Cabecalho><CodCidade>1219</CodCidade><CPFCNPJRemetente>02646676000182</CPFCNPJRemetente><RazaoSocialRemetente>EMPRESA MODELO</RazaoSocialRemetente><transacao></transacao><dtInicio>2010-03-03</dtInicio><dtFim>2010-03-03</dtFim><QtdRPS>1</QtdRPS><ValorTotalServicos>241.97</ValorTotalServicos><ValorTotalDeducoes>0.00</ValorTotalDeducoes><Versao>1</Versao><MetodoEnvio>DLL</MetodoEnvio><VersaoComponente>1.0.0.4</VersaoComponente></Cabecalho><Lote Id="lote:1ABCDZ"><RPS Id="rps:46"><Assinatura>ce497e231fdec4205ee5744651ee4a3e58468a81</Assinatura><InscricaoMunicipalPrestador>0370835</InscricaoMunicipalPrestador><RazaoSocialPrestador>EMPRESA MODELO</RazaoSocialPrestador><TipoRPS>RPS</TipoRPS><SerieRPS>NF</SerieRPS><NumeroRPS>46</NumeroRPS><DataEmissaoRPS>2010-03-03T15:30:00</DataEmissaoRPS><SituacaoRPS>N</SituacaoRPS><SerieRPSSubstituido></SerieRPSSubstituido><NumeroRPSSubstituido>0</NumeroRPSSubstituido><NumeroNFSeSubstituida>0</NumeroNFSeSubstituida><DataEmissaoNFSeSubstituida>1900-01-01</DataEmissaoNFSeSubstituida><SeriePrestacao>99</SeriePrestacao><InscricaoMunicipalTomador>0000000</InscricaoMunicipalTomador><CPFCNPJTomador>00000000191</CPFCNPJTomador><RazaoSocialTomador>EMPRESA DE TESTES</RazaoSocialTomador><TipoLogradouroTomador>Rua</TipoLogradouroTomador><LogradouroTomador>SETE DE SETEMBRO</LogradouroTomador><NumeroEnderecoTomador>335</NumeroEnderecoTomador><ComplementoEnderecoTomador></ComplementoEnderecoTomador><TipoBairroTomador>Bairro</TipoBairroTomador><BairroTomador>Centro</BairroTomador><CidadeTomador>0001219</CidadeTomador><CidadeTomadorDescricao>TERESINA</CidadeTomadorDescricao><CEPTomador>64001210</CEPTomador><EmailTomador>res@bol.com.br;reginaldo.felix@dsfnet.com.br</EmailTomador><CodigoAtividade>412040000</CodigoAtividade><AliquotaAtividade>5.00</AliquotaAtividade><TipoRecolhimento>A</TipoRecolhimento><MunicipioPrestacao>0001219</MunicipioPrestacao><MunicipioPrestacaoDescricao>TERESINA</MunicipioPrestacaoDescricao><Operacao>A</Operacao><Tributacao>T</Tributacao><ValorPIS>0.00</ValorPIS><ValorCOFINS>0.00</ValorCOFINS><ValorINSS>0.00</ValorINSS><ValorIR>0.00</ValorIR><ValorCSLL>0.00</ValorCSLL><AliquotaPIS>0.0000</AliquotaPIS><AliquotaCOFINS>0.0000</AliquotaCOFINS><AliquotaINSS>0.0000</AliquotaINSS><AliquotaIR>0.0000</AliquotaIR><AliquotaCSLL>0.0000</AliquotaCSLL><DescricaoRPS>MES/ANO DE REFERENCIA DA PRESTACAO DE SERVICO:12-2009 .VENCIMENTO =08/01/2010 VALOR LIQUIDO A PAGAR R$3669,38SERVICO DE PORTARIA -RPS enviado em teste</DescricaoRPS><DDDPrestador>011</DDDPrestador><TelefonePrestador>80804040</TelefonePrestador><DDDTomador>011</DDDTomador><TelefoneTomador>20203030</TelefoneTomador><MotCancelamento></MotCancelamento><CPFCNPJIntermediario></CPFCNPJIntermediario><Deducoes/><Itens><Item><DiscriminacaoServico>Descricao do Servico ...</DiscriminacaoServico><Quantidade>1.5555</Quantidade><ValorUnitario>155.5555</ValorUnitario><ValorTotal>241.96</ValorTotal><Tributavel>S</Tributavel></Item></Itens></RPS></Lote></ns1:ReqEnvioLoteRPS>
