<?xml version="1.0" encoding="UTF-8"?>
<ns1:ReqEnvioLoteRPS xmlns:ns1="http://localhost:8080/WsNFe2/lote" xmlns:tipos="http://localhost:8080/WsNFe2/tp" xmlns:xsi="http://www.w3.org/2001/XMLSchema-instance" xsi:schemaLocation="http://localhost:8080/WsNFe2/lote http://localhost:8080/WsNFe2/xsd/ReqEnvioLoteRPS.xsd"><Cabecalho><CodCidade>1219</CodCidade><CPFCNPJRemetente>02646676000182</CPFCNPJRemetente><RazaoSocialRemetente>TESTE CONTRIBUINTE</RazaoSocialRemetente><transacao></transacao><dtInicio>2010-04-08</dtInicio><dtFim>2010-04-08</dtFim><QtdRPS>1</QtdRPS><ValorTotalServicos>100.00</ValorTotalServicos><ValorTotalDeducoes>0.00</ValorTotalDeducoes><Versao>1</Versao><MetodoEnvio>DLL</MetodoEnvio><VersaoComponente>1.0.0.4</VersaoComponente></Cabecalho><Lote Id="lote:1ABCDZ"><RPS Id="rps:171"><Assinatura>7394c6d70763ecf676fc95fc55a7257d6f636289</Assinatura><InscricaoMunicipalPrestador>0370835</InscricaoMunicipalPrestador><RazaoSocialPrestador>REMETENTE DE TESTE</RazaoSocialPrestador><TipoRPS>RPS</TipoRPS><SerieRPS>NF</SerieRPS><NumeroRPS>171</NumeroRPS><DataEmissaoRPS>2010-04-08T00:00:00</DataEmissaoRPS><SituacaoRPS>N</SituacaoRPS><SerieRPSSubstituido></SerieRPSSubstituido><NumeroRPSSubstituido>0</NumeroRPSSubstituido><NumeroNFSeSubstituida>0</NumeroNFSeSubstituida><DataEmissaoNFSeSubstituida>1900-01-01</DataEmissaoNFSeSubstituida><SeriePrestacao>99</SeriePrestacao><InscricaoMunicipalTomador>0000000</InscricaoMunicipalTomador><CPFCNPJTomador>04975345684</CPFCNPJTomador><RazaoSocialTomador>teste</RazaoSocialTomador><TipoLogradouroTomador>rua</TipoLogradouroTomador><LogradouroTomador>teste</LogradouroTomador><NumeroEnderecoTomador>9</NumeroEnderecoTomador><ComplementoEnderecoTomador>9</ComplementoEnderecoTomador><TipoBairroTomador>bairro</TipoBairroTomador><BairroTomador>teste</BairroTomador><CidadeTomador>0001219</CidadeTomador><CidadeTomadorDescricao>teresina</CidadeTomadorDescricao><CEPTomador>05010040</CEPTomador><EmailTomador>-</EmailTomador><CodigoAtividade>412040000</CodigoAtividade><AliquotaAtividade>5.00</AliquotaAtividade><TipoRecolhimento>R</TipoRecolhimento><MunicipioPrestacao>0001219</MunicipioPrestacao><MunicipioPrestacaoDescricao>TERESINA</MunicipioPrestacaoDescricao><Operacao>A</Operacao><Tributacao>T</Tributacao><ValorPIS>0.00</ValorPIS><ValorCOFINS>0.00</ValorCOFINS><ValorINSS>0.00</ValorINSS><ValorIR>0.00</ValorIR><ValorCSLL>0.00</ValorCSLL><AliquotaPIS>0.0000</AliquotaPIS><AliquotaCOFINS>0.0000</AliquotaCOFINS><AliquotaINSS>0.0000</AliquotaINSS><AliquotaIR>0.0000</AliquotaIR><AliquotaCSLL>0.0000</AliquotaCSLL><DescricaoRPS></DescricaoRPS><DDDPrestador></DDDPrestador><TelefonePrestador></TelefonePrestador><DDDTomador></DDDTomador><TelefoneTomador></TelefoneTomador><MotCancelamento></MotCancelamento><CPFCNPJIntermediario></CPFCNPJIntermediario><Deducoes/><Itens><Item><DiscriminacaoServico>T5ESTE</DiscriminacaoServico><Quantidade>1.0000</Quantidade><ValorUnitario>100.0000</ValorUnitario><ValorTotal>100.00</ValorTotal><Tributavel>S</Tributavel></Item></Itens></RPS></Lote></ns1:ReqEnvioLoteRPS>
