<?xml version="1.0" encoding="UTF-8"?>
<ns1:ReqEnvioLoteRPS xmlns:ns1="http://localhost:8080/WsNFe2/lote" xmlns:tipos="http://localhost:8080/WsNFe2/tp" xmlns:xsi="http://www.w3.org/2001/XMLSchema-instance" xsi:schemaLocation="http://localhost:8080/WsNFe2/lote http://localhost:8080/WsNFe2/xsd/ReqEnvioLoteRPS.xsd"><Cabecalho><CodCidade>1219</CodCidade><CPFCNPJRemetente>02646676000182</CPFCNPJRemetente><RazaoSocialRemetente>EMPRESA MODELO</RazaoSocialRemetente><transacao></transacao><dtInicio>2009-11-21</dtInicio><dtFim>2009-11-21</dtFim><QtdRPS>1</QtdRPS><ValorTotalServicos>155.00</ValorTotalServicos><ValorTotalDeducoes>5.00</ValorTotalDeducoes><Versao>1</Versao><MetodoEnvio>DLL</MetodoEnvio><VersaoComponente>1.0.0.4</VersaoComponente></Cabecalho><Lote Id="lote:1ABCDZ"><RPS Id="rps:3"><Assinatura>fc686021bf3984323450b6891092564822cc3128</Assinatura><InscricaoMunicipalPrestador>0370835</InscricaoMunicipalPrestador><RazaoSocialPrestador>EMPRESA MODELO</RazaoSocialPrestador><TipoRPS>RPS</TipoRPS><SerieRPS>NF</SerieRPS><NumeroRPS>3</NumeroRPS><DataEmissaoRPS>2009-11-21T15:30:00</DataEmissaoRPS><SituacaoRPS>N</SituacaoRPS><SerieRPSSubstituido></SerieRPSSubstituido><NumeroRPSSubstituido>0</NumeroRPSSubstituido><NumeroNFSeSubstituida>0</NumeroNFSeSubstituida><DataEmissaoNFSeSubstituida>1900-01-01</DataEmissaoNFSeSubstituida><SeriePrestacao>99</SeriePrestacao><InscricaoMunicipalTomador>0000000</InscricaoMunicipalTomador><CPFCNPJTomador>00000000191</CPFCNPJTomador><RazaoSocialTomador>Pessoa Fisica</RazaoSocialTomador><TipoLogradouroTomador>Rua</TipoLogradouroTomador><LogradouroTomador>Rua Padre Xavier</LogradouroTomador><NumeroEnderecoTomador>30</NumeroEnderecoTomador><ComplementoEnderecoTomador></ComplementoEnderecoTomador><TipoBairroTomador>Bairro</TipoBairroTomador><BairroTomador>Fatima</BairroTomador><CidadeTomador>0001219</CidadeTomador><CidadeTomadorDescricao>Teresina</CidadeTomadorDescricao><CEPTomador>65031340</CEPTomador><EmailTomador>res@bol.com.br</EmailTomador><CodigoAtividade>412040000</CodigoAtividade><AliquotaAtividade>5.00</AliquotaAtividade><TipoRecolhimento>A</TipoRecolhimento><MunicipioPrestacao>0001219</MunicipioPrestacao><MunicipioPrestacaoDescricao>Teresina</MunicipioPrestacaoDescricao><Operacao>B</Operacao><Tributacao>T</Tributacao><ValorPIS>0.00</ValorPIS><ValorCOFINS>0.00</ValorCOFINS><ValorINSS>0.00</ValorINSS><ValorIR>0.00</ValorIR><ValorCSLL>0.00</ValorCSLL><AliquotaPIS>0.0000</AliquotaPIS><AliquotaCOFINS>0.0000</AliquotaCOFINS><AliquotaINSS>0.0000</AliquotaINSS><AliquotaIR>0.0000</AliquotaIR><AliquotaCSLL>0.0000</AliquotaCSLL><DescricaoRPS>RPS enviado em teste</DescricaoRPS><DDDPrestador>011</DDDPrestador><TelefonePrestador>80804040</TelefonePrestador><DDDTomador>011</DDDTomador><TelefoneTomador>80804040</TelefoneTomador><MotCancelamento></MotCancelamento><CPFCNPJIntermediario></CPFCNPJIntermediario><Deducoes><Deducao><DeducaoPor>Valor</DeducaoPor><TipoDeducao>Despesas com Materiais</TipoDeducao><CPFCNPJReferencia></CPFCNPJReferencia><NumeroNFReferencia>48</NumeroNFReferencia><ValorTotalReferencia>100.00</ValorTotalReferencia><PercentualDeduzir>0.00</PercentualDeduzir><ValorDeduzir>5.00</ValorDeduzir></Deducao></Deducoes><Itens><Item><DiscriminacaoServico>Servico ...</DiscriminacaoServico><Quantidade>4.0000</Quantidade><ValorUnitario>40.0000</ValorUnitario><ValorTotal>160.00</ValorTotal><Tributavel>S</Tributavel></Item></Itens></RPS></Lote></ns1:ReqEnvioLoteRPS>
