<?xml version="1.0" encoding="UTF-8"?>
<ns1_ReqConsultaNotas xmlns:ns1="http://localhost:8080/WsNFe2/lote" xmlns:tipos="http://localhost:8080/WsNFe2/tp" xmlns:xsi="http://www.w3.org/2001/XMLSchema-instance" xsi:schemaLocation="http://localhost:8080/WsNFe2/lote http://localhost:8080/WsNFe2/xsd/ReqConsultaNotas.xsd"><Cabecalho><CodCidade>9051</CodCidade><CPFCNPJRemetente>03315918000118</CPFCNPJRemetente><InscricaoMunicipalPrestador>00002738007</InscricaoMunicipalPrestador><dtInicio>2010-04-06</dtInicio><dtFim>2010-04-06</dtFim><Versao>1</Versao></Cabecalho></ns1_ReqConsultaNotas>
