<?xml version="1.0" encoding="UTF-8"?>
<ns1:ReqEnvioLoteRPS xmlns:ns1="http://localhost:8080/WsNFe2/lote" xmlns:tipos="http://localhost:8080/WsNFe2/tp" xmlns:xsi="http://www.w3.org/2001/XMLSchema-instance" xsi:schemaLocation="http://localhost:8080/WsNFe2/lote http://localhost:8080/WsNFe2/xsd/ReqEnvioLoteRPS.xsd"><Cabecalho><CodCidade>5403</CodCidade><CPFCNPJRemetente>08035967000110</CPFCNPJRemetente><RazaoSocialRemetente>EMPRESA RESP. MODELO</RazaoSocialRemetente><transacao></transacao><dtInicio>2010-04-01</dtInicio><dtFim>2010-04-01</dtFim><QtdRPS>1</QtdRPS><ValorTotalServicos>25.00</ValorTotalServicos><ValorTotalDeducoes>0.00</ValorTotalDeducoes><Versao>1</Versao><MetodoEnvio>DLL</MetodoEnvio><VersaoComponente>1.0.0.4</VersaoComponente></Cabecalho><Lote Id="lote:1ABCDZ"><RPS Id="rps:12"><Assinatura>fe9fffbe8d4949945db98c8449951d8c1292a418</Assinatura><InscricaoMunicipalPrestador>17904300</InscricaoMunicipalPrestador><RazaoSocialPrestador>EMPRESA MODELO</RazaoSocialPrestador><TipoRPS>RPS</TipoRPS><SerieRPS>NF</SerieRPS><NumeroRPS>12</NumeroRPS><DataEmissaoRPS>2010-04-01T00:00:00</DataEmissaoRPS><SituacaoRPS>N</SituacaoRPS><SerieRPSSubstituido></SerieRPSSubstituido><NumeroRPSSubstituido>0</NumeroRPSSubstituido><NumeroNFSeSubstituida>0</NumeroNFSeSubstituida><DataEmissaoNFSeSubstituida>1900-01-01</DataEmissaoNFSeSubstituida><SeriePrestacao>99</SeriePrestacao><InscricaoMunicipalTomador>0000000</InscricaoMunicipalTomador><CPFCNPJTomador>04975345684</CPFCNPJTomador><RazaoSocialTomador>REGINALDO DONI</RazaoSocialTomador><TipoLogradouroTomador>RUA</TipoLogradouroTomador><LogradouroTomador>TTESTE</LogradouroTomador><NumeroEnderecoTomador>4</NumeroEnderecoTomador><ComplementoEnderecoTomador>4</ComplementoEnderecoTomador><TipoBairroTomador>BAIRRO</TipoBairroTomador><BairroTomador>CENTRO</BairroTomador><CidadeTomador>0005403</CidadeTomador><CidadeTomadorDescricao>UBERLANDIA</CidadeTomadorDescricao><CEPTomador>05010040</CEPTomador><EmailTomador>regifelix@gmail.com</EmailTomador><CodigoAtividade>620230000</CodigoAtividade><AliquotaAtividade>2.00</AliquotaAtividade><TipoRecolhimento>R</TipoRecolhimento><MunicipioPrestacao>0005403</MunicipioPrestacao><MunicipioPrestacaoDescricao>UBERLANDIA</MunicipioPrestacaoDescricao><Operacao>A</Operacao><Tributacao>T</Tributacao><ValorPIS>0.00</ValorPIS><ValorCOFINS>0.00</ValorCOFINS><ValorINSS>0.00</ValorINSS><ValorIR>0.00</ValorIR><ValorCSLL>0.00</ValorCSLL><AliquotaPIS>0.0000</AliquotaPIS><AliquotaCOFINS>0.0000</AliquotaCOFINS><AliquotaINSS>0.0000</AliquotaINSS><AliquotaIR>0.0000</AliquotaIR><AliquotaCSLL>0.0000</AliquotaCSLL><DescricaoRPS>TESTE</DescricaoRPS><DDDPrestador></DDDPrestador><TelefonePrestador></TelefonePrestador><DDDTomador></DDDTomador><TelefoneTomador></TelefoneTomador><MotCancelamento></MotCancelamento><CPFCNPJIntermediario></CPFCNPJIntermediario><Deducoes/><Itens><Item><DiscriminacaoServico>TESTE</DiscriminacaoServico><Quantidade>5.0000</Quantidade><ValorUnitario>5.0000</ValorUnitario><ValorTotal>25.00</ValorTotal><Tributavel>S</Tributavel></Item></Itens></RPS></Lote></ns1:ReqEnvioLoteRPS>
