<?xml version="1.0" encoding="UTF-8"?>
<ns1:RetornoConsultaLote  xmlns:ns1="http://localhost:8080/WsNFe2/lote" xmlns:tipos="http://localhost:8080/WsNFe2/tp" xmlns:xsi="http://www.w3.org/2001/XMLSchema-instance" xsi:schemaLocation="http://localhost:8080/WsNFe2/lote http://localhost:8080/WsNFe2/xsd/RetornoConsultaLote.xsd">
  <Cabecalho>
    <CodCidade>9051</CodCidade>
    <Sucesso>true</Sucesso>
    <NumeroLote>55536</NumeroLote>
    <CPFCNPJRemetente>03315918000118</CPFCNPJRemetente>
    <RazaoSocialRemetente>UNIMED CAMPO GRANDE MS COOPERATIVA DE TRABALHO MEDICO</RazaoSocialRemetente>
    <DataEnvioLote>2010-04-08T00:00:00</DataEnvioLote>
    <QtdNotasProcessadas>100</QtdNotasProcessadas>
    <TempoProcessamento>0</TempoProcessamento>
    <ValorTotalServicos>29633.93</ValorTotalServicos>
    <ValorTotalDeducoes>0</ValorTotalDeducoes>
    <Versao>1</Versao>
  </Cabecalho>
  <Alertas />
  <Erros />
  <ListaNFSe>
    <ConsultaNFSe>
      <InscricaoPrestador>00002738007</InscricaoPrestador>
      <NumeroNFe>46861</NumeroNFe>
      <CodigoVerificacao>2993f40c</CodigoVerificacao>
      <SerieRPS>NF</SerieRPS>
      <NumeroRPS>46861</NumeroRPS>
      <DataEmissaoRPS>2010-04-08T00:00:00</DataEmissaoRPS>
      <RazaoSocialPrestador>UNIMED CAMPO GRANDE MS COOPERATIVA DE TRABALHO MEDICO</RazaoSocialPrestador>
      <TipoRecolhimento>A</TipoRecolhimento>
      <ValorDeduzir>0</ValorDeduzir>
      <ValorTotal>229.9</ValorTotal>
      <Aliquota>0</Aliquota>
    </ConsultaNFSe>
    <ConsultaNFSe>
      <InscricaoPrestador>00002738007</InscricaoPrestador>
      <NumeroNFe>46862</NumeroNFe>
      <CodigoVerificacao>d9733234</CodigoVerificacao>
      <SerieRPS>NF</SerieRPS>
      <NumeroRPS>46862</NumeroRPS>
      <DataEmissaoRPS>2010-04-08T00:00:00</DataEmissaoRPS>
      <RazaoSocialPrestador>UNIMED CAMPO GRANDE MS COOPERATIVA DE TRABALHO MEDICO</RazaoSocialPrestador>
      <TipoRecolhimento>A</TipoRecolhimento>
      <ValorDeduzir>0</ValorDeduzir>
      <ValorTotal>97.32</ValorTotal>
      <Aliquota>0</Aliquota>
    </ConsultaNFSe>
    <ConsultaNFSe>
      <InscricaoPrestador>00002738007</InscricaoPrestador>
      <NumeroNFe>46863</NumeroNFe>
      <CodigoVerificacao>20a607a8</CodigoVerificacao>
      <SerieRPS>NF</SerieRPS>
      <NumeroRPS>46863</NumeroRPS>
      <DataEmissaoRPS>2010-04-08T00:00:00</DataEmissaoRPS>
      <RazaoSocialPrestador>UNIMED CAMPO GRANDE MS COOPERATIVA DE TRABALHO MEDICO</RazaoSocialPrestador>
      <TipoRecolhimento>A</TipoRecolhimento>
      <ValorDeduzir>0</ValorDeduzir>
      <ValorTotal>791.88</ValorTotal>
      <Aliquota>0</Aliquota>
    </ConsultaNFSe>
    <ConsultaNFSe>
      <InscricaoPrestador>00002738007</InscricaoPrestador>
      <NumeroNFe>46864</NumeroNFe>
      <CodigoVerificacao>fd9e6fa4</CodigoVerificacao>
      <SerieRPS>NF</SerieRPS>
      <NumeroRPS>46864</NumeroRPS>
      <DataEmissaoRPS>2010-04-08T00:00:00</DataEmissaoRPS>
      <RazaoSocialPrestador>UNIMED CAMPO GRANDE MS COOPERATIVA DE TRABALHO MEDICO</RazaoSocialPrestador>
      <TipoRecolhimento>A</TipoRecolhimento>
      <ValorDeduzir>0</ValorDeduzir>
      <ValorTotal>105.78</ValorTotal>
      <Aliquota>0</Aliquota>
    </ConsultaNFSe>
    <ConsultaNFSe>
      <InscricaoPrestador>00002738007</InscricaoPrestador>
      <NumeroNFe>46865</NumeroNFe>
      <CodigoVerificacao>bc0bacab</CodigoVerificacao>
      <SerieRPS>NF</SerieRPS>
      <NumeroRPS>46865</NumeroRPS>
      <DataEmissaoRPS>2010-04-08T00:00:00</DataEmissaoRPS>
      <RazaoSocialPrestador>UNIMED CAMPO GRANDE MS COOPERATIVA DE TRABALHO MEDICO</RazaoSocialPrestador>
      <TipoRecolhimento>A</TipoRecolhimento>
      <ValorDeduzir>0</ValorDeduzir>
      <ValorTotal>500.54</ValorTotal>
      <Aliquota>0</Aliquota>
    </ConsultaNFSe>
    <ConsultaNFSe>
      <InscricaoPrestador>00002738007</InscricaoPrestador>
      <NumeroNFe>46866</NumeroNFe>
      <CodigoVerificacao>2b5a2c80</CodigoVerificacao>
      <SerieRPS>NF</SerieRPS>
      <NumeroRPS>46866</NumeroRPS>
      <DataEmissaoRPS>2010-04-08T00:00:00</DataEmissaoRPS>
      <RazaoSocialPrestador>UNIMED CAMPO GRANDE MS COOPERATIVA DE TRABALHO MEDICO</RazaoSocialPrestador>
      <TipoRecolhimento>A</TipoRecolhimento>
      <ValorDeduzir>0</ValorDeduzir>
      <ValorTotal>241.2</ValorTotal>
      <Aliquota>0</Aliquota>
    </ConsultaNFSe>
    <ConsultaNFSe>
      <InscricaoPrestador>00002738007</InscricaoPrestador>
      <NumeroNFe>46867</NumeroNFe>
      <CodigoVerificacao>2d3062da</CodigoVerificacao>
      <SerieRPS>NF</SerieRPS>
      <NumeroRPS>46867</NumeroRPS>
      <DataEmissaoRPS>2010-04-08T00:00:00</DataEmissaoRPS>
      <RazaoSocialPrestador>UNIMED CAMPO GRANDE MS COOPERATIVA DE TRABALHO MEDICO</RazaoSocialPrestador>
      <TipoRecolhimento>A</TipoRecolhimento>
      <ValorDeduzir>0</ValorDeduzir>
      <ValorTotal>275.11</ValorTotal>
      <Aliquota>0</Aliquota>
    </ConsultaNFSe>
    <ConsultaNFSe>
      <InscricaoPrestador>00002738007</InscricaoPrestador>
      <NumeroNFe>46868</NumeroNFe>
      <CodigoVerificacao>8e6991d1</CodigoVerificacao>
      <SerieRPS>NF</SerieRPS>
      <NumeroRPS>46868</NumeroRPS>
      <DataEmissaoRPS>2010-04-08T00:00:00</DataEmissaoRPS>
      <RazaoSocialPrestador>UNIMED CAMPO GRANDE MS COOPERATIVA DE TRABALHO MEDICO</RazaoSocialPrestador>
      <TipoRecolhimento>A</TipoRecolhimento>
      <ValorDeduzir>0</ValorDeduzir>
      <ValorTotal>89.93</ValorTotal>
      <Aliquota>0</Aliquota>
    </ConsultaNFSe>
    <ConsultaNFSe>
      <InscricaoPrestador>00002738007</InscricaoPrestador>
      <NumeroNFe>46869</NumeroNFe>
      <CodigoVerificacao>9220ca94</CodigoVerificacao>
      <SerieRPS>NF</SerieRPS>
      <NumeroRPS>46869</NumeroRPS>
      <DataEmissaoRPS>2010-04-08T00:00:00</DataEmissaoRPS>
      <RazaoSocialPrestador>UNIMED CAMPO GRANDE MS COOPERATIVA DE TRABALHO MEDICO</RazaoSocialPrestador>
      <TipoRecolhimento>A</TipoRecolhimento>
      <ValorDeduzir>0</ValorDeduzir>
      <ValorTotal>116.76</ValorTotal>
      <Aliquota>0</Aliquota>
    </ConsultaNFSe>
    <ConsultaNFSe>
      <InscricaoPrestador>00002738007</InscricaoPrestador>
      <NumeroNFe>46870</NumeroNFe>
      <CodigoVerificacao>704891d8</CodigoVerificacao>
      <SerieRPS>NF</SerieRPS>
      <NumeroRPS>46870</NumeroRPS>
      <DataEmissaoRPS>2010-04-08T00:00:00</DataEmissaoRPS>
      <RazaoSocialPrestador>UNIMED CAMPO GRANDE MS COOPERATIVA DE TRABALHO MEDICO</RazaoSocialPrestador>
      <TipoRecolhimento>A</TipoRecolhimento>
      <ValorDeduzir>0</ValorDeduzir>
      <ValorTotal>958.44</ValorTotal>
      <Aliquota>0</Aliquota>
    </ConsultaNFSe>
    <ConsultaNFSe>
      <InscricaoPrestador>00002738007</InscricaoPrestador>
      <NumeroNFe>46871</NumeroNFe>
      <CodigoVerificacao>1d0575a5</CodigoVerificacao>
      <SerieRPS>NF</SerieRPS>
      <NumeroRPS>46871</NumeroRPS>
      <DataEmissaoRPS>2010-04-08T00:00:00</DataEmissaoRPS>
      <RazaoSocialPrestador>UNIMED CAMPO GRANDE MS COOPERATIVA DE TRABALHO MEDICO</RazaoSocialPrestador>
      <TipoRecolhimento>A</TipoRecolhimento>
      <ValorDeduzir>0</ValorDeduzir>
      <ValorTotal>144.8</ValorTotal>
      <Aliquota>0</Aliquota>
    </ConsultaNFSe>
    <ConsultaNFSe>
      <InscricaoPrestador>00002738007</InscricaoPrestador>
      <NumeroNFe>46872</NumeroNFe>
      <CodigoVerificacao>78ab46a0</CodigoVerificacao>
      <SerieRPS>NF</SerieRPS>
      <NumeroRPS>46872</NumeroRPS>
      <DataEmissaoRPS>2010-04-08T00:00:00</DataEmissaoRPS>
      <RazaoSocialPrestador>UNIMED CAMPO GRANDE MS COOPERATIVA DE TRABALHO MEDICO</RazaoSocialPrestador>
      <TipoRecolhimento>A</TipoRecolhimento>
      <ValorDeduzir>0</ValorDeduzir>
      <ValorTotal>144.8</ValorTotal>
      <Aliquota>0</Aliquota>
    </ConsultaNFSe>
    <ConsultaNFSe>
      <InscricaoPrestador>00002738007</InscricaoPrestador>
      <NumeroNFe>46873</NumeroNFe>
      <CodigoVerificacao>0d643443</CodigoVerificacao>
      <SerieRPS>NF</SerieRPS>
      <NumeroRPS>46873</NumeroRPS>
      <DataEmissaoRPS>2010-04-08T00:00:00</DataEmissaoRPS>
      <RazaoSocialPrestador>UNIMED CAMPO GRANDE MS COOPERATIVA DE TRABALHO MEDICO</RazaoSocialPrestador>
      <TipoRecolhimento>A</TipoRecolhimento>
      <ValorDeduzir>0</ValorDeduzir>
      <ValorTotal>795.52</ValorTotal>
      <Aliquota>0</Aliquota>
    </ConsultaNFSe>
    <ConsultaNFSe>
      <InscricaoPrestador>00002738007</InscricaoPrestador>
      <NumeroNFe>46874</NumeroNFe>
      <CodigoVerificacao>7a282260</CodigoVerificacao>
      <SerieRPS>NF</SerieRPS>
      <NumeroRPS>46874</NumeroRPS>
      <DataEmissaoRPS>2010-04-08T00:00:00</DataEmissaoRPS>
      <RazaoSocialPrestador>UNIMED CAMPO GRANDE MS COOPERATIVA DE TRABALHO MEDICO</RazaoSocialPrestador>
      <TipoRecolhimento>A</TipoRecolhimento>
      <ValorDeduzir>0</ValorDeduzir>
      <ValorTotal>338.49</ValorTotal>
      <Aliquota>0</Aliquota>
    </ConsultaNFSe>
    <ConsultaNFSe>
      <InscricaoPrestador>00002738007</InscricaoPrestador>
      <NumeroNFe>46875</NumeroNFe>
      <CodigoVerificacao>e468930a</CodigoVerificacao>
      <SerieRPS>NF</SerieRPS>
      <NumeroRPS>46875</NumeroRPS>
      <DataEmissaoRPS>2010-04-08T00:00:00</DataEmissaoRPS>
      <RazaoSocialPrestador>UNIMED CAMPO GRANDE MS COOPERATIVA DE TRABALHO MEDICO</RazaoSocialPrestador>
      <TipoRecolhimento>A</TipoRecolhimento>
      <ValorDeduzir>0</ValorDeduzir>
      <ValorTotal>185.62</ValorTotal>
      <Aliquota>0</Aliquota>
    </ConsultaNFSe>
    <ConsultaNFSe>
      <InscricaoPrestador>00002738007</InscricaoPrestador>
      <NumeroNFe>46876</NumeroNFe>
      <CodigoVerificacao>14b19e13</CodigoVerificacao>
      <SerieRPS>NF</SerieRPS>
      <NumeroRPS>46876</NumeroRPS>
      <DataEmissaoRPS>2010-04-08T00:00:00</DataEmissaoRPS>
      <RazaoSocialPrestador>UNIMED CAMPO GRANDE MS COOPERATIVA DE TRABALHO MEDICO</RazaoSocialPrestador>
      <TipoRecolhimento>A</TipoRecolhimento>
      <ValorDeduzir>0</ValorDeduzir>
      <ValorTotal>182.8</ValorTotal>
      <Aliquota>0</Aliquota>
    </ConsultaNFSe>
    <ConsultaNFSe>
      <InscricaoPrestador>00002738007</InscricaoPrestador>
      <NumeroNFe>46877</NumeroNFe>
      <CodigoVerificacao>6feebd97</CodigoVerificacao>
      <SerieRPS>NF</SerieRPS>
      <NumeroRPS>46877</NumeroRPS>
      <DataEmissaoRPS>2010-04-08T00:00:00</DataEmissaoRPS>
      <RazaoSocialPrestador>UNIMED CAMPO GRANDE MS COOPERATIVA DE TRABALHO MEDICO</RazaoSocialPrestador>
      <TipoRecolhimento>A</TipoRecolhimento>
      <ValorDeduzir>0</ValorDeduzir>
      <ValorTotal>132.36</ValorTotal>
      <Aliquota>0</Aliquota>
    </ConsultaNFSe>
    <ConsultaNFSe>
      <InscricaoPrestador>00002738007</InscricaoPrestador>
      <NumeroNFe>46878</NumeroNFe>
      <CodigoVerificacao>bb151ce2</CodigoVerificacao>
      <SerieRPS>NF</SerieRPS>
      <NumeroRPS>46878</NumeroRPS>
      <DataEmissaoRPS>2010-04-08T00:00:00</DataEmissaoRPS>
      <RazaoSocialPrestador>UNIMED CAMPO GRANDE MS COOPERATIVA DE TRABALHO MEDICO</RazaoSocialPrestador>
      <TipoRecolhimento>A</TipoRecolhimento>
      <ValorDeduzir>0</ValorDeduzir>
      <ValorTotal>182.8</ValorTotal>
      <Aliquota>0</Aliquota>
    </ConsultaNFSe>
    <ConsultaNFSe>
      <InscricaoPrestador>00002738007</InscricaoPrestador>
      <NumeroNFe>46879</NumeroNFe>
      <CodigoVerificacao>281dbdc7</CodigoVerificacao>
      <SerieRPS>NF</SerieRPS>
      <NumeroRPS>46879</NumeroRPS>
      <DataEmissaoRPS>2010-04-08T00:00:00</DataEmissaoRPS>
      <RazaoSocialPrestador>UNIMED CAMPO GRANDE MS COOPERATIVA DE TRABALHO MEDICO</RazaoSocialPrestador>
      <TipoRecolhimento>A</TipoRecolhimento>
      <ValorDeduzir>0</ValorDeduzir>
      <ValorTotal>133.34</ValorTotal>
      <Aliquota>0</Aliquota>
    </ConsultaNFSe>
    <ConsultaNFSe>
      <InscricaoPrestador>00002738007</InscricaoPrestador>
      <NumeroNFe>46880</NumeroNFe>
      <CodigoVerificacao>0d2f16b7</CodigoVerificacao>
      <SerieRPS>NF</SerieRPS>
      <NumeroRPS>46880</NumeroRPS>
      <DataEmissaoRPS>2010-04-08T00:00:00</DataEmissaoRPS>
      <RazaoSocialPrestador>UNIMED CAMPO GRANDE MS COOPERATIVA DE TRABALHO MEDICO</RazaoSocialPrestador>
      <TipoRecolhimento>A</TipoRecolhimento>
      <ValorDeduzir>0</ValorDeduzir>
      <ValorTotal>226.57</ValorTotal>
      <Aliquota>0</Aliquota>
    </ConsultaNFSe>
    <ConsultaNFSe>
      <InscricaoPrestador>00002738007</InscricaoPrestador>
      <NumeroNFe>46881</NumeroNFe>
      <CodigoVerificacao>9189e8b3</CodigoVerificacao>
      <SerieRPS>NF</SerieRPS>
      <NumeroRPS>46881</NumeroRPS>
      <DataEmissaoRPS>2010-04-08T00:00:00</DataEmissaoRPS>
      <RazaoSocialPrestador>UNIMED CAMPO GRANDE MS COOPERATIVA DE TRABALHO MEDICO</RazaoSocialPrestador>
      <TipoRecolhimento>A</TipoRecolhimento>
      <ValorDeduzir>0</ValorDeduzir>
      <ValorTotal>166.18</ValorTotal>
      <Aliquota>0</Aliquota>
    </ConsultaNFSe>
    <ConsultaNFSe>
      <InscricaoPrestador>00002738007</InscricaoPrestador>
      <NumeroNFe>46882</NumeroNFe>
      <CodigoVerificacao>6e69e7de</CodigoVerificacao>
      <SerieRPS>NF</SerieRPS>
      <NumeroRPS>46882</NumeroRPS>
      <DataEmissaoRPS>2010-04-08T00:00:00</DataEmissaoRPS>
      <RazaoSocialPrestador>UNIMED CAMPO GRANDE MS COOPERATIVA DE TRABALHO MEDICO</RazaoSocialPrestador>
      <TipoRecolhimento>A</TipoRecolhimento>
      <ValorDeduzir>0</ValorDeduzir>
      <ValorTotal>146.59</ValorTotal>
      <Aliquota>0</Aliquota>
    </ConsultaNFSe>
    <ConsultaNFSe>
      <InscricaoPrestador>00002738007</InscricaoPrestador>
      <NumeroNFe>46883</NumeroNFe>
      <CodigoVerificacao>c9515aae</CodigoVerificacao>
      <SerieRPS>NF</SerieRPS>
      <NumeroRPS>46883</NumeroRPS>
      <DataEmissaoRPS>2010-04-08T00:00:00</DataEmissaoRPS>
      <RazaoSocialPrestador>UNIMED CAMPO GRANDE MS COOPERATIVA DE TRABALHO MEDICO</RazaoSocialPrestador>
      <TipoRecolhimento>A</TipoRecolhimento>
      <ValorDeduzir>0</ValorDeduzir>
      <ValorTotal>404.82</ValorTotal>
      <Aliquota>0</Aliquota>
    </ConsultaNFSe>
    <ConsultaNFSe>
      <InscricaoPrestador>00002738007</InscricaoPrestador>
      <NumeroNFe>46884</NumeroNFe>
      <CodigoVerificacao>753c9563</CodigoVerificacao>
      <SerieRPS>NF</SerieRPS>
      <NumeroRPS>46884</NumeroRPS>
      <DataEmissaoRPS>2010-04-08T00:00:00</DataEmissaoRPS>
      <RazaoSocialPrestador>UNIMED CAMPO GRANDE MS COOPERATIVA DE TRABALHO MEDICO</RazaoSocialPrestador>
      <TipoRecolhimento>A</TipoRecolhimento>
      <ValorDeduzir>0</ValorDeduzir>
      <ValorTotal>578.35</ValorTotal>
      <Aliquota>0</Aliquota>
    </ConsultaNFSe>
    <ConsultaNFSe>
      <InscricaoPrestador>00002738007</InscricaoPrestador>
      <NumeroNFe>46885</NumeroNFe>
      <CodigoVerificacao>d6ff0230</CodigoVerificacao>
      <SerieRPS>NF</SerieRPS>
      <NumeroRPS>46885</NumeroRPS>
      <DataEmissaoRPS>2010-04-08T00:00:00</DataEmissaoRPS>
      <RazaoSocialPrestador>UNIMED CAMPO GRANDE MS COOPERATIVA DE TRABALHO MEDICO</RazaoSocialPrestador>
      <TipoRecolhimento>A</TipoRecolhimento>
      <ValorDeduzir>0</ValorDeduzir>
      <ValorTotal>181.54</ValorTotal>
      <Aliquota>0</Aliquota>
    </ConsultaNFSe>
    <ConsultaNFSe>
      <InscricaoPrestador>00002738007</InscricaoPrestador>
      <NumeroNFe>46886</NumeroNFe>
      <CodigoVerificacao>19086f7d</CodigoVerificacao>
      <SerieRPS>NF</SerieRPS>
      <NumeroRPS>46886</NumeroRPS>
      <DataEmissaoRPS>2010-04-08T00:00:00</DataEmissaoRPS>
      <RazaoSocialPrestador>UNIMED CAMPO GRANDE MS COOPERATIVA DE TRABALHO MEDICO</RazaoSocialPrestador>
      <TipoRecolhimento>A</TipoRecolhimento>
      <ValorDeduzir>0</ValorDeduzir>
      <ValorTotal>248.2</ValorTotal>
      <Aliquota>0</Aliquota>
    </ConsultaNFSe>
    <ConsultaNFSe>
      <InscricaoPrestador>00002738007</InscricaoPrestador>
      <NumeroNFe>46887</NumeroNFe>
      <CodigoVerificacao>c11adbbe</CodigoVerificacao>
      <SerieRPS>NF</SerieRPS>
      <NumeroRPS>46887</NumeroRPS>
      <DataEmissaoRPS>2010-04-08T00:00:00</DataEmissaoRPS>
      <RazaoSocialPrestador>UNIMED CAMPO GRANDE MS COOPERATIVA DE TRABALHO MEDICO</RazaoSocialPrestador>
      <TipoRecolhimento>A</TipoRecolhimento>
      <ValorDeduzir>0</ValorDeduzir>
      <ValorTotal>249.2</ValorTotal>
      <Aliquota>0</Aliquota>
    </ConsultaNFSe>
    <ConsultaNFSe>
      <InscricaoPrestador>00002738007</InscricaoPrestador>
      <NumeroNFe>46888</NumeroNFe>
      <CodigoVerificacao>ddc4ffe0</CodigoVerificacao>
      <SerieRPS>NF</SerieRPS>
      <NumeroRPS>46888</NumeroRPS>
      <DataEmissaoRPS>2010-04-08T00:00:00</DataEmissaoRPS>
      <RazaoSocialPrestador>UNIMED CAMPO GRANDE MS COOPERATIVA DE TRABALHO MEDICO</RazaoSocialPrestador>
      <TipoRecolhimento>A</TipoRecolhimento>
      <ValorDeduzir>0</ValorDeduzir>
      <ValorTotal>248.87</ValorTotal>
      <Aliquota>0</Aliquota>
    </ConsultaNFSe>
    <ConsultaNFSe>
      <InscricaoPrestador>00002738007</InscricaoPrestador>
      <NumeroNFe>46889</NumeroNFe>
      <CodigoVerificacao>d1befa52</CodigoVerificacao>
      <SerieRPS>NF</SerieRPS>
      <NumeroRPS>46889</NumeroRPS>
      <DataEmissaoRPS>2010-04-08T00:00:00</DataEmissaoRPS>
      <RazaoSocialPrestador>UNIMED CAMPO GRANDE MS COOPERATIVA DE TRABALHO MEDICO</RazaoSocialPrestador>
      <TipoRecolhimento>A</TipoRecolhimento>
      <ValorDeduzir>0</ValorDeduzir>
      <ValorTotal>166.18</ValorTotal>
      <Aliquota>0</Aliquota>
    </ConsultaNFSe>
    <ConsultaNFSe>
      <InscricaoPrestador>00002738007</InscricaoPrestador>
      <NumeroNFe>46890</NumeroNFe>
      <CodigoVerificacao>08f85063</CodigoVerificacao>
      <SerieRPS>NF</SerieRPS>
      <NumeroRPS>46890</NumeroRPS>
      <DataEmissaoRPS>2010-04-08T00:00:00</DataEmissaoRPS>
      <RazaoSocialPrestador>UNIMED CAMPO GRANDE MS COOPERATIVA DE TRABALHO MEDICO</RazaoSocialPrestador>
      <TipoRecolhimento>A</TipoRecolhimento>
      <ValorDeduzir>0</ValorDeduzir>
      <ValorTotal>106.7</ValorTotal>
      <Aliquota>0</Aliquota>
    </ConsultaNFSe>
    <ConsultaNFSe>
      <InscricaoPrestador>00002738007</InscricaoPrestador>
      <NumeroNFe>46891</NumeroNFe>
      <CodigoVerificacao>1fb515c9</CodigoVerificacao>
      <SerieRPS>NF</SerieRPS>
      <NumeroRPS>46891</NumeroRPS>
      <DataEmissaoRPS>2010-04-08T00:00:00</DataEmissaoRPS>
      <RazaoSocialPrestador>UNIMED CAMPO GRANDE MS COOPERATIVA DE TRABALHO MEDICO</RazaoSocialPrestador>
      <TipoRecolhimento>A</TipoRecolhimento>
      <ValorDeduzir>0</ValorDeduzir>
      <ValorTotal>182.79</ValorTotal>
      <Aliquota>0</Aliquota>
    </ConsultaNFSe>
    <ConsultaNFSe>
      <InscricaoPrestador>00002738007</InscricaoPrestador>
      <NumeroNFe>46892</NumeroNFe>
      <CodigoVerificacao>799f20dd</CodigoVerificacao>
      <SerieRPS>NF</SerieRPS>
      <NumeroRPS>46892</NumeroRPS>
      <DataEmissaoRPS>2010-04-08T00:00:00</DataEmissaoRPS>
      <RazaoSocialPrestador>UNIMED CAMPO GRANDE MS COOPERATIVA DE TRABALHO MEDICO</RazaoSocialPrestador>
      <TipoRecolhimento>A</TipoRecolhimento>
      <ValorDeduzir>0</ValorDeduzir>
      <ValorTotal>110.68</ValorTotal>
      <Aliquota>0</Aliquota>
    </ConsultaNFSe>
    <ConsultaNFSe>
      <InscricaoPrestador>00002738007</InscricaoPrestador>
      <NumeroNFe>46893</NumeroNFe>
      <CodigoVerificacao>ea1a042a</CodigoVerificacao>
      <SerieRPS>NF</SerieRPS>
      <NumeroRPS>46893</NumeroRPS>
      <DataEmissaoRPS>2010-04-08T00:00:00</DataEmissaoRPS>
      <RazaoSocialPrestador>UNIMED CAMPO GRANDE MS COOPERATIVA DE TRABALHO MEDICO</RazaoSocialPrestador>
      <TipoRecolhimento>A</TipoRecolhimento>
      <ValorDeduzir>0</ValorDeduzir>
      <ValorTotal>123.63</ValorTotal>
      <Aliquota>0</Aliquota>
    </ConsultaNFSe>
    <ConsultaNFSe>
      <InscricaoPrestador>00002738007</InscricaoPrestador>
      <NumeroNFe>46894</NumeroNFe>
      <CodigoVerificacao>cae1439a</CodigoVerificacao>
      <SerieRPS>NF</SerieRPS>
      <NumeroRPS>46894</NumeroRPS>
      <DataEmissaoRPS>2010-04-08T00:00:00</DataEmissaoRPS>
      <RazaoSocialPrestador>UNIMED CAMPO GRANDE MS COOPERATIVA DE TRABALHO MEDICO</RazaoSocialPrestador>
      <TipoRecolhimento>A</TipoRecolhimento>
      <ValorDeduzir>0</ValorDeduzir>
      <ValorTotal>184.04</ValorTotal>
      <Aliquota>0</Aliquota>
    </ConsultaNFSe>
    <ConsultaNFSe>
      <InscricaoPrestador>00002738007</InscricaoPrestador>
      <NumeroNFe>46895</NumeroNFe>
      <CodigoVerificacao>b1d76a2a</CodigoVerificacao>
      <SerieRPS>NF</SerieRPS>
      <NumeroRPS>46895</NumeroRPS>
      <DataEmissaoRPS>2010-04-08T00:00:00</DataEmissaoRPS>
      <RazaoSocialPrestador>UNIMED CAMPO GRANDE MS COOPERATIVA DE TRABALHO MEDICO</RazaoSocialPrestador>
      <TipoRecolhimento>A</TipoRecolhimento>
      <ValorDeduzir>0</ValorDeduzir>
      <ValorTotal>167.01</ValorTotal>
      <Aliquota>0</Aliquota>
    </ConsultaNFSe>
    <ConsultaNFSe>
      <InscricaoPrestador>00002738007</InscricaoPrestador>
      <NumeroNFe>46896</NumeroNFe>
      <CodigoVerificacao>d12a3edf</CodigoVerificacao>
      <SerieRPS>NF</SerieRPS>
      <NumeroRPS>46896</NumeroRPS>
      <DataEmissaoRPS>2010-04-08T00:00:00</DataEmissaoRPS>
      <RazaoSocialPrestador>UNIMED CAMPO GRANDE MS COOPERATIVA DE TRABALHO MEDICO</RazaoSocialPrestador>
      <TipoRecolhimento>A</TipoRecolhimento>
      <ValorDeduzir>0</ValorDeduzir>
      <ValorTotal>108.47</ValorTotal>
      <Aliquota>0</Aliquota>
    </ConsultaNFSe>
    <ConsultaNFSe>
      <InscricaoPrestador>00002738007</InscricaoPrestador>
      <NumeroNFe>46897</NumeroNFe>
      <CodigoVerificacao>606b8042</CodigoVerificacao>
      <SerieRPS>NF</SerieRPS>
      <NumeroRPS>46897</NumeroRPS>
      <DataEmissaoRPS>2010-04-08T00:00:00</DataEmissaoRPS>
      <RazaoSocialPrestador>UNIMED CAMPO GRANDE MS COOPERATIVA DE TRABALHO MEDICO</RazaoSocialPrestador>
      <TipoRecolhimento>A</TipoRecolhimento>
      <ValorDeduzir>0</ValorDeduzir>
      <ValorTotal>99.28</ValorTotal>
      <Aliquota>0</Aliquota>
    </ConsultaNFSe>
    <ConsultaNFSe>
      <InscricaoPrestador>00002738007</InscricaoPrestador>
      <NumeroNFe>46898</NumeroNFe>
      <CodigoVerificacao>1f7947a0</CodigoVerificacao>
      <SerieRPS>NF</SerieRPS>
      <NumeroRPS>46898</NumeroRPS>
      <DataEmissaoRPS>2010-04-08T00:00:00</DataEmissaoRPS>
      <RazaoSocialPrestador>UNIMED CAMPO GRANDE MS COOPERATIVA DE TRABALHO MEDICO</RazaoSocialPrestador>
      <TipoRecolhimento>A</TipoRecolhimento>
      <ValorDeduzir>0</ValorDeduzir>
      <ValorTotal>321.24</ValorTotal>
      <Aliquota>0</Aliquota>
    </ConsultaNFSe>
    <ConsultaNFSe>
      <InscricaoPrestador>00002738007</InscricaoPrestador>
      <NumeroNFe>46899</NumeroNFe>
      <CodigoVerificacao>981e9945</CodigoVerificacao>
      <SerieRPS>NF</SerieRPS>
      <NumeroRPS>46899</NumeroRPS>
      <DataEmissaoRPS>2010-04-08T00:00:00</DataEmissaoRPS>
      <RazaoSocialPrestador>UNIMED CAMPO GRANDE MS COOPERATIVA DE TRABALHO MEDICO</RazaoSocialPrestador>
      <TipoRecolhimento>A</TipoRecolhimento>
      <ValorDeduzir>0</ValorDeduzir>
      <ValorTotal>108.47</ValorTotal>
      <Aliquota>0</Aliquota>
    </ConsultaNFSe>
    <ConsultaNFSe>
      <InscricaoPrestador>00002738007</InscricaoPrestador>
      <NumeroNFe>46900</NumeroNFe>
      <CodigoVerificacao>d791649f</CodigoVerificacao>
      <SerieRPS>NF</SerieRPS>
      <NumeroRPS>46900</NumeroRPS>
      <DataEmissaoRPS>2010-04-08T00:00:00</DataEmissaoRPS>
      <RazaoSocialPrestador>UNIMED CAMPO GRANDE MS COOPERATIVA DE TRABALHO MEDICO</RazaoSocialPrestador>
      <TipoRecolhimento>A</TipoRecolhimento>
      <ValorDeduzir>0</ValorDeduzir>
      <ValorTotal>108.47</ValorTotal>
      <Aliquota>0</Aliquota>
    </ConsultaNFSe>
    <ConsultaNFSe>
      <InscricaoPrestador>00002738007</InscricaoPrestador>
      <NumeroNFe>46901</NumeroNFe>
      <CodigoVerificacao>37fce11e</CodigoVerificacao>
      <SerieRPS>NF</SerieRPS>
      <NumeroRPS>46901</NumeroRPS>
      <DataEmissaoRPS>2010-04-08T00:00:00</DataEmissaoRPS>
      <RazaoSocialPrestador>UNIMED CAMPO GRANDE MS COOPERATIVA DE TRABALHO MEDICO</RazaoSocialPrestador>
      <TipoRecolhimento>A</TipoRecolhimento>
      <ValorDeduzir>0</ValorDeduzir>
      <ValorTotal>269.87</ValorTotal>
      <Aliquota>0</Aliquota>
    </ConsultaNFSe>
    <ConsultaNFSe>
      <InscricaoPrestador>00002738007</InscricaoPrestador>
      <NumeroNFe>46902</NumeroNFe>
      <CodigoVerificacao>22f1a3a4</CodigoVerificacao>
      <SerieRPS>NF</SerieRPS>
      <NumeroRPS>46902</NumeroRPS>
      <DataEmissaoRPS>2010-04-08T00:00:00</DataEmissaoRPS>
      <RazaoSocialPrestador>UNIMED CAMPO GRANDE MS COOPERATIVA DE TRABALHO MEDICO</RazaoSocialPrestador>
      <TipoRecolhimento>A</TipoRecolhimento>
      <ValorDeduzir>0</ValorDeduzir>
      <ValorTotal>95.33</ValorTotal>
      <Aliquota>0</Aliquota>
    </ConsultaNFSe>
    <ConsultaNFSe>
      <InscricaoPrestador>00002738007</InscricaoPrestador>
      <NumeroNFe>46903</NumeroNFe>
      <CodigoVerificacao>a86cffe4</CodigoVerificacao>
      <SerieRPS>NF</SerieRPS>
      <NumeroRPS>46903</NumeroRPS>
      <DataEmissaoRPS>2010-04-08T00:00:00</DataEmissaoRPS>
      <RazaoSocialPrestador>UNIMED CAMPO GRANDE MS COOPERATIVA DE TRABALHO MEDICO</RazaoSocialPrestador>
      <TipoRecolhimento>A</TipoRecolhimento>
      <ValorDeduzir>0</ValorDeduzir>
      <ValorTotal>93.95</ValorTotal>
      <Aliquota>0</Aliquota>
    </ConsultaNFSe>
    <ConsultaNFSe>
      <InscricaoPrestador>00002738007</InscricaoPrestador>
      <NumeroNFe>46904</NumeroNFe>
      <CodigoVerificacao>46f53884</CodigoVerificacao>
      <SerieRPS>NF</SerieRPS>
      <NumeroRPS>46904</NumeroRPS>
      <DataEmissaoRPS>2010-04-08T00:00:00</DataEmissaoRPS>
      <RazaoSocialPrestador>UNIMED CAMPO GRANDE MS COOPERATIVA DE TRABALHO MEDICO</RazaoSocialPrestador>
      <TipoRecolhimento>A</TipoRecolhimento>
      <ValorDeduzir>0</ValorDeduzir>
      <ValorTotal>187.9</ValorTotal>
      <Aliquota>0</Aliquota>
    </ConsultaNFSe>
    <ConsultaNFSe>
      <InscricaoPrestador>00002738007</InscricaoPrestador>
      <NumeroNFe>46905</NumeroNFe>
      <CodigoVerificacao>e7face5c</CodigoVerificacao>
      <SerieRPS>NF</SerieRPS>
      <NumeroRPS>46905</NumeroRPS>
      <DataEmissaoRPS>2010-04-08T00:00:00</DataEmissaoRPS>
      <RazaoSocialPrestador>UNIMED CAMPO GRANDE MS COOPERATIVA DE TRABALHO MEDICO</RazaoSocialPrestador>
      <TipoRecolhimento>A</TipoRecolhimento>
      <ValorDeduzir>0</ValorDeduzir>
      <ValorTotal>485.17</ValorTotal>
      <Aliquota>0</Aliquota>
    </ConsultaNFSe>
    <ConsultaNFSe>
      <InscricaoPrestador>00002738007</InscricaoPrestador>
      <NumeroNFe>46906</NumeroNFe>
      <CodigoVerificacao>2b9f1a08</CodigoVerificacao>
      <SerieRPS>NF</SerieRPS>
      <NumeroRPS>46906</NumeroRPS>
      <DataEmissaoRPS>2010-04-08T00:00:00</DataEmissaoRPS>
      <RazaoSocialPrestador>UNIMED CAMPO GRANDE MS COOPERATIVA DE TRABALHO MEDICO</RazaoSocialPrestador>
      <TipoRecolhimento>A</TipoRecolhimento>
      <ValorDeduzir>0</ValorDeduzir>
      <ValorTotal>532.79</ValorTotal>
      <Aliquota>0</Aliquota>
    </ConsultaNFSe>
    <ConsultaNFSe>
      <InscricaoPrestador>00002738007</InscricaoPrestador>
      <NumeroNFe>46907</NumeroNFe>
      <CodigoVerificacao>8eec3fb6</CodigoVerificacao>
      <SerieRPS>NF</SerieRPS>
      <NumeroRPS>46907</NumeroRPS>
      <DataEmissaoRPS>2010-04-08T00:00:00</DataEmissaoRPS>
      <RazaoSocialPrestador>UNIMED CAMPO GRANDE MS COOPERATIVA DE TRABALHO MEDICO</RazaoSocialPrestador>
      <TipoRecolhimento>A</TipoRecolhimento>
      <ValorDeduzir>0</ValorDeduzir>
      <ValorTotal>587.76</ValorTotal>
      <Aliquota>0</Aliquota>
    </ConsultaNFSe>
    <ConsultaNFSe>
      <InscricaoPrestador>00002738007</InscricaoPrestador>
      <NumeroNFe>46908</NumeroNFe>
      <CodigoVerificacao>35b0e5ba</CodigoVerificacao>
      <SerieRPS>NF</SerieRPS>
      <NumeroRPS>46908</NumeroRPS>
      <DataEmissaoRPS>2010-04-08T00:00:00</DataEmissaoRPS>
      <RazaoSocialPrestador>UNIMED CAMPO GRANDE MS COOPERATIVA DE TRABALHO MEDICO</RazaoSocialPrestador>
      <TipoRecolhimento>A</TipoRecolhimento>
      <ValorDeduzir>0</ValorDeduzir>
      <ValorTotal>457.85</ValorTotal>
      <Aliquota>0</Aliquota>
    </ConsultaNFSe>
    <ConsultaNFSe>
      <InscricaoPrestador>00002738007</InscricaoPrestador>
      <NumeroNFe>46909</NumeroNFe>
      <CodigoVerificacao>d78b5080</CodigoVerificacao>
      <SerieRPS>NF</SerieRPS>
      <NumeroRPS>46909</NumeroRPS>
      <DataEmissaoRPS>2010-04-08T00:00:00</DataEmissaoRPS>
      <RazaoSocialPrestador>UNIMED CAMPO GRANDE MS COOPERATIVA DE TRABALHO MEDICO</RazaoSocialPrestador>
      <TipoRecolhimento>A</TipoRecolhimento>
      <ValorDeduzir>0</ValorDeduzir>
      <ValorTotal>509.96</ValorTotal>
      <Aliquota>0</Aliquota>
    </ConsultaNFSe>
    <ConsultaNFSe>
      <InscricaoPrestador>00002738007</InscricaoPrestador>
      <NumeroNFe>46910</NumeroNFe>
      <CodigoVerificacao>323b443e</CodigoVerificacao>
      <SerieRPS>NF</SerieRPS>
      <NumeroRPS>46910</NumeroRPS>
      <DataEmissaoRPS>2010-04-08T00:00:00</DataEmissaoRPS>
      <RazaoSocialPrestador>UNIMED CAMPO GRANDE MS COOPERATIVA DE TRABALHO MEDICO</RazaoSocialPrestador>
      <TipoRecolhimento>A</TipoRecolhimento>
      <ValorDeduzir>0</ValorDeduzir>
      <ValorTotal>114.61</ValorTotal>
      <Aliquota>0</Aliquota>
    </ConsultaNFSe>
    <ConsultaNFSe>
      <InscricaoPrestador>00002738007</InscricaoPrestador>
      <NumeroNFe>46911</NumeroNFe>
      <CodigoVerificacao>848de7cd</CodigoVerificacao>
      <SerieRPS>NF</SerieRPS>
      <NumeroRPS>46911</NumeroRPS>
      <DataEmissaoRPS>2010-04-08T00:00:00</DataEmissaoRPS>
      <RazaoSocialPrestador>UNIMED CAMPO GRANDE MS COOPERATIVA DE TRABALHO MEDICO</RazaoSocialPrestador>
      <TipoRecolhimento>A</TipoRecolhimento>
      <ValorDeduzir>0</ValorDeduzir>
      <ValorTotal>305.48</ValorTotal>
      <Aliquota>0</Aliquota>
    </ConsultaNFSe>
    <ConsultaNFSe>
      <InscricaoPrestador>00002738007</InscricaoPrestador>
      <NumeroNFe>46912</NumeroNFe>
      <CodigoVerificacao>beaed795</CodigoVerificacao>
      <SerieRPS>NF</SerieRPS>
      <NumeroRPS>46912</NumeroRPS>
      <DataEmissaoRPS>2010-04-08T00:00:00</DataEmissaoRPS>
      <RazaoSocialPrestador>UNIMED CAMPO GRANDE MS COOPERATIVA DE TRABALHO MEDICO</RazaoSocialPrestador>
      <TipoRecolhimento>A</TipoRecolhimento>
      <ValorDeduzir>0</ValorDeduzir>
      <ValorTotal>192.53</ValorTotal>
      <Aliquota>0</Aliquota>
    </ConsultaNFSe>
    <ConsultaNFSe>
      <InscricaoPrestador>00002738007</InscricaoPrestador>
      <NumeroNFe>46913</NumeroNFe>
      <CodigoVerificacao>417b1e83</CodigoVerificacao>
      <SerieRPS>NF</SerieRPS>
      <NumeroRPS>46913</NumeroRPS>
      <DataEmissaoRPS>2010-04-08T00:00:00</DataEmissaoRPS>
      <RazaoSocialPrestador>UNIMED CAMPO GRANDE MS COOPERATIVA DE TRABALHO MEDICO</RazaoSocialPrestador>
      <TipoRecolhimento>A</TipoRecolhimento>
      <ValorDeduzir>0</ValorDeduzir>
      <ValorTotal>509.96</ValorTotal>
      <Aliquota>0</Aliquota>
    </ConsultaNFSe>
    <ConsultaNFSe>
      <InscricaoPrestador>00002738007</InscricaoPrestador>
      <NumeroNFe>46914</NumeroNFe>
      <CodigoVerificacao>f26218e3</CodigoVerificacao>
      <SerieRPS>NF</SerieRPS>
      <NumeroRPS>46914</NumeroRPS>
      <DataEmissaoRPS>2010-04-08T00:00:00</DataEmissaoRPS>
      <RazaoSocialPrestador>UNIMED CAMPO GRANDE MS COOPERATIVA DE TRABALHO MEDICO</RazaoSocialPrestador>
      <TipoRecolhimento>A</TipoRecolhimento>
      <ValorDeduzir>0</ValorDeduzir>
      <ValorTotal>182.5</ValorTotal>
      <Aliquota>0</Aliquota>
    </ConsultaNFSe>
    <ConsultaNFSe>
      <InscricaoPrestador>00002738007</InscricaoPrestador>
      <NumeroNFe>46915</NumeroNFe>
      <CodigoVerificacao>0c37c9c6</CodigoVerificacao>
      <SerieRPS>NF</SerieRPS>
      <NumeroRPS>46915</NumeroRPS>
      <DataEmissaoRPS>2010-04-08T00:00:00</DataEmissaoRPS>
      <RazaoSocialPrestador>UNIMED CAMPO GRANDE MS COOPERATIVA DE TRABALHO MEDICO</RazaoSocialPrestador>
      <TipoRecolhimento>A</TipoRecolhimento>
      <ValorDeduzir>0</ValorDeduzir>
      <ValorTotal>332.09</ValorTotal>
      <Aliquota>0</Aliquota>
    </ConsultaNFSe>
    <ConsultaNFSe>
      <InscricaoPrestador>00002738007</InscricaoPrestador>
      <NumeroNFe>46916</NumeroNFe>
      <CodigoVerificacao>13f46885</CodigoVerificacao>
      <SerieRPS>NF</SerieRPS>
      <NumeroRPS>46916</NumeroRPS>
      <DataEmissaoRPS>2010-04-08T00:00:00</DataEmissaoRPS>
      <RazaoSocialPrestador>UNIMED CAMPO GRANDE MS COOPERATIVA DE TRABALHO MEDICO</RazaoSocialPrestador>
      <TipoRecolhimento>A</TipoRecolhimento>
      <ValorDeduzir>0</ValorDeduzir>
      <ValorTotal>99.45</ValorTotal>
      <Aliquota>0</Aliquota>
    </ConsultaNFSe>
    <ConsultaNFSe>
      <InscricaoPrestador>00002738007</InscricaoPrestador>
      <NumeroNFe>46917</NumeroNFe>
      <CodigoVerificacao>e6c01029</CodigoVerificacao>
      <SerieRPS>NF</SerieRPS>
      <NumeroRPS>46917</NumeroRPS>
      <DataEmissaoRPS>2010-04-08T00:00:00</DataEmissaoRPS>
      <RazaoSocialPrestador>UNIMED CAMPO GRANDE MS COOPERATIVA DE TRABALHO MEDICO</RazaoSocialPrestador>
      <TipoRecolhimento>A</TipoRecolhimento>
      <ValorDeduzir>0</ValorDeduzir>
      <ValorTotal>551.15</ValorTotal>
      <Aliquota>0</Aliquota>
    </ConsultaNFSe>
    <ConsultaNFSe>
      <InscricaoPrestador>00002738007</InscricaoPrestador>
      <NumeroNFe>46918</NumeroNFe>
      <CodigoVerificacao>4e2189f9</CodigoVerificacao>
      <SerieRPS>NF</SerieRPS>
      <NumeroRPS>46918</NumeroRPS>
      <DataEmissaoRPS>2010-04-08T00:00:00</DataEmissaoRPS>
      <RazaoSocialPrestador>UNIMED CAMPO GRANDE MS COOPERATIVA DE TRABALHO MEDICO</RazaoSocialPrestador>
      <TipoRecolhimento>A</TipoRecolhimento>
      <ValorDeduzir>0</ValorDeduzir>
      <ValorTotal>200.03</ValorTotal>
      <Aliquota>0</Aliquota>
    </ConsultaNFSe>
    <ConsultaNFSe>
      <InscricaoPrestador>00002738007</InscricaoPrestador>
      <NumeroNFe>46919</NumeroNFe>
      <CodigoVerificacao>430d4047</CodigoVerificacao>
      <SerieRPS>NF</SerieRPS>
      <NumeroRPS>46919</NumeroRPS>
      <DataEmissaoRPS>2010-04-08T00:00:00</DataEmissaoRPS>
      <RazaoSocialPrestador>UNIMED CAMPO GRANDE MS COOPERATIVA DE TRABALHO MEDICO</RazaoSocialPrestador>
      <TipoRecolhimento>A</TipoRecolhimento>
      <ValorDeduzir>0</ValorDeduzir>
      <ValorTotal>192.67</ValorTotal>
      <Aliquota>0</Aliquota>
    </ConsultaNFSe>
    <ConsultaNFSe>
      <InscricaoPrestador>00002738007</InscricaoPrestador>
      <NumeroNFe>46920</NumeroNFe>
      <CodigoVerificacao>05f5b4d1</CodigoVerificacao>
      <SerieRPS>NF</SerieRPS>
      <NumeroRPS>46920</NumeroRPS>
      <DataEmissaoRPS>2010-04-08T00:00:00</DataEmissaoRPS>
      <RazaoSocialPrestador>UNIMED CAMPO GRANDE MS COOPERATIVA DE TRABALHO MEDICO</RazaoSocialPrestador>
      <TipoRecolhimento>A</TipoRecolhimento>
      <ValorDeduzir>0</ValorDeduzir>
      <ValorTotal>207.05</ValorTotal>
      <Aliquota>0</Aliquota>
    </ConsultaNFSe>
    <ConsultaNFSe>
      <InscricaoPrestador>00002738007</InscricaoPrestador>
      <NumeroNFe>46921</NumeroNFe>
      <CodigoVerificacao>db7d96b1</CodigoVerificacao>
      <SerieRPS>NF</SerieRPS>
      <NumeroRPS>46921</NumeroRPS>
      <DataEmissaoRPS>2010-04-08T00:00:00</DataEmissaoRPS>
      <RazaoSocialPrestador>UNIMED CAMPO GRANDE MS COOPERATIVA DE TRABALHO MEDICO</RazaoSocialPrestador>
      <TipoRecolhimento>A</TipoRecolhimento>
      <ValorDeduzir>0</ValorDeduzir>
      <ValorTotal>404.1</ValorTotal>
      <Aliquota>0</Aliquota>
    </ConsultaNFSe>
    <ConsultaNFSe>
      <InscricaoPrestador>00002738007</InscricaoPrestador>
      <NumeroNFe>46922</NumeroNFe>
      <CodigoVerificacao>57577ca3</CodigoVerificacao>
      <SerieRPS>NF</SerieRPS>
      <NumeroRPS>46922</NumeroRPS>
      <DataEmissaoRPS>2010-04-08T00:00:00</DataEmissaoRPS>
      <RazaoSocialPrestador>UNIMED CAMPO GRANDE MS COOPERATIVA DE TRABALHO MEDICO</RazaoSocialPrestador>
      <TipoRecolhimento>A</TipoRecolhimento>
      <ValorDeduzir>0</ValorDeduzir>
      <ValorTotal>161.65</ValorTotal>
      <Aliquota>0</Aliquota>
    </ConsultaNFSe>
    <ConsultaNFSe>
      <InscricaoPrestador>00002738007</InscricaoPrestador>
      <NumeroNFe>46923</NumeroNFe>
      <CodigoVerificacao>18fd4738</CodigoVerificacao>
      <SerieRPS>NF</SerieRPS>
      <NumeroRPS>46923</NumeroRPS>
      <DataEmissaoRPS>2010-04-08T00:00:00</DataEmissaoRPS>
      <RazaoSocialPrestador>UNIMED CAMPO GRANDE MS COOPERATIVA DE TRABALHO MEDICO</RazaoSocialPrestador>
      <TipoRecolhimento>A</TipoRecolhimento>
      <ValorDeduzir>0</ValorDeduzir>
      <ValorTotal>1021.09</ValorTotal>
      <Aliquota>0</Aliquota>
    </ConsultaNFSe>
    <ConsultaNFSe>
      <InscricaoPrestador>00002738007</InscricaoPrestador>
      <NumeroNFe>46924</NumeroNFe>
      <CodigoVerificacao>fe4b714f</CodigoVerificacao>
      <SerieRPS>NF</SerieRPS>
      <NumeroRPS>46924</NumeroRPS>
      <DataEmissaoRPS>2010-04-08T00:00:00</DataEmissaoRPS>
      <RazaoSocialPrestador>UNIMED CAMPO GRANDE MS COOPERATIVA DE TRABALHO MEDICO</RazaoSocialPrestador>
      <TipoRecolhimento>A</TipoRecolhimento>
      <ValorDeduzir>0</ValorDeduzir>
      <ValorTotal>392.27</ValorTotal>
      <Aliquota>0</Aliquota>
    </ConsultaNFSe>
    <ConsultaNFSe>
      <InscricaoPrestador>00002738007</InscricaoPrestador>
      <NumeroNFe>46925</NumeroNFe>
      <CodigoVerificacao>cc68b20a</CodigoVerificacao>
      <SerieRPS>NF</SerieRPS>
      <NumeroRPS>46925</NumeroRPS>
      <DataEmissaoRPS>2010-04-08T00:00:00</DataEmissaoRPS>
      <RazaoSocialPrestador>UNIMED CAMPO GRANDE MS COOPERATIVA DE TRABALHO MEDICO</RazaoSocialPrestador>
      <TipoRecolhimento>A</TipoRecolhimento>
      <ValorDeduzir>0</ValorDeduzir>
      <ValorTotal>424.26</ValorTotal>
      <Aliquota>0</Aliquota>
    </ConsultaNFSe>
    <ConsultaNFSe>
      <InscricaoPrestador>00002738007</InscricaoPrestador>
      <NumeroNFe>46926</NumeroNFe>
      <CodigoVerificacao>2813c2ce</CodigoVerificacao>
      <SerieRPS>NF</SerieRPS>
      <NumeroRPS>46926</NumeroRPS>
      <DataEmissaoRPS>2010-04-08T00:00:00</DataEmissaoRPS>
      <RazaoSocialPrestador>UNIMED CAMPO GRANDE MS COOPERATIVA DE TRABALHO MEDICO</RazaoSocialPrestador>
      <TipoRecolhimento>A</TipoRecolhimento>
      <ValorDeduzir>0</ValorDeduzir>
      <ValorTotal>241.42</ValorTotal>
      <Aliquota>0</Aliquota>
    </ConsultaNFSe>
    <ConsultaNFSe>
      <InscricaoPrestador>00002738007</InscricaoPrestador>
      <NumeroNFe>46927</NumeroNFe>
      <CodigoVerificacao>33253c2d</CodigoVerificacao>
      <SerieRPS>NF</SerieRPS>
      <NumeroRPS>46927</NumeroRPS>
      <DataEmissaoRPS>2010-04-08T00:00:00</DataEmissaoRPS>
      <RazaoSocialPrestador>UNIMED CAMPO GRANDE MS COOPERATIVA DE TRABALHO MEDICO</RazaoSocialPrestador>
      <TipoRecolhimento>A</TipoRecolhimento>
      <ValorDeduzir>0</ValorDeduzir>
      <ValorTotal>264.03</ValorTotal>
      <Aliquota>0</Aliquota>
    </ConsultaNFSe>
    <ConsultaNFSe>
      <InscricaoPrestador>00002738007</InscricaoPrestador>
      <NumeroNFe>46928</NumeroNFe>
      <CodigoVerificacao>3a713970</CodigoVerificacao>
      <SerieRPS>NF</SerieRPS>
      <NumeroRPS>46928</NumeroRPS>
      <DataEmissaoRPS>2010-04-08T00:00:00</DataEmissaoRPS>
      <RazaoSocialPrestador>UNIMED CAMPO GRANDE MS COOPERATIVA DE TRABALHO MEDICO</RazaoSocialPrestador>
      <TipoRecolhimento>A</TipoRecolhimento>
      <ValorDeduzir>0</ValorDeduzir>
      <ValorTotal>97.02</ValorTotal>
      <Aliquota>0</Aliquota>
    </ConsultaNFSe>
    <ConsultaNFSe>
      <InscricaoPrestador>00002738007</InscricaoPrestador>
      <NumeroNFe>46929</NumeroNFe>
      <CodigoVerificacao>4c23bc69</CodigoVerificacao>
      <SerieRPS>NF</SerieRPS>
      <NumeroRPS>46929</NumeroRPS>
      <DataEmissaoRPS>2010-04-08T00:00:00</DataEmissaoRPS>
      <RazaoSocialPrestador>UNIMED CAMPO GRANDE MS COOPERATIVA DE TRABALHO MEDICO</RazaoSocialPrestador>
      <TipoRecolhimento>A</TipoRecolhimento>
      <ValorDeduzir>0</ValorDeduzir>
      <ValorTotal>697.58</ValorTotal>
      <Aliquota>0</Aliquota>
    </ConsultaNFSe>
    <ConsultaNFSe>
      <InscricaoPrestador>00002738007</InscricaoPrestador>
      <NumeroNFe>46930</NumeroNFe>
      <CodigoVerificacao>e8542c53</CodigoVerificacao>
      <SerieRPS>NF</SerieRPS>
      <NumeroRPS>46930</NumeroRPS>
      <DataEmissaoRPS>2010-04-08T00:00:00</DataEmissaoRPS>
      <RazaoSocialPrestador>UNIMED CAMPO GRANDE MS COOPERATIVA DE TRABALHO MEDICO</RazaoSocialPrestador>
      <TipoRecolhimento>A</TipoRecolhimento>
      <ValorDeduzir>0</ValorDeduzir>
      <ValorTotal>635.24</ValorTotal>
      <Aliquota>0</Aliquota>
    </ConsultaNFSe>
    <ConsultaNFSe>
      <InscricaoPrestador>00002738007</InscricaoPrestador>
      <NumeroNFe>46931</NumeroNFe>
      <CodigoVerificacao>e9e0cb29</CodigoVerificacao>
      <SerieRPS>NF</SerieRPS>
      <NumeroRPS>46931</NumeroRPS>
      <DataEmissaoRPS>2010-04-08T00:00:00</DataEmissaoRPS>
      <RazaoSocialPrestador>UNIMED CAMPO GRANDE MS COOPERATIVA DE TRABALHO MEDICO</RazaoSocialPrestador>
      <TipoRecolhimento>A</TipoRecolhimento>
      <ValorDeduzir>0</ValorDeduzir>
      <ValorTotal>196.9</ValorTotal>
      <Aliquota>0</Aliquota>
    </ConsultaNFSe>
    <ConsultaNFSe>
      <InscricaoPrestador>00002738007</InscricaoPrestador>
      <NumeroNFe>46932</NumeroNFe>
      <CodigoVerificacao>4c44f7b8</CodigoVerificacao>
      <SerieRPS>NF</SerieRPS>
      <NumeroRPS>46932</NumeroRPS>
      <DataEmissaoRPS>2010-04-08T00:00:00</DataEmissaoRPS>
      <RazaoSocialPrestador>UNIMED CAMPO GRANDE MS COOPERATIVA DE TRABALHO MEDICO</RazaoSocialPrestador>
      <TipoRecolhimento>A</TipoRecolhimento>
      <ValorDeduzir>0</ValorDeduzir>
      <ValorTotal>588.74</ValorTotal>
      <Aliquota>0</Aliquota>
    </ConsultaNFSe>
    <ConsultaNFSe>
      <InscricaoPrestador>00002738007</InscricaoPrestador>
      <NumeroNFe>46933</NumeroNFe>
      <CodigoVerificacao>f2ca11a9</CodigoVerificacao>
      <SerieRPS>NF</SerieRPS>
      <NumeroRPS>46933</NumeroRPS>
      <DataEmissaoRPS>2010-04-08T00:00:00</DataEmissaoRPS>
      <RazaoSocialPrestador>UNIMED CAMPO GRANDE MS COOPERATIVA DE TRABALHO MEDICO</RazaoSocialPrestador>
      <TipoRecolhimento>A</TipoRecolhimento>
      <ValorDeduzir>0</ValorDeduzir>
      <ValorTotal>120.38</ValorTotal>
      <Aliquota>0</Aliquota>
    </ConsultaNFSe>
    <ConsultaNFSe>
      <InscricaoPrestador>00002738007</InscricaoPrestador>
      <NumeroNFe>46934</NumeroNFe>
      <CodigoVerificacao>8af79fd3</CodigoVerificacao>
      <SerieRPS>NF</SerieRPS>
      <NumeroRPS>46934</NumeroRPS>
      <DataEmissaoRPS>2010-04-08T00:00:00</DataEmissaoRPS>
      <RazaoSocialPrestador>UNIMED CAMPO GRANDE MS COOPERATIVA DE TRABALHO MEDICO</RazaoSocialPrestador>
      <TipoRecolhimento>A</TipoRecolhimento>
      <ValorDeduzir>0</ValorDeduzir>
      <ValorTotal>518.99</ValorTotal>
      <Aliquota>0</Aliquota>
    </ConsultaNFSe>
    <ConsultaNFSe>
      <InscricaoPrestador>00002738007</InscricaoPrestador>
      <NumeroNFe>46935</NumeroNFe>
      <CodigoVerificacao>5c7938da</CodigoVerificacao>
      <SerieRPS>NF</SerieRPS>
      <NumeroRPS>46935</NumeroRPS>
      <DataEmissaoRPS>2010-04-08T00:00:00</DataEmissaoRPS>
      <RazaoSocialPrestador>UNIMED CAMPO GRANDE MS COOPERATIVA DE TRABALHO MEDICO</RazaoSocialPrestador>
      <TipoRecolhimento>A</TipoRecolhimento>
      <ValorDeduzir>0</ValorDeduzir>
      <ValorTotal>252.91</ValorTotal>
      <Aliquota>0</Aliquota>
    </ConsultaNFSe>
    <ConsultaNFSe>
      <InscricaoPrestador>00002738007</InscricaoPrestador>
      <NumeroNFe>46936</NumeroNFe>
      <CodigoVerificacao>26acce0e</CodigoVerificacao>
      <SerieRPS>NF</SerieRPS>
      <NumeroRPS>46936</NumeroRPS>
      <DataEmissaoRPS>2010-04-08T00:00:00</DataEmissaoRPS>
      <RazaoSocialPrestador>UNIMED CAMPO GRANDE MS COOPERATIVA DE TRABALHO MEDICO</RazaoSocialPrestador>
      <TipoRecolhimento>A</TipoRecolhimento>
      <ValorDeduzir>0</ValorDeduzir>
      <ValorTotal>112.32</ValorTotal>
      <Aliquota>0</Aliquota>
    </ConsultaNFSe>
    <ConsultaNFSe>
      <InscricaoPrestador>00002738007</InscricaoPrestador>
      <NumeroNFe>46937</NumeroNFe>
      <CodigoVerificacao>77bddc81</CodigoVerificacao>
      <SerieRPS>NF</SerieRPS>
      <NumeroRPS>46937</NumeroRPS>
      <DataEmissaoRPS>2010-04-08T00:00:00</DataEmissaoRPS>
      <RazaoSocialPrestador>UNIMED CAMPO GRANDE MS COOPERATIVA DE TRABALHO MEDICO</RazaoSocialPrestador>
      <TipoRecolhimento>A</TipoRecolhimento>
      <ValorDeduzir>0</ValorDeduzir>
      <ValorTotal>173.23</ValorTotal>
      <Aliquota>0</Aliquota>
    </ConsultaNFSe>
    <ConsultaNFSe>
      <InscricaoPrestador>00002738007</InscricaoPrestador>
      <NumeroNFe>46938</NumeroNFe>
      <CodigoVerificacao>d2ec94a0</CodigoVerificacao>
      <SerieRPS>NF</SerieRPS>
      <NumeroRPS>46938</NumeroRPS>
      <DataEmissaoRPS>2010-04-08T00:00:00</DataEmissaoRPS>
      <RazaoSocialPrestador>UNIMED CAMPO GRANDE MS COOPERATIVA DE TRABALHO MEDICO</RazaoSocialPrestador>
      <TipoRecolhimento>A</TipoRecolhimento>
      <ValorDeduzir>0</ValorDeduzir>
      <ValorTotal>577.61</ValorTotal>
      <Aliquota>0</Aliquota>
    </ConsultaNFSe>
    <ConsultaNFSe>
      <InscricaoPrestador>00002738007</InscricaoPrestador>
      <NumeroNFe>46939</NumeroNFe>
      <CodigoVerificacao>341ef412</CodigoVerificacao>
      <SerieRPS>NF</SerieRPS>
      <NumeroRPS>46939</NumeroRPS>
      <DataEmissaoRPS>2010-04-08T00:00:00</DataEmissaoRPS>
      <RazaoSocialPrestador>UNIMED CAMPO GRANDE MS COOPERATIVA DE TRABALHO MEDICO</RazaoSocialPrestador>
      <TipoRecolhimento>A</TipoRecolhimento>
      <ValorDeduzir>0</ValorDeduzir>
      <ValorTotal>162.02</ValorTotal>
      <Aliquota>0</Aliquota>
    </ConsultaNFSe>
    <ConsultaNFSe>
      <InscricaoPrestador>00002738007</InscricaoPrestador>
      <NumeroNFe>46940</NumeroNFe>
      <CodigoVerificacao>8d60ee4f</CodigoVerificacao>
      <SerieRPS>NF</SerieRPS>
      <NumeroRPS>46940</NumeroRPS>
      <DataEmissaoRPS>2010-04-08T00:00:00</DataEmissaoRPS>
      <RazaoSocialPrestador>UNIMED CAMPO GRANDE MS COOPERATIVA DE TRABALHO MEDICO</RazaoSocialPrestador>
      <TipoRecolhimento>A</TipoRecolhimento>
      <ValorDeduzir>0</ValorDeduzir>
      <ValorTotal>174.03</ValorTotal>
      <Aliquota>0</Aliquota>
    </ConsultaNFSe>
    <ConsultaNFSe>
      <InscricaoPrestador>00002738007</InscricaoPrestador>
      <NumeroNFe>46941</NumeroNFe>
      <CodigoVerificacao>0d8c5477</CodigoVerificacao>
      <SerieRPS>NF</SerieRPS>
      <NumeroRPS>46941</NumeroRPS>
      <DataEmissaoRPS>2010-04-08T00:00:00</DataEmissaoRPS>
      <RazaoSocialPrestador>UNIMED CAMPO GRANDE MS COOPERATIVA DE TRABALHO MEDICO</RazaoSocialPrestador>
      <TipoRecolhimento>A</TipoRecolhimento>
      <ValorDeduzir>0</ValorDeduzir>
      <ValorTotal>527.88</ValorTotal>
      <Aliquota>0</Aliquota>
    </ConsultaNFSe>
    <ConsultaNFSe>
      <InscricaoPrestador>00002738007</InscricaoPrestador>
      <NumeroNFe>46942</NumeroNFe>
      <CodigoVerificacao>9f1d793e</CodigoVerificacao>
      <SerieRPS>NF</SerieRPS>
      <NumeroRPS>46942</NumeroRPS>
      <DataEmissaoRPS>2010-04-08T00:00:00</DataEmissaoRPS>
      <RazaoSocialPrestador>UNIMED CAMPO GRANDE MS COOPERATIVA DE TRABALHO MEDICO</RazaoSocialPrestador>
      <TipoRecolhimento>A</TipoRecolhimento>
      <ValorDeduzir>0</ValorDeduzir>
      <ValorTotal>182.93</ValorTotal>
      <Aliquota>0</Aliquota>
    </ConsultaNFSe>
    <ConsultaNFSe>
      <InscricaoPrestador>00002738007</InscricaoPrestador>
      <NumeroNFe>46943</NumeroNFe>
      <CodigoVerificacao>05debd0e</CodigoVerificacao>
      <SerieRPS>NF</SerieRPS>
      <NumeroRPS>46943</NumeroRPS>
      <DataEmissaoRPS>2010-04-08T00:00:00</DataEmissaoRPS>
      <RazaoSocialPrestador>UNIMED CAMPO GRANDE MS COOPERATIVA DE TRABALHO MEDICO</RazaoSocialPrestador>
      <TipoRecolhimento>A</TipoRecolhimento>
      <ValorDeduzir>0</ValorDeduzir>
      <ValorTotal>210.18</ValorTotal>
      <Aliquota>0</Aliquota>
    </ConsultaNFSe>
    <ConsultaNFSe>
      <InscricaoPrestador>00002738007</InscricaoPrestador>
      <NumeroNFe>46944</NumeroNFe>
      <CodigoVerificacao>130874ce</CodigoVerificacao>
      <SerieRPS>NF</SerieRPS>
      <NumeroRPS>46944</NumeroRPS>
      <DataEmissaoRPS>2010-04-08T00:00:00</DataEmissaoRPS>
      <RazaoSocialPrestador>UNIMED CAMPO GRANDE MS COOPERATIVA DE TRABALHO MEDICO</RazaoSocialPrestador>
      <TipoRecolhimento>A</TipoRecolhimento>
      <ValorDeduzir>0</ValorDeduzir>
      <ValorTotal>352.09</ValorTotal>
      <Aliquota>0</Aliquota>
    </ConsultaNFSe>
    <ConsultaNFSe>
      <InscricaoPrestador>00002738007</InscricaoPrestador>
      <NumeroNFe>46945</NumeroNFe>
      <CodigoVerificacao>3aba076a</CodigoVerificacao>
      <SerieRPS>NF</SerieRPS>
      <NumeroRPS>46945</NumeroRPS>
      <DataEmissaoRPS>2010-04-08T00:00:00</DataEmissaoRPS>
      <RazaoSocialPrestador>UNIMED CAMPO GRANDE MS COOPERATIVA DE TRABALHO MEDICO</RazaoSocialPrestador>
      <TipoRecolhimento>A</TipoRecolhimento>
      <ValorDeduzir>0</ValorDeduzir>
      <ValorTotal>184.81</ValorTotal>
      <Aliquota>0</Aliquota>
    </ConsultaNFSe>
    <ConsultaNFSe>
      <InscricaoPrestador>00002738007</InscricaoPrestador>
      <NumeroNFe>46946</NumeroNFe>
      <CodigoVerificacao>2ce6a05b</CodigoVerificacao>
      <SerieRPS>NF</SerieRPS>
      <NumeroRPS>46946</NumeroRPS>
      <DataEmissaoRPS>2010-04-08T00:00:00</DataEmissaoRPS>
      <RazaoSocialPrestador>UNIMED CAMPO GRANDE MS COOPERATIVA DE TRABALHO MEDICO</RazaoSocialPrestador>
      <TipoRecolhimento>A</TipoRecolhimento>
      <ValorDeduzir>0</ValorDeduzir>
      <ValorTotal>633.72</ValorTotal>
      <Aliquota>0</Aliquota>
    </ConsultaNFSe>
    <ConsultaNFSe>
      <InscricaoPrestador>00002738007</InscricaoPrestador>
      <NumeroNFe>46947</NumeroNFe>
      <CodigoVerificacao>d45d3e0c</CodigoVerificacao>
      <SerieRPS>NF</SerieRPS>
      <NumeroRPS>46947</NumeroRPS>
      <DataEmissaoRPS>2010-04-08T00:00:00</DataEmissaoRPS>
      <RazaoSocialPrestador>UNIMED CAMPO GRANDE MS COOPERATIVA DE TRABALHO MEDICO</RazaoSocialPrestador>
      <TipoRecolhimento>A</TipoRecolhimento>
      <ValorDeduzir>0</ValorDeduzir>
      <ValorTotal>125.96</ValorTotal>
      <Aliquota>0</Aliquota>
    </ConsultaNFSe>
    <ConsultaNFSe>
      <InscricaoPrestador>00002738007</InscricaoPrestador>
      <NumeroNFe>46948</NumeroNFe>
      <CodigoVerificacao>9bcc5ede</CodigoVerificacao>
      <SerieRPS>NF</SerieRPS>
      <NumeroRPS>46948</NumeroRPS>
      <DataEmissaoRPS>2010-04-08T00:00:00</DataEmissaoRPS>
      <RazaoSocialPrestador>UNIMED CAMPO GRANDE MS COOPERATIVA DE TRABALHO MEDICO</RazaoSocialPrestador>
      <TipoRecolhimento>A</TipoRecolhimento>
      <ValorDeduzir>0</ValorDeduzir>
      <ValorTotal>256.79</ValorTotal>
      <Aliquota>0</Aliquota>
    </ConsultaNFSe>
    <ConsultaNFSe>
      <InscricaoPrestador>00002738007</InscricaoPrestador>
      <NumeroNFe>46949</NumeroNFe>
      <CodigoVerificacao>88fffdeb</CodigoVerificacao>
      <SerieRPS>NF</SerieRPS>
      <NumeroRPS>46949</NumeroRPS>
      <DataEmissaoRPS>2010-04-08T00:00:00</DataEmissaoRPS>
      <RazaoSocialPrestador>UNIMED CAMPO GRANDE MS COOPERATIVA DE TRABALHO MEDICO</RazaoSocialPrestador>
      <TipoRecolhimento>A</TipoRecolhimento>
      <ValorDeduzir>0</ValorDeduzir>
      <ValorTotal>190.08</ValorTotal>
      <Aliquota>0</Aliquota>
    </ConsultaNFSe>
    <ConsultaNFSe>
      <InscricaoPrestador>00002738007</InscricaoPrestador>
      <NumeroNFe>46950</NumeroNFe>
      <CodigoVerificacao>d408ad81</CodigoVerificacao>
      <SerieRPS>NF</SerieRPS>
      <NumeroRPS>46950</NumeroRPS>
      <DataEmissaoRPS>2010-04-08T00:00:00</DataEmissaoRPS>
      <RazaoSocialPrestador>UNIMED CAMPO GRANDE MS COOPERATIVA DE TRABALHO MEDICO</RazaoSocialPrestador>
      <TipoRecolhimento>A</TipoRecolhimento>
      <ValorDeduzir>0</ValorDeduzir>
      <ValorTotal>194.4</ValorTotal>
      <Aliquota>0</Aliquota>
    </ConsultaNFSe>
    <ConsultaNFSe>
      <InscricaoPrestador>00002738007</InscricaoPrestador>
      <NumeroNFe>46951</NumeroNFe>
      <CodigoVerificacao>f40772c1</CodigoVerificacao>
      <SerieRPS>NF</SerieRPS>
      <NumeroRPS>46951</NumeroRPS>
      <DataEmissaoRPS>2010-04-08T00:00:00</DataEmissaoRPS>
      <RazaoSocialPrestador>UNIMED CAMPO GRANDE MS COOPERATIVA DE TRABALHO MEDICO</RazaoSocialPrestador>
      <TipoRecolhimento>A</TipoRecolhimento>
      <ValorDeduzir>0</ValorDeduzir>
      <ValorTotal>821.09</ValorTotal>
      <Aliquota>0</Aliquota>
    </ConsultaNFSe>
    <ConsultaNFSe>
      <InscricaoPrestador>00002738007</InscricaoPrestador>
      <NumeroNFe>46952</NumeroNFe>
      <CodigoVerificacao>5ff07769</CodigoVerificacao>
      <SerieRPS>NF</SerieRPS>
      <NumeroRPS>46952</NumeroRPS>
      <DataEmissaoRPS>2010-04-08T00:00:00</DataEmissaoRPS>
      <RazaoSocialPrestador>UNIMED CAMPO GRANDE MS COOPERATIVA DE TRABALHO MEDICO</RazaoSocialPrestador>
      <TipoRecolhimento>A</TipoRecolhimento>
      <ValorDeduzir>0</ValorDeduzir>
      <ValorTotal>247.41</ValorTotal>
      <Aliquota>0</Aliquota>
    </ConsultaNFSe>
    <ConsultaNFSe>
      <InscricaoPrestador>00002738007</InscricaoPrestador>
      <NumeroNFe>46953</NumeroNFe>
      <CodigoVerificacao>3a4fc862</CodigoVerificacao>
      <SerieRPS>NF</SerieRPS>
      <NumeroRPS>46953</NumeroRPS>
      <DataEmissaoRPS>2010-04-08T00:00:00</DataEmissaoRPS>
      <RazaoSocialPrestador>UNIMED CAMPO GRANDE MS COOPERATIVA DE TRABALHO MEDICO</RazaoSocialPrestador>
      <TipoRecolhimento>A</TipoRecolhimento>
      <ValorDeduzir>0</ValorDeduzir>
      <ValorTotal>244.37</ValorTotal>
      <Aliquota>0</Aliquota>
    </ConsultaNFSe>
    <ConsultaNFSe>
      <InscricaoPrestador>00002738007</InscricaoPrestador>
      <NumeroNFe>46954</NumeroNFe>
      <CodigoVerificacao>3aa9ec4d</CodigoVerificacao>
      <SerieRPS>NF</SerieRPS>
      <NumeroRPS>46954</NumeroRPS>
      <DataEmissaoRPS>2010-04-08T00:00:00</DataEmissaoRPS>
      <RazaoSocialPrestador>UNIMED CAMPO GRANDE MS COOPERATIVA DE TRABALHO MEDICO</RazaoSocialPrestador>
      <TipoRecolhimento>A</TipoRecolhimento>
      <ValorDeduzir>0</ValorDeduzir>
      <ValorTotal>601.61</ValorTotal>
      <Aliquota>0</Aliquota>
    </ConsultaNFSe>
    <ConsultaNFSe>
      <InscricaoPrestador>00002738007</InscricaoPrestador>
      <NumeroNFe>46955</NumeroNFe>
      <CodigoVerificacao>a39da810</CodigoVerificacao>
      <SerieRPS>NF</SerieRPS>
      <NumeroRPS>46955</NumeroRPS>
      <DataEmissaoRPS>2010-04-08T00:00:00</DataEmissaoRPS>
      <RazaoSocialPrestador>UNIMED CAMPO GRANDE MS COOPERATIVA DE TRABALHO MEDICO</RazaoSocialPrestador>
      <TipoRecolhimento>A</TipoRecolhimento>
      <ValorDeduzir>0</ValorDeduzir>
      <ValorTotal>132.24</ValorTotal>
      <Aliquota>0</Aliquota>
    </ConsultaNFSe>
    <ConsultaNFSe>
      <InscricaoPrestador>00002738007</InscricaoPrestador>
      <NumeroNFe>46956</NumeroNFe>
      <CodigoVerificacao>e194921f</CodigoVerificacao>
      <SerieRPS>NF</SerieRPS>
      <NumeroRPS>46956</NumeroRPS>
      <DataEmissaoRPS>2010-04-08T00:00:00</DataEmissaoRPS>
      <RazaoSocialPrestador>UNIMED CAMPO GRANDE MS COOPERATIVA DE TRABALHO MEDICO</RazaoSocialPrestador>
      <TipoRecolhimento>A</TipoRecolhimento>
      <ValorDeduzir>0</ValorDeduzir>
      <ValorTotal>161.49</ValorTotal>
      <Aliquota>0</Aliquota>
    </ConsultaNFSe>
    <ConsultaNFSe>
      <InscricaoPrestador>00002738007</InscricaoPrestador>
      <NumeroNFe>46957</NumeroNFe>
      <CodigoVerificacao>33a89b75</CodigoVerificacao>
      <SerieRPS>NF</SerieRPS>
      <NumeroRPS>46957</NumeroRPS>
      <DataEmissaoRPS>2010-04-08T00:00:00</DataEmissaoRPS>
      <RazaoSocialPrestador>UNIMED CAMPO GRANDE MS COOPERATIVA DE TRABALHO MEDICO</RazaoSocialPrestador>
      <TipoRecolhimento>A</TipoRecolhimento>
      <ValorDeduzir>0</ValorDeduzir>
      <ValorTotal>557.27</ValorTotal>
      <Aliquota>0</Aliquota>
    </ConsultaNFSe>
    <ConsultaNFSe>
      <InscricaoPrestador>00002738007</InscricaoPrestador>
      <NumeroNFe>46958</NumeroNFe>
      <CodigoVerificacao>b7d8e64e</CodigoVerificacao>
      <SerieRPS>NF</SerieRPS>
      <NumeroRPS>46958</NumeroRPS>
      <DataEmissaoRPS>2010-04-08T00:00:00</DataEmissaoRPS>
      <RazaoSocialPrestador>UNIMED CAMPO GRANDE MS COOPERATIVA DE TRABALHO MEDICO</RazaoSocialPrestador>
      <TipoRecolhimento>A</TipoRecolhimento>
      <ValorDeduzir>0</ValorDeduzir>
      <ValorTotal>167.81</ValorTotal>
      <Aliquota>0</Aliquota>
    </ConsultaNFSe>
    <ConsultaNFSe>
      <InscricaoPrestador>00002738007</InscricaoPrestador>
      <NumeroNFe>46959</NumeroNFe>
      <CodigoVerificacao>7e62c608</CodigoVerificacao>
      <SerieRPS>NF</SerieRPS>
      <NumeroRPS>46959</NumeroRPS>
      <DataEmissaoRPS>2010-04-08T00:00:00</DataEmissaoRPS>
      <RazaoSocialPrestador>UNIMED CAMPO GRANDE MS COOPERATIVA DE TRABALHO MEDICO</RazaoSocialPrestador>
      <TipoRecolhimento>A</TipoRecolhimento>
      <ValorDeduzir>0</ValorDeduzir>
      <ValorTotal>288.46</ValorTotal>
      <Aliquota>0</Aliquota>
    </ConsultaNFSe>
    <ConsultaNFSe>
      <InscricaoPrestador>00002738007</InscricaoPrestador>
      <NumeroNFe>46960</NumeroNFe>
      <CodigoVerificacao>9d2848dc</CodigoVerificacao>
      <SerieRPS>NF</SerieRPS>
      <NumeroRPS>46960</NumeroRPS>
      <DataEmissaoRPS>2010-04-08T00:00:00</DataEmissaoRPS>
      <RazaoSocialPrestador>UNIMED CAMPO GRANDE MS COOPERATIVA DE TRABALHO MEDICO</RazaoSocialPrestador>
      <TipoRecolhimento>A</TipoRecolhimento>
      <ValorDeduzir>0</ValorDeduzir>
      <ValorTotal>344.78</ValorTotal>
      <Aliquota>0</Aliquota>
    </ConsultaNFSe>
  </ListaNFSe>
</ns1:RetornoConsultaLote>

