<?xml version="1.0" encoding="UTF-8"?>
<ns1:RetornoConsultaLote  xmlns:ns1="http://localhost:8080/WsNFe2/lote" xmlns:tipos="http://localhost:8080/WsNFe2/tp" xmlns:xsi="http://www.w3.org/2001/XMLSchema-instance" xsi:schemaLocation="http://localhost:8080/WsNFe2/lote http://localhost:8080/WsNFe2/xsd/RetornoConsultaLote.xsd">
  <Cabecalho>
    <CodCidade>1219</CodCidade>
    <Sucesso>false</Sucesso>
    <NumeroLote>55263</NumeroLote>
    <CPFCNPJRemetente>02646676000182</CPFCNPJRemetente>
    <RazaoSocialRemetente>DSF Desenvolvimento de Sistemas Fiscais Ltda</RazaoSocialRemetente>
    <DataEnvioLote>2010-04-08T00:00:00</DataEnvioLote>
    <QtdNotasProcessadas>0</QtdNotasProcessadas>
    <TempoProcessamento>0</TempoProcessamento>
    <ValorTotalServicos>0</ValorTotalServicos>
    <ValorTotalDeducoes>0</ValorTotalDeducoes>
    <Versao>1</Versao>
  </Cabecalho>
  <Alertas />
  <Erros>
    <Erro>
      <Codigo>1430</Codigo>
      <Descricao>Contribuinte nao credenciado. Faca o credenciamento no site da NFSe.Contribuinte credenciado somente a partir de 24/03/2010. RPS emitidos antes desta data serao recusados.</Descricao>
      <ChaveRPS>
        <InscricaoPrestador>0370835</InscricaoPrestador>
        <SerieRPS>NF</SerieRPS>
        <NumeroRPS>46</NumeroRPS>
        <DataEmissaoRPS>2010-03-03T15:30:00</DataEmissaoRPS>
        <RazaoSocialPrestador>EMPRESA MODELO</RazaoSocialPrestador>
      </ChaveRPS>
    </Erro>
  </Erros>
  <ListaNFSe />
</ns1:RetornoConsultaLote>

