<?xml version="1.0" encoding="UTF-8"?>
<ns1:RetornoCancelamentoNFSe xmlns:ns1="http://localhost:8080/WsNFe2/lote" xmlns:tipos="http://localhost:8080/WsNFe2/tp" xmlns:xsi="http://www.w3.org/2001/XMLSchema-instance" xsi:schemaLocation="http://localhost:8080/WsNFe2/lote http://localhost:8080/WsNFe2/xsd/RetornoCancelamentoNFSe.xsd">
  <Cabecalho>
    <CodCidade>1219</CodCidade>
    <Sucesso>true</Sucesso>
    <CPFCNPJRemetente>02646676000182</CPFCNPJRemetente>
    <Versao>1</Versao>
  </Cabecalho>
  <NotasCanceladas />
  <Alertas>
    <Alerta>
      <Codigo>1301</Codigo>
      <Descricao>NFSe ja cancelada.</Descricao>
      <ChaveNFe>
        <InscricaoPrestador>0370835</InscricaoPrestador>
        <NumeroNFe>1</NumeroNFe>
        <CodigoVerificacao>98d0e61d9396b60e5a847a361cb9264e4b6d0c9f</CodigoVerificacao>
        <RazaoSocialPrestador>CONSTRUTORA SOUSA E LIMA LTDA</RazaoSocialPrestador>
      </ChaveNFe>
    </Alerta>
  </Alertas>
  <Erros />
</ns1:RetornoCancelamentoNFSe>

