<?xml version="1.0" encoding="UTF-8"?>
<ns1:RetornoEnvioLoteRPS xmlns:ns1="http://localhost:8080/WsNFe2/lote" xmlns:tipos="http://localhost:8080/WsNFe2/tp" xmlns:xsi="http://www.w3.org/2001/XMLSchema-instance" xsi:schemaLocation="http://localhost:8080/WsNFe2/lote http://localhost:8080/WsNFe2/xsd/RetornoEnvioLoteRPS.xsd ">
  <Cabecalho>
    <CodCidade>1219</CodCidade>
    <Sucesso>true</Sucesso>
    <NumeroLote>30036</NumeroLote>
    <CPFCNPJRemetente>02646676000182</CPFCNPJRemetente>
    <DataEnvioLote>2010-04-09T14:22:39.0Z</DataEnvioLote>
    <QtdNotasProcessadas>0</QtdNotasProcessadas>
    <TempoProcessamento>0</TempoProcessamento>
    <ValorTotalServicos>0.00</ValorTotalServicos>
    <ValorTotalDeducoes>0.00</ValorTotalDeducoes>
    <Versao>1</Versao>
    <Assincrono>S</Assincrono>
  </Cabecalho>
  <Alertas />
  <Erros />
  <ChavesNFSeRPS />
</ns1:RetornoEnvioLoteRPS>

