<?xml version="1.0" encoding="UTF-8"?>
<ns1:RetornoConsultaNotas xmlns:ns1="http://localhost:8080/WsNFe2/lote" xmlns:tipos="http://localhost:8080/WsNFe2/tp" xmlns:xsi="http://www.w3.org/2001/XMLSchema-instance" xsi:schemaLocation="http://localhost:8080/WsNFe2/lote http://localhost:8080/WsNFe2/xsd/RetornoConsultaNotas.xsd">
  <Cabecalho>
    <CodCidade>1219</CodCidade>
    <CPFCNPJRemetente>02646676000182</CPFCNPJRemetente>
    <InscricaoMunicipalPrestador>0871834</InscricaoMunicipalPrestador>
    <dtInicio>2008-12-01</dtInicio>
    <dtFim>2009-12-30</dtFim>
    <Versao>1</Versao>
  </Cabecalho>
  <Erros>
    <Erro>
      <Codigo>1103</Codigo>
      <Descricao>O CPF/CNPJ do Remetente nao possui permissao para o servico solicitado.</Descricao>
    </Erro>
  </Erros>
</ns1:RetornoConsultaNotas>

