<?xml version="1.0" encoding="UTF-8"?>
<ns1:ReqEnvioLoteRPS xmlns:ns1="http://localhost:8080/WsNFe2/lote" xmlns:tipos="http://localhost:8080/WsNFe2/tp" xmlns:xsi="http://www.w3.org/2001/XMLSchema-instance" xsi:schemaLocation="http://localhost:8080/WsNFe2/lote http://localhost:8080/WsNFe2/xsd/ReqEnvioLoteRPS.xsd"><Cabecalho><CodCidade>1219</CodCidade><CPFCNPJRemetente>02646676000182</CPFCNPJRemetente><RazaoSocialRemetente>CONSTRUTORA SOUSA E LIMA LTDA</RazaoSocialRemetente><transacao></transacao><dtInicio>2010-04-08</dtInicio><dtFim>2010-04-08</dtFim><QtdRPS>3</QtdRPS><ValorTotalServicos>135.53</ValorTotalServicos><ValorTotalDeducoes>6.43</ValorTotalDeducoes><Versao>1</Versao><MetodoEnvio>WS</MetodoEnvio></Cabecalho><Lote Id="lote:1ABCDZ"><RPS Id="rps:172"><Assinatura>829ae7b74ae5e2c6815ae3b9fcdf923764e45618</Assinatura><InscricaoMunicipalPrestador>0370835</InscricaoMunicipalPrestador><RazaoSocialPrestador>CONSTRUTORA SOUSA E LIMA LTDA</RazaoSocialPrestador><TipoRPS>RPS</TipoRPS><SerieRPS>NF</SerieRPS><NumeroRPS>172</NumeroRPS><DataEmissaoRPS>2010-04-08T16:08:55</DataEmissaoRPS><SituacaoRPS>N</SituacaoRPS><SerieRPSSubstituido></SerieRPSSubstituido><NumeroRPSSubstituido>0</NumeroRPSSubstituido><NumeroNFSeSubstituida>0</NumeroNFSeSubstituida><DataEmissaoNFSeSubstituida>1900-01-01</DataEmissaoNFSeSubstituida><SeriePrestacao>99</SeriePrestacao><InscricaoMunicipalTomador>0000000</InscricaoMunicipalTomador><CPFCNPJTomador>77777777777</CPFCNPJTomador><RazaoSocialTomador>Consumidor</RazaoSocialTomador><TipoLogradouroTomador>-</TipoLogradouroTomador><LogradouroTomador></LogradouroTomador><NumeroEnderecoTomador>0</NumeroEnderecoTomador><ComplementoEnderecoTomador></ComplementoEnderecoTomador><TipoBairroTomador>-</TipoBairroTomador><BairroTomador>-</BairroTomador><CidadeTomador>0001219</CidadeTomador><CidadeTomadorDescricao>Teresina</CidadeTomadorDescricao><CEPTomador>00000000</CEPTomador><EmailTomador>-</EmailTomador><CodigoAtividade>412040000</CodigoAtividade><AliquotaAtividade>3.00</AliquotaAtividade><TipoRecolhimento>A</TipoRecolhimento><MunicipioPrestacao>0001219</MunicipioPrestacao><MunicipioPrestacaoDescricao>Teresina</MunicipioPrestacaoDescricao><Operacao>B</Operacao><Tributacao>T</Tributacao><ValorPIS>0.00</ValorPIS><ValorCOFINS>0.00</ValorCOFINS><ValorINSS>0.00</ValorINSS><ValorIR>0.00</ValorIR><ValorCSLL>0.00</ValorCSLL><AliquotaPIS>0.0000</AliquotaPIS><AliquotaCOFINS>0.0000</AliquotaCOFINS><AliquotaINSS>0.0000</AliquotaINSS><AliquotaIR>0.0000</AliquotaIR><AliquotaCSLL>0.0000</AliquotaCSLL><DescricaoRPS></DescricaoRPS><DDDPrestador>86</DDDPrestador><TelefonePrestador>32227106</TelefonePrestador><DDDTomador>00</DDDTomador><TelefoneTomador>00000000</TelefoneTomador><MotCancelamento></MotCancelamento><CPFCNPJIntermediario></CPFCNPJIntermediario><Deducoes><Deducao><DeducaoPor>Percentual</DeducaoPor><TipoDeducao></TipoDeducao><CPFCNPJReferencia>00000000000</CPFCNPJReferencia><NumeroNFReferencia>0</NumeroNFReferencia><ValorTotalReferencia>0.00</ValorTotalReferencia><PercentualDeduzir>20.00</PercentualDeduzir><ValorDeduzir>1.43</ValorDeduzir></Deducao></Deducoes><Itens><Item><DiscriminacaoServico>servico de teste</DiscriminacaoServico><Quantidade>1.5657</Quantidade><ValorUnitario>4.5683</ValorUnitario><ValorTotal>7.15</ValorTotal><Tributavel>S</Tributavel></Item></Itens></RPS><RPS Id="rps:173"><Assinatura>a2caae147de546a5e3fc103657fdb7feeb91901e</Assinatura><InscricaoMunicipalPrestador>0370835</InscricaoMunicipalPrestador><RazaoSocialPrestador>CONSTRUTORA SOUSA E LIMA LTDA</RazaoSocialPrestador><TipoRPS>RPS</TipoRPS><SerieRPS>NF</SerieRPS><NumeroRPS>173</NumeroRPS><DataEmissaoRPS>2010-04-08T16:11:51</DataEmissaoRPS><SituacaoRPS>N</SituacaoRPS><SerieRPSSubstituido></SerieRPSSubstituido><NumeroRPSSubstituido>0</NumeroRPSSubstituido><NumeroNFSeSubstituida>0</NumeroNFSeSubstituida><DataEmissaoNFSeSubstituida>1900-01-01</DataEmissaoNFSeSubstituida><SeriePrestacao>99</SeriePrestacao><InscricaoMunicipalTomador>0000000</InscricaoMunicipalTomador><CPFCNPJTomador>36482993000122</CPFCNPJTomador><RazaoSocialTomador>EMPRESA MODELO</RazaoSocialTomador><TipoLogradouroTomador>Rua</TipoLogradouroTomador><LogradouroTomador>DESEMBARGADOR DO VALE</LogradouroTomador><NumeroEnderecoTomador>932</NumeroEnderecoTomador><ComplementoEnderecoTomador>APTO 12</ComplementoEnderecoTomador><TipoBairroTomador>Bairro</TipoBairroTomador><BairroTomador>Perdizes</BairroTomador><CidadeTomador>0007107</CidadeTomador><CidadeTomadorDescricao>Sao Paulo</CidadeTomadorDescricao><CEPTomador>05010040</CEPTomador><EmailTomador>fulano@bol.com.br</EmailTomador><CodigoAtividade>412040000</CodigoAtividade><AliquotaAtividade>3.00</AliquotaAtividade><TipoRecolhimento>A</TipoRecolhimento><MunicipioPrestacao>0001219</MunicipioPrestacao><MunicipioPrestacaoDescricao>Teresina</MunicipioPrestacaoDescricao><Operacao>B</Operacao><Tributacao>T</Tributacao><ValorPIS>0.00</ValorPIS><ValorCOFINS>0.00</ValorCOFINS><ValorINSS>0.00</ValorINSS><ValorIR>0.00</ValorIR><ValorCSLL>0.00</ValorCSLL><AliquotaPIS>0.0000</AliquotaPIS><AliquotaCOFINS>0.0000</AliquotaCOFINS><AliquotaINSS>0.0000</AliquotaINSS><AliquotaIR>0.0000</AliquotaIR><AliquotaCSLL>0.0000</AliquotaCSLL><DescricaoRPS></DescricaoRPS><DDDPrestador>86</DDDPrestador><TelefonePrestador>32227106</TelefonePrestador><DDDTomador>11</DDDTomador><TelefoneTomador>03565989</TelefoneTomador><MotCancelamento></MotCancelamento><CPFCNPJIntermediario></CPFCNPJIntermediario><Deducoes><Deducao><DeducaoPor>Valor</DeducaoPor><TipoDeducao>Despesas com Materiais</TipoDeducao><CPFCNPJReferencia>36482993000122</CPFCNPJReferencia><NumeroNFReferencia>45</NumeroNFReferencia><ValorTotalReferencia>100.00</ValorTotalReferencia><PercentualDeduzir>0.00</PercentualDeduzir><ValorDeduzir>5.00</ValorDeduzir></Deducao></Deducoes><Itens><Item><DiscriminacaoServico>OUTRO SERVICO</DiscriminacaoServico><Quantidade>3.0000</Quantidade><ValorUnitario>26.6580</ValorUnitario><ValorTotal>79.97</ValorTotal><Tributavel>S</Tributavel></Item><Item><DiscriminacaoServico>TESTE</DiscriminacaoServico><Quantidade>4.0000</Quantidade><ValorUnitario>3.2360</ValorUnitario><ValorTotal>12.94</ValorTotal><Tributavel>S</Tributavel></Item></Itens></RPS><RPS Id="rps:174"><Assinatura>e1188bacbcaddadfac2d4eed7179a4963ef2bcd1</Assinatura><InscricaoMunicipalPrestador>0370835</InscricaoMunicipalPrestador><RazaoSocialPrestador>CONSTRUTORA SOUSA E LIMA LTDA</RazaoSocialPrestador><TipoRPS>RPS</TipoRPS><SerieRPS>NF</SerieRPS><NumeroRPS>174</NumeroRPS><DataEmissaoRPS>2010-04-08T16:16:04</DataEmissaoRPS><SituacaoRPS>C</SituacaoRPS><SerieRPSSubstituido></SerieRPSSubstituido><NumeroRPSSubstituido>0</NumeroRPSSubstituido><NumeroNFSeSubstituida>0</NumeroNFSeSubstituida><DataEmissaoNFSeSubstituida>1900-01-01</DataEmissaoNFSeSubstituida><SeriePrestacao>99</SeriePrestacao><InscricaoMunicipalTomador>0000000</InscricaoMunicipalTomador><CPFCNPJTomador>65472184000138</CPFCNPJTomador><RazaoSocialTomador>MODELO EMPRESA COMERCIO</RazaoSocialTomador><TipoLogradouroTomador>Alameda</TipoLogradouroTomador><LogradouroTomador>SANTOS</LogradouroTomador><NumeroEnderecoTomador>932</NumeroEnderecoTomador><ComplementoEnderecoTomador>40</ComplementoEnderecoTomador><TipoBairroTomador>Favela</TipoBairroTomador><BairroTomador>TIJUCA</BairroTomador><CidadeTomador>0000408</CidadeTomador><CidadeTomadorDescricao>Vila Nova do Piaui</CidadeTomadorDescricao><CEPTomador>37900000</CEPTomador><EmailTomador>omaisnormal@bol.com.br</EmailTomador><CodigoAtividade>452000100</CodigoAtividade><AliquotaAtividade>5.00</AliquotaAtividade><TipoRecolhimento>A</TipoRecolhimento><MunicipioPrestacao>0001219</MunicipioPrestacao><MunicipioPrestacaoDescricao>Teresina</MunicipioPrestacaoDescricao><Operacao>A</Operacao><Tributacao>T</Tributacao><ValorPIS>1.67</ValorPIS><ValorCOFINS>0.41</ValorCOFINS><ValorINSS>0.41</ValorINSS><ValorIR>0.20</ValorIR><ValorCSLL>1.25</ValorCSLL><AliquotaPIS>4.0000</AliquotaPIS><AliquotaCOFINS>1.0000</AliquotaCOFINS><AliquotaINSS>1.0000</AliquotaINSS><AliquotaIR>0.5000</AliquotaIR><AliquotaCSLL>3.0000</AliquotaCSLL><DescricaoRPS>NOTA FISCAL DE TESTE DE TERESINA - NOTA ENVIADA JA CANCELADA</DescricaoRPS><DDDPrestador>86</DDDPrestador><TelefonePrestador>32227106</TelefonePrestador><DDDTomador>60</DDDTomador><TelefoneTomador>65985062</TelefoneTomador><MotCancelamento>Aqui vou descrever o motivo do cancelamento</MotCancelamento><CPFCNPJIntermediario></CPFCNPJIntermediario><Deducoes/><Itens><Item><DiscriminacaoServico>Muro de contencao</DiscriminacaoServico><Quantidade>5.6500</Quantidade><ValorUnitario>6.0000</ValorUnitario><ValorTotal>33.90</ValorTotal><Tributavel>S</Tributavel></Item><Item><DiscriminacaoServico>Aterro</DiscriminacaoServico><Quantidade>2.0000</Quantidade><ValorUnitario>4.0000</ValorUnitario><ValorTotal>8.00</ValorTotal><Tributavel>S</Tributavel></Item></Itens></RPS></Lote></ns1:ReqEnvioLoteRPS>
