<?xml version="1.0" encoding="UTF-8"?>
<ns1:RetornoEnvioLoteRPS xmlns:ns1="http://localhost:8080/WsNFe2/lote" xmlns:tipos="http://localhost:8080/WsNFe2/tp" xmlns:xsi="http://www.w3.org/2001/XMLSchema-instance" xsi:schemaLocation="http://localhost:8080/WsNFe2/lote http://localhost:8080/WsNFe2/xsd/RetornoEnvioLoteRPS.xsd ">
  <Cabecalho>
    <CodCidade>1219</CodCidade>
    <Sucesso>true</Sucesso>
    <NumeroLote>56361</NumeroLote>
    <CPFCNPJRemetente>02646676000182</CPFCNPJRemetente>
    <DataEnvioLote>2010-04-09T17:05:26.0Z</DataEnvioLote>
    <QtdNotasProcessadas>3</QtdNotasProcessadas>
    <TempoProcessamento>1</TempoProcessamento>
    <ValorTotalServicos>135.53</ValorTotalServicos>
    <ValorTotalDeducoes>6.43</ValorTotalDeducoes>
    <Versao>1</Versao>
    <Assincrono>N</Assincrono>
  </Cabecalho>
  <Alertas />
  <Erros />
  <ChavesNFSeRPS>
    <ChaveNFSeRPS>
      <ChaveNFe>
        <InscricaoPrestador>0370835</InscricaoPrestador>
        <NumeroNFe>172</NumeroNFe>
        <CodigoVerificacao>b052dd6e</CodigoVerificacao>
        <RazaoSocialPrestador>CONSTRUTORA SOUSA E LIMA LTDA</RazaoSocialPrestador>
      </ChaveNFe>
      <ChaveRPS>
        <InscricaoPrestador>0370835</InscricaoPrestador>
        <SerieRPS>NF</SerieRPS>
        <NumeroRPS>172</NumeroRPS>
        <DataEmissaoRPS>2010-04-08T16:08:55</DataEmissaoRPS>
        <RazaoSocialPrestador>CONSTRUTORA SOUSA E LIMA LTDA</RazaoSocialPrestador>
      </ChaveRPS>
    </ChaveNFSeRPS>
    <ChaveNFSeRPS>
      <ChaveNFe>
        <InscricaoPrestador>0370835</InscricaoPrestador>
        <NumeroNFe>173</NumeroNFe>
        <CodigoVerificacao>08248468</CodigoVerificacao>
        <RazaoSocialPrestador>CONSTRUTORA SOUSA E LIMA LTDA</RazaoSocialPrestador>
      </ChaveNFe>
      <ChaveRPS>
        <InscricaoPrestador>0370835</InscricaoPrestador>
        <SerieRPS>NF</SerieRPS>
        <NumeroRPS>173</NumeroRPS>
        <DataEmissaoRPS>2010-04-08T16:11:51</DataEmissaoRPS>
        <RazaoSocialPrestador>CONSTRUTORA SOUSA E LIMA LTDA</RazaoSocialPrestador>
      </ChaveRPS>
    </ChaveNFSeRPS>
    <ChaveNFSeRPS>
      <ChaveNFe>
        <InscricaoPrestador>0370835</InscricaoPrestador>
        <NumeroNFe>174</NumeroNFe>
        <CodigoVerificacao>1cb4febc</CodigoVerificacao>
        <RazaoSocialPrestador>CONSTRUTORA SOUSA E LIMA LTDA</RazaoSocialPrestador>
      </ChaveNFe>
      <ChaveRPS>
        <InscricaoPrestador>0370835</InscricaoPrestador>
        <SerieRPS>NF</SerieRPS>
        <NumeroRPS>174</NumeroRPS>
        <DataEmissaoRPS>2010-04-08T16:16:04</DataEmissaoRPS>
        <RazaoSocialPrestador>CONSTRUTORA SOUSA E LIMA LTDA</RazaoSocialPrestador>
      </ChaveRPS>
    </ChaveNFSeRPS>
  </ChavesNFSeRPS>
</ns1:RetornoEnvioLoteRPS>

