<?xml version="1.0" encoding="UTF-8"?>
<ns1:ReqConsultaNFSeRPS xmlns:ns1="http://localhost:8080/WsNFe2/lote" xmlns:tipos="http://localhost:8080/WsNFe2/tp" xmlns:xsi="http://www.w3.org/2001/XMLSchema-instance" xsi:schemaLocation="http://localhost:8080/WsNFe2/lote http://localhost:8080/WsNFe2/xsd/ReqConsultaNFSeRPS.xsd"><Cabecalho><CodCidade>5869</CodCidade><CPFCNPJRemetente>27966852000194</CPFCNPJRemetente><transacao>true</transacao><Versao>1</Versao></Cabecalho><Lote Id="lote:1ABCDZ"><NotaConsulta><Nota Id="nota:1"><InscricaoMunicipalPrestador>0022594</InscricaoMunicipalPrestador><NumeroNota>1</NumeroNota><CodigoVerificacao>f1f15e01</CodigoVerificacao></Nota><Nota Id="nota:2"><InscricaoMunicipalPrestador>0022594</InscricaoMunicipalPrestador><NumeroNota>2</NumeroNota><CodigoVerificacao>12403dc5</CodigoVerificacao></Nota><Nota Id="nota:3"><InscricaoMunicipalPrestador>0022594</InscricaoMunicipalPrestador><NumeroNota>3</NumeroNota><CodigoVerificacao>77bfaa6e</CodigoVerificacao></Nota><Nota Id="nota:5"><InscricaoMunicipalPrestador>0022594</InscricaoMunicipalPrestador><NumeroNota>5</NumeroNota><CodigoVerificacao>8be3d861</CodigoVerificacao></Nota></NotaConsulta><RPSConsulta><RPS Id="rps:287"><InscricaoMunicipalPrestador>0022594</InscricaoMunicipalPrestador><NumeroRPS>287</NumeroRPS><SeriePrestacao>99</SeriePrestacao></RPS><RPS Id="rps:288"><InscricaoMunicipalPrestador>0022594</InscricaoMunicipalPrestador><NumeroRPS>288</NumeroRPS><SeriePrestacao>99</SeriePrestacao></RPS><RPS Id="rps:289"><InscricaoMunicipalPrestador>0022594</InscricaoMunicipalPrestador><NumeroRPS>289</NumeroRPS><SeriePrestacao>99</SeriePrestacao></RPS></RPSConsulta></Lote></ns1:ReqConsultaNFSeRPS>
