<?xml version="1.0" encoding="UTF-8"?>
<ns1:RetornoConsultaNFSeRPS xmlns:ns1="http://localhost:8080/WsNFe2/lote" xmlns:tipos="http://localhost:8080/WsNFe2/tp" xmlns:xsi="http://www.w3.org/2001/XMLSchema-instance" xsi:schemaLocation="http://localhost:8080/WsNFe2/lote http://localhost:8080/WsNFe2/xsd/RetornoConsultaNFSeRPS.xsd">
  <Cabecalho>
    <CodCidade>5869</CodCidade>
    <CPFCNPJRemetente>27966852000194</CPFCNPJRemetente>
    <transacao>true</transacao>
    <Versao>1</Versao>
  </Cabecalho>
  <NotasConsultadas />
  <Alertas>
    <Alerta>
      <Codigo>1407</Codigo>
      <Descricao>NFSe nao localizada na base de dados Nota : 1</Descricao>
      <ChaveRPS>
        <InscricaoPrestador />
        <SerieRPS />
        <NumeroRPS />
        <DataEmissaoRPS />
        <RazaoSocialPrestador />
      </ChaveRPS>
      <ChaveNFe>
        <InscricaoPrestador />
        <NumeroNFe>1</NumeroNFe>
        <CodigoVerificacao>f1f15e01</CodigoVerificacao>
        <RazaoSocialPrestador />
      </ChaveNFe>
    </Alerta>
    <Alerta>
      <Codigo>1407</Codigo>
      <Descricao>NFSe nao localizada na base de dados Nota : 2</Descricao>
      <ChaveRPS>
        <InscricaoPrestador />
        <SerieRPS />
        <NumeroRPS />
        <DataEmissaoRPS />
        <RazaoSocialPrestador />
      </ChaveRPS>
      <ChaveNFe>
        <InscricaoPrestador />
        <NumeroNFe>2</NumeroNFe>
        <CodigoVerificacao>12403dc5</CodigoVerificacao>
        <RazaoSocialPrestador />
      </ChaveNFe>
    </Alerta>
    <Alerta>
      <Codigo>1407</Codigo>
      <Descricao>NFSe nao localizada na base de dados Nota : 3</Descricao>
      <ChaveRPS>
        <InscricaoPrestador />
        <SerieRPS />
        <NumeroRPS />
        <DataEmissaoRPS />
        <RazaoSocialPrestador />
      </ChaveRPS>
      <ChaveNFe>
        <InscricaoPrestador />
        <NumeroNFe>3</NumeroNFe>
        <CodigoVerificacao>77bfaa6e</CodigoVerificacao>
        <RazaoSocialPrestador />
      </ChaveNFe>
    </Alerta>
    <Alerta>
      <Codigo>1407</Codigo>
      <Descricao>NFSe nao localizada na base de dados Nota : 5</Descricao>
      <ChaveRPS>
        <InscricaoPrestador />
        <SerieRPS />
        <NumeroRPS />
        <DataEmissaoRPS />
        <RazaoSocialPrestador />
      </ChaveRPS>
      <ChaveNFe>
        <InscricaoPrestador />
        <NumeroNFe>5</NumeroNFe>
        <CodigoVerificacao>8be3d861</CodigoVerificacao>
        <RazaoSocialPrestador />
      </ChaveNFe>
    </Alerta>
    <Alerta>
      <Codigo>1408</Codigo>
      <Descricao>RPS nao localizado na base de dados RPS consultado : 287 Série: 99</Descricao>
    </Alerta>
    <Alerta>
      <Codigo>1408</Codigo>
      <Descricao>RPS nao localizado na base de dados RPS consultado : 288 Série: 99</Descricao>
    </Alerta>
    <Alerta>
      <Codigo>1408</Codigo>
      <Descricao>RPS nao localizado na base de dados RPS consultado : 289 Série: 99</Descricao>
    </Alerta>
  </Alertas>
  <Erros />
</ns1:RetornoConsultaNFSeRPS>

