<?xml version="1.0" encoding="UTF-8"?>
<ns1:ReqConsultaNotas xmlns:ns1="http://localhost:8080/WsNFe2/lote" xmlns:tipos="http://localhost:8080/WsNFe2/tp" xmlns:xsi="http://www.w3.org/2001/XMLSchema-instance" xsi:schemaLocation="http://localhost:8080/WsNFe2/lote http://localhost:8080/WsNFe2/xsd/ReqConsultaNotas.xsd"><Cabecalho Id="Consulta:notas"><CodCidade>921</CodCidade><CPFCNPJRemetente>41795326387</CPFCNPJRemetente><InscricaoMunicipalPrestador>00045781003</InscricaoMunicipalPrestador><dtInicio>2009-01-01</dtInicio><dtFim>2010-12-30</dtFim><NotaInicial>3</NotaInicial><Versao>1</Versao></Cabecalho></ns1:ReqConsultaNotas>
