<?xml version="1.0" encoding="UTF-8"?>
<ns1:ReqEnvioLoteRPS xmlns:ns1="http://localhost:8080/WsNFe2/lote" xmlns:tipos="http://localhost:8080/WsNFe2/tp" xmlns:xsi="http://www.w3.org/2001/XMLSchema-instance" xsi:schemaLocation="http://localhost:8080/WsNFe2/lote http://localhost:8080/WsNFe2/xsd/ReqEnvioLoteRPS.xsd"><Cabecalho><CodCidade>9051</CodCidade><CPFCNPJRemetente>06873111000199</CPFCNPJRemetente><RazaoSocialRemetente>HOSPITAL SANTA MARIA LTDA</RazaoSocialRemetente><transacao></transacao><dtInicio>2009-12-10</dtInicio><dtFim>2009-12-10</dtFim><QtdRPS>33</QtdRPS><ValorTotalServicos>6029.15</ValorTotalServicos><ValorTotalDeducoes>0.00</ValorTotalDeducoes><Versao>1</Versao><MetodoEnvio>WS</MetodoEnvio></Cabecalho><Lote Id="lote:1ABCDZ"><RPS Id="rps:176"><Assinatura>8b20b9ce09c34b49ba0f28340396328391684eac</Assinatura><InscricaoMunicipalPrestador>0046744</InscricaoMunicipalPrestador><RazaoSocialPrestador>HOSPITAL SANTA MARIA LTDA</RazaoSocialPrestador><TipoRPS>RPS</TipoRPS><SerieRPS>NF</SerieRPS><NumeroRPS>176</NumeroRPS><DataEmissaoRPS>2009-12-10T00:00:00</DataEmissaoRPS><SituacaoRPS>N</SituacaoRPS><SerieRPSSubstituido></SerieRPSSubstituido><NumeroRPSSubstituido>0</NumeroRPSSubstituido><NumeroNFSeSubstituida>0</NumeroNFSeSubstituida><DataEmissaoNFSeSubstituida>1900-01-01</DataEmissaoNFSeSubstituida><SeriePrestacao>99</SeriePrestacao><InscricaoMunicipalTomador>0000000</InscricaoMunicipalTomador><CPFCNPJTomador>00000000191</CPFCNPJTomador><RazaoSocialTomador>MARIA DE FATIMA MARINHO DOS SANTOS</RazaoSocialTomador><TipoLogradouroTomador>RUA</TipoLogradouroTomador><LogradouroTomador>R PIO X</LogradouroTomador><NumeroEnderecoTomador>3080</NumeroEnderecoTomador><TipoBairroTomador>BAIRRO</TipoBairroTomador><BairroTomador>SAO PEDRO</BairroTomador><CidadeTomador>0009051</CidadeTomador><CidadeTomadorDescricao>CAMPO GRANDE</CidadeTomadorDescricao><CEPTomador>64000000</CEPTomador><EmailTomador>secont@hsmaria.com.br</EmailTomador><CodigoAtividade>861010100</CodigoAtividade><AliquotaAtividade>3.00</AliquotaAtividade><TipoRecolhimento>A</TipoRecolhimento><MunicipioPrestacao>0009051</MunicipioPrestacao><MunicipioPrestacaoDescricao>CAMPO GRANDE</MunicipioPrestacaoDescricao><Operacao>A</Operacao><Tributacao>T</Tributacao><ValorPIS>0.00</ValorPIS><ValorCOFINS>0.00</ValorCOFINS><ValorINSS>0.00</ValorINSS><ValorIR>0.00</ValorIR><ValorCSLL>0.00</ValorCSLL><AliquotaPIS>0.00</AliquotaPIS><AliquotaCOFINS>0.00</AliquotaCOFINS><AliquotaINSS>0.00</AliquotaINSS><AliquotaIR>0.00</AliquotaIR><AliquotaCSLL>0.00</AliquotaCSLL><DescricaoRPS>SERVICOS MEDICOS HOSPITALARES</DescricaoRPS><DDDPrestador>86</DDDPrestador><TelefonePrestador>31945100</TelefonePrestador><DDDTomador>86</DDDTomador><TelefoneTomador>32295416</TelefoneTomador><MotCancelamento></MotCancelamento><Deducoes/><Itens><Item><DiscriminacaoServico>CONSULTA DE URGENCIA PLAMTA</DiscriminacaoServico><Quantidade>1</Quantidade><ValorUnitario>7.50</ValorUnitario><ValorTotal>7.50</ValorTotal></Item></Itens></RPS><RPS Id="rps:177"><Assinatura>b39d740fdd1929389ce91f3cdc287a36128fbdcb</Assinatura><InscricaoMunicipalPrestador>0046744</InscricaoMunicipalPrestador><RazaoSocialPrestador>HOSPITAL SANTA MARIA LTDA</RazaoSocialPrestador><TipoRPS>RPS</TipoRPS><SerieRPS>NF</SerieRPS><NumeroRPS>177</NumeroRPS><DataEmissaoRPS>2009-12-10T00:00:00</DataEmissaoRPS><SituacaoRPS>N</SituacaoRPS><SerieRPSSubstituido></SerieRPSSubstituido><NumeroRPSSubstituido>0</NumeroRPSSubstituido><NumeroNFSeSubstituida>0</NumeroNFSeSubstituida><DataEmissaoNFSeSubstituida>1900-01-01</DataEmissaoNFSeSubstituida><SeriePrestacao>99</SeriePrestacao><InscricaoMunicipalTomador>0000000</InscricaoMunicipalTomador><CPFCNPJTomador>00000000191</CPFCNPJTomador><RazaoSocialTomador>MARIA DE FATIMA MARINHO DOS SANTOS</RazaoSocialTomador><TipoLogradouroTomador>RUA</TipoLogradouroTomador><LogradouroTomador>R PIO X</LogradouroTomador><NumeroEnderecoTomador>3080</NumeroEnderecoTomador><TipoBairroTomador>BAIRRO</TipoBairroTomador><BairroTomador>SAO PEDRO</BairroTomador><CidadeTomador>0009051</CidadeTomador><CidadeTomadorDescricao>CAMPO GRANDE</CidadeTomadorDescricao><CEPTomador>64000000</CEPTomador><EmailTomador>secont@hsmaria.com.br</EmailTomador><CodigoAtividade>861010100</CodigoAtividade><AliquotaAtividade>3.00</AliquotaAtividade><TipoRecolhimento>A</TipoRecolhimento><MunicipioPrestacao>0009051</MunicipioPrestacao><MunicipioPrestacaoDescricao>CAMPO GRANDE</MunicipioPrestacaoDescricao><Operacao>A</Operacao><Tributacao>T</Tributacao><ValorPIS>0.00</ValorPIS><ValorCOFINS>0.00</ValorCOFINS><ValorINSS>0.00</ValorINSS><ValorIR>0.00</ValorIR><ValorCSLL>0.00</ValorCSLL><AliquotaPIS>0.00</AliquotaPIS><AliquotaCOFINS>0.00</AliquotaCOFINS><AliquotaINSS>0.00</AliquotaINSS><AliquotaIR>0.00</AliquotaIR><AliquotaCSLL>0.00</AliquotaCSLL><DescricaoRPS>SERVICOS MEDICOS HOSPITALARES</DescricaoRPS><DDDPrestador>86</DDDPrestador><TelefonePrestador>31945100</TelefonePrestador><DDDTomador>86</DDDTomador><TelefoneTomador>32295416</TelefoneTomador><MotCancelamento></MotCancelamento><Deducoes/><Itens><Item><DiscriminacaoServico>MEDICACAO</DiscriminacaoServico><Quantidade>1</Quantidade><ValorUnitario>17.60</ValorUnitario><ValorTotal>17.60</ValorTotal></Item></Itens></RPS><RPS Id="rps:178"><Assinatura>3799474203513ba1a1d1792812973b5873bb8383</Assinatura><InscricaoMunicipalPrestador>0046744</InscricaoMunicipalPrestador><RazaoSocialPrestador>HOSPITAL SANTA MARIA LTDA</RazaoSocialPrestador><TipoRPS>RPS</TipoRPS><SerieRPS>NF</SerieRPS><NumeroRPS>178</NumeroRPS><DataEmissaoRPS>2009-12-10T00:00:00</DataEmissaoRPS><SituacaoRPS>N</SituacaoRPS><SerieRPSSubstituido></SerieRPSSubstituido><NumeroRPSSubstituido>0</NumeroRPSSubstituido><NumeroNFSeSubstituida>0</NumeroNFSeSubstituida><DataEmissaoNFSeSubstituida>1900-01-01</DataEmissaoNFSeSubstituida><SeriePrestacao>99</SeriePrestacao><InscricaoMunicipalTomador>0000000</InscricaoMunicipalTomador><CPFCNPJTomador>00000000191</CPFCNPJTomador><RazaoSocialTomador>RAIMUNDO JOSE MORAIS</RazaoSocialTomador><TipoLogradouroTomador>RUA</TipoLogradouroTomador><LogradouroTomador>R RIACHUELO</LogradouroTomador><NumeroEnderecoTomador>1482</NumeroEnderecoTomador><TipoBairroTomador>BAIRRO</TipoBairroTomador><BairroTomador>VERMELHA</BairroTomador><CidadeTomador>0009051</CidadeTomador><CidadeTomadorDescricao>CAMPO GRANDE</CidadeTomadorDescricao><CEPTomador>64000000</CEPTomador><EmailTomador>secont@hsmaria.com.br</EmailTomador><CodigoAtividade>861010100</CodigoAtividade><AliquotaAtividade>3.00</AliquotaAtividade><TipoRecolhimento>A</TipoRecolhimento><MunicipioPrestacao>0009051</MunicipioPrestacao><MunicipioPrestacaoDescricao>CAMPO GRANDE</MunicipioPrestacaoDescricao><Operacao>A</Operacao><Tributacao>T</Tributacao><ValorPIS>0.00</ValorPIS><ValorCOFINS>0.00</ValorCOFINS><ValorINSS>0.00</ValorINSS><ValorIR>0.00</ValorIR><ValorCSLL>0.00</ValorCSLL><AliquotaPIS>0.00</AliquotaPIS><AliquotaCOFINS>0.00</AliquotaCOFINS><AliquotaINSS>0.00</AliquotaINSS><AliquotaIR>0.00</AliquotaIR><AliquotaCSLL>0.00</AliquotaCSLL><DescricaoRPS>SERVICOS MEDICOS HOSPITALARES</DescricaoRPS><DDDPrestador>86</DDDPrestador><TelefonePrestador>31945100</TelefonePrestador><DDDTomador>86</DDDTomador><TelefoneTomador>32116866</TelefoneTomador><MotCancelamento></MotCancelamento><Deducoes/><Itens><Item><DiscriminacaoServico>CONSULTA DE URGENCIA PLAMTA</DiscriminacaoServico><Quantidade>1</Quantidade><ValorUnitario>7.50</ValorUnitario><ValorTotal>7.50</ValorTotal></Item></Itens></RPS><RPS Id="rps:179"><Assinatura>d533c4dd603a32aa6726ba2ebe9969413fe60d8f</Assinatura><InscricaoMunicipalPrestador>0046744</InscricaoMunicipalPrestador><RazaoSocialPrestador>HOSPITAL SANTA MARIA LTDA</RazaoSocialPrestador><TipoRPS>RPS</TipoRPS><SerieRPS>NF</SerieRPS><NumeroRPS>179</NumeroRPS><DataEmissaoRPS>2009-12-10T00:00:00</DataEmissaoRPS><SituacaoRPS>N</SituacaoRPS><SerieRPSSubstituido></SerieRPSSubstituido><NumeroRPSSubstituido>0</NumeroRPSSubstituido><NumeroNFSeSubstituida>0</NumeroNFSeSubstituida><DataEmissaoNFSeSubstituida>1900-01-01</DataEmissaoNFSeSubstituida><SeriePrestacao>99</SeriePrestacao><InscricaoMunicipalTomador>0000000</InscricaoMunicipalTomador><CPFCNPJTomador>64953050363</CPFCNPJTomador><RazaoSocialTomador>SAMUEL ALVES DA SILVA</RazaoSocialTomador><TipoLogradouroTomador>RUA</TipoLogradouroTomador><LogradouroTomador>RUA ARTUR DE OLIVEIRA</LogradouroTomador><NumeroEnderecoTomador>4114</NumeroEnderecoTomador><TipoBairroTomador>BAIRRO</TipoBairroTomador><BairroTomador>PARQUE JUREMA</BairroTomador><CidadeTomador>0009051</CidadeTomador><CidadeTomadorDescricao>CAMPO GRANDE</CidadeTomadorDescricao><CEPTomador>64000000</CEPTomador><EmailTomador>secont@hsmaria.com.br</EmailTomador><CodigoAtividade>861010100</CodigoAtividade><AliquotaAtividade>3.00</AliquotaAtividade><TipoRecolhimento>A</TipoRecolhimento><MunicipioPrestacao>0009051</MunicipioPrestacao><MunicipioPrestacaoDescricao>CAMPO GRANDE</MunicipioPrestacaoDescricao><Operacao>A</Operacao><Tributacao>T</Tributacao><ValorPIS>0.00</ValorPIS><ValorCOFINS>0.00</ValorCOFINS><ValorINSS>0.00</ValorINSS><ValorIR>0.00</ValorIR><ValorCSLL>0.00</ValorCSLL><AliquotaPIS>0.00</AliquotaPIS><AliquotaCOFINS>0.00</AliquotaCOFINS><AliquotaINSS>0.00</AliquotaINSS><AliquotaIR>0.00</AliquotaIR><AliquotaCSLL>0.00</AliquotaCSLL><DescricaoRPS>SERVICOS MEDICOS HOSPITALARES</DescricaoRPS><DDDPrestador>86</DDDPrestador><TelefonePrestador>31945100</TelefonePrestador><DDDTomador>86</DDDTomador><TelefoneTomador>32354112</TelefoneTomador><MotCancelamento></MotCancelamento><Deducoes/><Itens><Item><DiscriminacaoServico>MEDICACAO</DiscriminacaoServico><Quantidade>1</Quantidade><ValorUnitario>12.50</ValorUnitario><ValorTotal>12.50</ValorTotal></Item></Itens></RPS><RPS Id="rps:180"><Assinatura>44923ab1c1bb6486ea509420c6c11668adf30d60</Assinatura><InscricaoMunicipalPrestador>0046744</InscricaoMunicipalPrestador><RazaoSocialPrestador>HOSPITAL SANTA MARIA LTDA</RazaoSocialPrestador><TipoRPS>RPS</TipoRPS><SerieRPS>NF</SerieRPS><NumeroRPS>180</NumeroRPS><DataEmissaoRPS>2009-12-10T00:00:00</DataEmissaoRPS><SituacaoRPS>N</SituacaoRPS><SerieRPSSubstituido></SerieRPSSubstituido><NumeroRPSSubstituido>0</NumeroRPSSubstituido><NumeroNFSeSubstituida>0</NumeroNFSeSubstituida><DataEmissaoNFSeSubstituida>1900-01-01</DataEmissaoNFSeSubstituida><SeriePrestacao>99</SeriePrestacao><InscricaoMunicipalTomador>0000000</InscricaoMunicipalTomador><CPFCNPJTomador>00000000191</CPFCNPJTomador><RazaoSocialTomador>MARINA DE SOUSA ARAUJO</RazaoSocialTomador><TipoLogradouroTomador>RUA</TipoLogradouroTomador><LogradouroTomador>R 13 DE MAIO</LogradouroTomador><NumeroEnderecoTomador>750</NumeroEnderecoTomador><TipoBairroTomador>BAIRRO</TipoBairroTomador><BairroTomador>NOVA ESPERANCA</BairroTomador><CidadeTomador>0000961</CidadeTomador><CidadeTomadorDescricao>BALSAS</CidadeTomadorDescricao><CEPTomador>65000000</CEPTomador><EmailTomador>secont@hsmaria.com.br</EmailTomador><CodigoAtividade>861010100</CodigoAtividade><AliquotaAtividade>3.00</AliquotaAtividade><TipoRecolhimento>A</TipoRecolhimento><MunicipioPrestacao>0009051</MunicipioPrestacao><MunicipioPrestacaoDescricao>CAMPO GRANDE</MunicipioPrestacaoDescricao><Operacao>A</Operacao><Tributacao>T</Tributacao><ValorPIS>0.00</ValorPIS><ValorCOFINS>0.00</ValorCOFINS><ValorINSS>0.00</ValorINSS><ValorIR>0.00</ValorIR><ValorCSLL>0.00</ValorCSLL><AliquotaPIS>0.00</AliquotaPIS><AliquotaCOFINS>0.00</AliquotaCOFINS><AliquotaINSS>0.00</AliquotaINSS><AliquotaIR>0.00</AliquotaIR><AliquotaCSLL>0.00</AliquotaCSLL><DescricaoRPS>SERVICOS MEDICOS HOSPITALARES</DescricaoRPS><DDDPrestador>86</DDDPrestador><TelefonePrestador>31945100</TelefonePrestador><DDDTomador>98</DDDTomador><TelefoneTomador>99534291</TelefoneTomador><MotCancelamento></MotCancelamento><Deducoes/><Itens><Item><DiscriminacaoServico>CONSULTA SAS</DiscriminacaoServico><Quantidade>1</Quantidade><ValorUnitario>70.00</ValorUnitario><ValorTotal>70.00</ValorTotal></Item></Itens></RPS><RPS Id="rps:181"><Assinatura>bfc74acc9c28803cfdfae9e429f76c7fe620848d</Assinatura><InscricaoMunicipalPrestador>0046744</InscricaoMunicipalPrestador><RazaoSocialPrestador>HOSPITAL SANTA MARIA LTDA</RazaoSocialPrestador><TipoRPS>RPS</TipoRPS><SerieRPS>NF</SerieRPS><NumeroRPS>181</NumeroRPS><DataEmissaoRPS>2009-12-10T00:00:00</DataEmissaoRPS><SituacaoRPS>N</SituacaoRPS><SerieRPSSubstituido></SerieRPSSubstituido><NumeroRPSSubstituido>0</NumeroRPSSubstituido><NumeroNFSeSubstituida>0</NumeroNFSeSubstituida><DataEmissaoNFSeSubstituida>1900-01-01</DataEmissaoNFSeSubstituida><SeriePrestacao>99</SeriePrestacao><InscricaoMunicipalTomador>0000000</InscricaoMunicipalTomador><CPFCNPJTomador>00000000191</CPFCNPJTomador><RazaoSocialTomador>ESPEDITA ALVES DE ALENCAR</RazaoSocialTomador><TipoLogradouroTomador>RUA</TipoLogradouroTomador><LogradouroTomador>RUA TERSSANDRO PAZ</LogradouroTomador><NumeroEnderecoTomador>2260</NumeroEnderecoTomador><TipoBairroTomador>BAIRRO</TipoBairroTomador><BairroTomador>CENTRO/SUL</BairroTomador><CidadeTomador>0009051</CidadeTomador><CidadeTomadorDescricao>CAMPO GRANDE</CidadeTomadorDescricao><CEPTomador>64000000</CEPTomador><EmailTomador>secont@hsmaria.com.br</EmailTomador><CodigoAtividade>861010100</CodigoAtividade><AliquotaAtividade>3.00</AliquotaAtividade><TipoRecolhimento>A</TipoRecolhimento><MunicipioPrestacao>0009051</MunicipioPrestacao><MunicipioPrestacaoDescricao>CAMPO GRANDE</MunicipioPrestacaoDescricao><Operacao>A</Operacao><Tributacao>T</Tributacao><ValorPIS>0.00</ValorPIS><ValorCOFINS>0.00</ValorCOFINS><ValorINSS>0.00</ValorINSS><ValorIR>0.00</ValorIR><ValorCSLL>0.00</ValorCSLL><AliquotaPIS>0.00</AliquotaPIS><AliquotaCOFINS>0.00</AliquotaCOFINS><AliquotaINSS>0.00</AliquotaINSS><AliquotaIR>0.00</AliquotaIR><AliquotaCSLL>0.00</AliquotaCSLL><DescricaoRPS>SERVICOS MEDICOS HOSPITALARES</DescricaoRPS><DDDPrestador>86</DDDPrestador><TelefonePrestador>31945100</TelefonePrestador><DDDTomador>86</DDDTomador><TelefoneTomador>32227518</TelefoneTomador><MotCancelamento></MotCancelamento><Deducoes/><Itens><Item><DiscriminacaoServico>CONSULTA ELETIVA</DiscriminacaoServico><Quantidade>1</Quantidade><ValorUnitario>70.00</ValorUnitario><ValorTotal>70.00</ValorTotal></Item></Itens></RPS><RPS Id="rps:182"><Assinatura>328cf2338b44add43856ba33e4d26dbb1bc18159</Assinatura><InscricaoMunicipalPrestador>0046744</InscricaoMunicipalPrestador><RazaoSocialPrestador>HOSPITAL SANTA MARIA LTDA</RazaoSocialPrestador><TipoRPS>RPS</TipoRPS><SerieRPS>NF</SerieRPS><NumeroRPS>182</NumeroRPS><DataEmissaoRPS>2009-12-10T00:00:00</DataEmissaoRPS><SituacaoRPS>N</SituacaoRPS><SerieRPSSubstituido></SerieRPSSubstituido><NumeroRPSSubstituido>0</NumeroRPSSubstituido><NumeroNFSeSubstituida>0</NumeroNFSeSubstituida><DataEmissaoNFSeSubstituida>1900-01-01</DataEmissaoNFSeSubstituida><SeriePrestacao>99</SeriePrestacao><InscricaoMunicipalTomador>0000000</InscricaoMunicipalTomador><CPFCNPJTomador>01394596774</CPFCNPJTomador><RazaoSocialTomador>DEUSELINA DO DESTERO GPMES</RazaoSocialTomador><TipoLogradouroTomador>RUA</TipoLogradouroTomador><LogradouroTomador>RUA DOM PEDRO II</LogradouroTomador><NumeroEnderecoTomador>171</NumeroEnderecoTomador><TipoBairroTomador>BAIRRO</TipoBairroTomador><BairroTomador>CENTRO</BairroTomador><CidadeTomador>0000266</CidadeTomador><CidadeTomadorDescricao>ALTOS</CidadeTomadorDescricao><CEPTomador>64290000</CEPTomador><EmailTomador>secont@hsmaria.com.br</EmailTomador><CodigoAtividade>861010100</CodigoAtividade><AliquotaAtividade>3.00</AliquotaAtividade><TipoRecolhimento>A</TipoRecolhimento><MunicipioPrestacao>0009051</MunicipioPrestacao><MunicipioPrestacaoDescricao>CAMPO GRANDE</MunicipioPrestacaoDescricao><Operacao>A</Operacao><Tributacao>T</Tributacao><ValorPIS>0.00</ValorPIS><ValorCOFINS>0.00</ValorCOFINS><ValorINSS>0.00</ValorINSS><ValorIR>0.00</ValorIR><ValorCSLL>0.00</ValorCSLL><AliquotaPIS>0.00</AliquotaPIS><AliquotaCOFINS>0.00</AliquotaCOFINS><AliquotaINSS>0.00</AliquotaINSS><AliquotaIR>0.00</AliquotaIR><AliquotaCSLL>0.00</AliquotaCSLL><DescricaoRPS>SERVICOS MEDICOS HOSPITALARES</DescricaoRPS><DDDPrestador>86</DDDPrestador><TelefonePrestador>31945100</TelefonePrestador><DDDTomador>86</DDDTomador><TelefoneTomador>94080961</TelefoneTomador><MotCancelamento></MotCancelamento><Deducoes/><Itens><Item><DiscriminacaoServico>TIREOIDECTOMIA TOTAL</DiscriminacaoServico><Quantidade>1</Quantidade><ValorUnitario>810.00</ValorUnitario><ValorTotal>810.00</ValorTotal></Item><Item><DiscriminacaoServico>BIOPSIA</DiscriminacaoServico><Quantidade>1</Quantidade><ValorUnitario>50.00</ValorUnitario><ValorTotal>50.00</ValorTotal></Item></Itens></RPS><RPS Id="rps:183"><Assinatura>e28705d8cf0f56482de513b35044fc98f7e58fdf</Assinatura><InscricaoMunicipalPrestador>0046744</InscricaoMunicipalPrestador><RazaoSocialPrestador>HOSPITAL SANTA MARIA LTDA</RazaoSocialPrestador><TipoRPS>RPS</TipoRPS><SerieRPS>NF</SerieRPS><NumeroRPS>183</NumeroRPS><DataEmissaoRPS>2009-12-10T00:00:00</DataEmissaoRPS><SituacaoRPS>N</SituacaoRPS><SerieRPSSubstituido></SerieRPSSubstituido><NumeroRPSSubstituido>0</NumeroRPSSubstituido><NumeroNFSeSubstituida>0</NumeroNFSeSubstituida><DataEmissaoNFSeSubstituida>1900-01-01</DataEmissaoNFSeSubstituida><SeriePrestacao>99</SeriePrestacao><InscricaoMunicipalTomador>0000000</InscricaoMunicipalTomador><CPFCNPJTomador>00000000191</CPFCNPJTomador><RazaoSocialTomador>GEOVANE REIS CARVALHO</RazaoSocialTomador><TipoLogradouroTomador>RUA</TipoLogradouroTomador><LogradouroTomador>RUA:CLAUDIO SA /N:498 / PICARREIRA</LogradouroTomador><NumeroEnderecoTomador>498</NumeroEnderecoTomador><TipoBairroTomador>BAIRRO</TipoBairroTomador><BairroTomador>PICARREIRA</BairroTomador><CidadeTomador>0000961</CidadeTomador><CidadeTomadorDescricao>PENALVA</CidadeTomadorDescricao><CEPTomador>65000000</CEPTomador><EmailTomador>secont@hsmaria.com.br</EmailTomador><CodigoAtividade>861010100</CodigoAtividade><AliquotaAtividade>3.00</AliquotaAtividade><TipoRecolhimento>A</TipoRecolhimento><MunicipioPrestacao>0009051</MunicipioPrestacao><MunicipioPrestacaoDescricao>CAMPO GRANDE</MunicipioPrestacaoDescricao><Operacao>A</Operacao><Tributacao>T</Tributacao><ValorPIS>0.00</ValorPIS><ValorCOFINS>0.00</ValorCOFINS><ValorINSS>0.00</ValorINSS><ValorIR>0.00</ValorIR><ValorCSLL>0.00</ValorCSLL><AliquotaPIS>0.00</AliquotaPIS><AliquotaCOFINS>0.00</AliquotaCOFINS><AliquotaINSS>0.00</AliquotaINSS><AliquotaIR>0.00</AliquotaIR><AliquotaCSLL>0.00</AliquotaCSLL><DescricaoRPS>SERVICOS MEDICOS HOSPITALARES</DescricaoRPS><DDDPrestador>86</DDDPrestador><TelefonePrestador>31945100</TelefonePrestador><DDDTomador>86</DDDTomador><TelefoneTomador>88012488</TelefoneTomador><MotCancelamento></MotCancelamento><Deducoes/><Itens><Item><DiscriminacaoServico>EXERESE DE CISTO TIREOGLOSSO</DiscriminacaoServico><Quantidade>1</Quantidade><ValorUnitario>660.00</ValorUnitario><ValorTotal>660.00</ValorTotal></Item><Item><DiscriminacaoServico>SADT</DiscriminacaoServico><Quantidade>1</Quantidade><ValorUnitario>50.00</ValorUnitario><ValorTotal>50.00</ValorTotal></Item></Itens></RPS><RPS Id="rps:184"><Assinatura>1160b2c126f140391ef407dc33cfb0bbe6d7644c</Assinatura><InscricaoMunicipalPrestador>0046744</InscricaoMunicipalPrestador><RazaoSocialPrestador>HOSPITAL SANTA MARIA LTDA</RazaoSocialPrestador><TipoRPS>RPS</TipoRPS><SerieRPS>NF</SerieRPS><NumeroRPS>184</NumeroRPS><DataEmissaoRPS>2009-12-10T00:00:00</DataEmissaoRPS><SituacaoRPS>N</SituacaoRPS><SerieRPSSubstituido></SerieRPSSubstituido><NumeroRPSSubstituido>0</NumeroRPSSubstituido><NumeroNFSeSubstituida>0</NumeroNFSeSubstituida><DataEmissaoNFSeSubstituida>1900-01-01</DataEmissaoNFSeSubstituida><SeriePrestacao>99</SeriePrestacao><InscricaoMunicipalTomador>0000000</InscricaoMunicipalTomador><CPFCNPJTomador>00000000191</CPFCNPJTomador><RazaoSocialTomador>RAIMUNDO JOSE MORAIS</RazaoSocialTomador><TipoLogradouroTomador>RUA</TipoLogradouroTomador><LogradouroTomador>RIACHUELO</LogradouroTomador><NumeroEnderecoTomador>1482</NumeroEnderecoTomador><TipoBairroTomador>BAIRRO</TipoBairroTomador><BairroTomador>VERMELHA</BairroTomador><CidadeTomador>0000266</CidadeTomador><CidadeTomadorDescricao>CAMPO GRANDE</CidadeTomadorDescricao><CEPTomador>64000000</CEPTomador><EmailTomador>secont@hsmaria.com.br</EmailTomador><CodigoAtividade>861010100</CodigoAtividade><AliquotaAtividade>3.00</AliquotaAtividade><TipoRecolhimento>A</TipoRecolhimento><MunicipioPrestacao>0009051</MunicipioPrestacao><MunicipioPrestacaoDescricao>CAMPO GRANDE</MunicipioPrestacaoDescricao><Operacao>A</Operacao><Tributacao>T</Tributacao><ValorPIS>0.00</ValorPIS><ValorCOFINS>0.00</ValorCOFINS><ValorINSS>0.00</ValorINSS><ValorIR>0.00</ValorIR><ValorCSLL>0.00</ValorCSLL><AliquotaPIS>0.00</AliquotaPIS><AliquotaCOFINS>0.00</AliquotaCOFINS><AliquotaINSS>0.00</AliquotaINSS><AliquotaIR>0.00</AliquotaIR><AliquotaCSLL>0.00</AliquotaCSLL><DescricaoRPS>SERVICOS MEDICOS HOSPITALARES</DescricaoRPS><DDDPrestador>86</DDDPrestador><TelefonePrestador>31945100</TelefonePrestador><DDDTomador>86</DDDTomador><TelefoneTomador>32116866</TelefoneTomador><MotCancelamento></MotCancelamento><Deducoes/><Itens><Item><DiscriminacaoServico>MEDICACAO</DiscriminacaoServico><Quantidade>1</Quantidade><ValorUnitario>91.80</ValorUnitario><ValorTotal>91.80</ValorTotal></Item></Itens></RPS><RPS Id="rps:185"><Assinatura>e5baaf0156954613b54ec52f258d00dbe4cadf32</Assinatura><InscricaoMunicipalPrestador>0046744</InscricaoMunicipalPrestador><RazaoSocialPrestador>HOSPITAL SANTA MARIA LTDA</RazaoSocialPrestador><TipoRPS>RPS</TipoRPS><SerieRPS>NF</SerieRPS><NumeroRPS>185</NumeroRPS><DataEmissaoRPS>2009-12-10T00:00:00</DataEmissaoRPS><SituacaoRPS>N</SituacaoRPS><SerieRPSSubstituido></SerieRPSSubstituido><NumeroRPSSubstituido>0</NumeroRPSSubstituido><NumeroNFSeSubstituida>0</NumeroNFSeSubstituida><DataEmissaoNFSeSubstituida>1900-01-01</DataEmissaoNFSeSubstituida><SeriePrestacao>99</SeriePrestacao><InscricaoMunicipalTomador>0000000</InscricaoMunicipalTomador><CPFCNPJTomador>00000000191</CPFCNPJTomador><RazaoSocialTomador>RAIMUNDO NONATO LOPES DE SOUSA</RazaoSocialTomador><TipoLogradouroTomador>RUA</TipoLogradouroTomador><LogradouroTomador>R 15 DE NOVEMBRO</LogradouroTomador><NumeroEnderecoTomador>09</NumeroEnderecoTomador><TipoBairroTomador>BAIRRO</TipoBairroTomador><BairroTomador>CENTRO</BairroTomador><CidadeTomador>0000266</CidadeTomador><CidadeTomadorDescricao>CAMPO GRANDE</CidadeTomadorDescricao><CEPTomador>64000000</CEPTomador><EmailTomador>secont@hsmaria.com.br</EmailTomador><CodigoAtividade>861010100</CodigoAtividade><AliquotaAtividade>3.00</AliquotaAtividade><TipoRecolhimento>A</TipoRecolhimento><MunicipioPrestacao>0009051</MunicipioPrestacao><MunicipioPrestacaoDescricao>CAMPO GRANDE</MunicipioPrestacaoDescricao><Operacao>A</Operacao><Tributacao>T</Tributacao><ValorPIS>0.00</ValorPIS><ValorCOFINS>0.00</ValorCOFINS><ValorINSS>0.00</ValorINSS><ValorIR>0.00</ValorIR><ValorCSLL>0.00</ValorCSLL><AliquotaPIS>0.00</AliquotaPIS><AliquotaCOFINS>0.00</AliquotaCOFINS><AliquotaINSS>0.00</AliquotaINSS><AliquotaIR>0.00</AliquotaIR><AliquotaCSLL>0.00</AliquotaCSLL><DescricaoRPS>SERVICOS MEDICOS HOSPITALARES</DescricaoRPS><DDDPrestador>86</DDDPrestador><TelefonePrestador>31945100</TelefonePrestador><DDDTomador>86</DDDTomador><TelefoneTomador>81457978</TelefoneTomador><MotCancelamento></MotCancelamento><Deducoes/><Itens><Item><DiscriminacaoServico>MEDICACAO E REPOUSO</DiscriminacaoServico><Quantidade>1</Quantidade><ValorUnitario>138.35</ValorUnitario><ValorTotal>138.35</ValorTotal></Item></Itens></RPS><RPS Id="rps:186"><Assinatura>02ace198e9deab830f623d481ce9fae5cd585084</Assinatura><InscricaoMunicipalPrestador>0046744</InscricaoMunicipalPrestador><RazaoSocialPrestador>HOSPITAL SANTA MARIA LTDA</RazaoSocialPrestador><TipoRPS>RPS</TipoRPS><SerieRPS>NF</SerieRPS><NumeroRPS>186</NumeroRPS><DataEmissaoRPS>2009-12-10T00:00:00</DataEmissaoRPS><SituacaoRPS>N</SituacaoRPS><SerieRPSSubstituido></SerieRPSSubstituido><NumeroRPSSubstituido>0</NumeroRPSSubstituido><NumeroNFSeSubstituida>0</NumeroNFSeSubstituida><DataEmissaoNFSeSubstituida>1900-01-01</DataEmissaoNFSeSubstituida><SeriePrestacao>99</SeriePrestacao><InscricaoMunicipalTomador>0000000</InscricaoMunicipalTomador><CPFCNPJTomador>00000000191</CPFCNPJTomador><RazaoSocialTomador>NILDE SANTOS SILVA</RazaoSocialTomador><TipoLogradouroTomador>RUA</TipoLogradouroTomador><LogradouroTomador>SITIO PARAISO</LogradouroTomador><NumeroEnderecoTomador>22</NumeroEnderecoTomador><TipoBairroTomador>BAIRRO</TipoBairroTomador><BairroTomador>ZONA RURAL</BairroTomador><CidadeTomador>0000401</CidadeTomador><CidadeTomadorDescricao>NOVO REPARTIMENTO</CidadeTomadorDescricao><CEPTomador>64000000</CEPTomador><EmailTomador>secont@hsmaria.com.br</EmailTomador><CodigoAtividade>861010100</CodigoAtividade><AliquotaAtividade>3.00</AliquotaAtividade><TipoRecolhimento>A</TipoRecolhimento><MunicipioPrestacao>0009051</MunicipioPrestacao><MunicipioPrestacaoDescricao>CAMPO GRANDE</MunicipioPrestacaoDescricao><Operacao>A</Operacao><Tributacao>T</Tributacao><ValorPIS>0.00</ValorPIS><ValorCOFINS>0.00</ValorCOFINS><ValorINSS>0.00</ValorINSS><ValorIR>0.00</ValorIR><ValorCSLL>0.00</ValorCSLL><AliquotaPIS>0.00</AliquotaPIS><AliquotaCOFINS>0.00</AliquotaCOFINS><AliquotaINSS>0.00</AliquotaINSS><AliquotaIR>0.00</AliquotaIR><AliquotaCSLL>0.00</AliquotaCSLL><DescricaoRPS>SERVICOS MEDICOS HOSPITALARES</DescricaoRPS><DDDPrestador>86</DDDPrestador><TelefonePrestador>31945100</TelefonePrestador><DDDTomador>86</DDDTomador><TelefoneTomador>00000000</TelefoneTomador><MotCancelamento></MotCancelamento><Deducoes/><Itens><Item><DiscriminacaoServico>APLICACAO</DiscriminacaoServico><Quantidade>1</Quantidade><ValorUnitario>5.00</ValorUnitario><ValorTotal>5.00</ValorTotal></Item></Itens></RPS><RPS Id="rps:187"><Assinatura>a927670cea0a0e2a80c568ad0e638aa5925e2640</Assinatura><InscricaoMunicipalPrestador>0046744</InscricaoMunicipalPrestador><RazaoSocialPrestador>HOSPITAL SANTA MARIA LTDA</RazaoSocialPrestador><TipoRPS>RPS</TipoRPS><SerieRPS>NF</SerieRPS><NumeroRPS>187</NumeroRPS><DataEmissaoRPS>2009-12-10T00:00:00</DataEmissaoRPS><SituacaoRPS>N</SituacaoRPS><SerieRPSSubstituido></SerieRPSSubstituido><NumeroRPSSubstituido>0</NumeroRPSSubstituido><NumeroNFSeSubstituida>0</NumeroNFSeSubstituida><DataEmissaoNFSeSubstituida>1900-01-01</DataEmissaoNFSeSubstituida><SeriePrestacao>99</SeriePrestacao><InscricaoMunicipalTomador>0000000</InscricaoMunicipalTomador><CPFCNPJTomador>00000000191</CPFCNPJTomador><RazaoSocialTomador>FRANCISCA DE JESUS ANDRADE</RazaoSocialTomador><TipoLogradouroTomador>RUA</TipoLogradouroTomador><LogradouroTomador>QD:111 CASA:11</LogradouroTomador><NumeroEnderecoTomador>11</NumeroEnderecoTomador><TipoBairroTomador>BAIRRO</TipoBairroTomador><BairroTomador>DIRCEU I</BairroTomador><CidadeTomador>0009051</CidadeTomador><CidadeTomadorDescricao>CAMPO GRANDE</CidadeTomadorDescricao><CEPTomador>64000000</CEPTomador><EmailTomador>secont@hsmaria.com.br</EmailTomador><CodigoAtividade>861010100</CodigoAtividade><AliquotaAtividade>3.00</AliquotaAtividade><TipoRecolhimento>A</TipoRecolhimento><MunicipioPrestacao>0009051</MunicipioPrestacao><MunicipioPrestacaoDescricao>CAMPO GRANDE</MunicipioPrestacaoDescricao><Operacao>A</Operacao><Tributacao>T</Tributacao><ValorPIS>0.00</ValorPIS><ValorCOFINS>0.00</ValorCOFINS><ValorINSS>0.00</ValorINSS><ValorIR>0.00</ValorIR><ValorCSLL>0.00</ValorCSLL><AliquotaPIS>0.00</AliquotaPIS><AliquotaCOFINS>0.00</AliquotaCOFINS><AliquotaINSS>0.00</AliquotaINSS><AliquotaIR>0.00</AliquotaIR><AliquotaCSLL>0.00</AliquotaCSLL><DescricaoRPS>SERVICOS MEDICOS HOSPITALARES</DescricaoRPS><DDDPrestador>86</DDDPrestador><TelefonePrestador>31945100</TelefonePrestador><DDDTomador>86</DDDTomador><TelefoneTomador>22222222</TelefoneTomador><MotCancelamento></MotCancelamento><Deducoes/><Itens><Item><DiscriminacaoServico>FRIGOBAR</DiscriminacaoServico><Quantidade>1</Quantidade><ValorUnitario>30.00</ValorUnitario><ValorTotal>30.00</ValorTotal></Item></Itens></RPS><RPS Id="rps:188"><Assinatura>6388180a81f725797a84958fb71b403c5df026e9</Assinatura><InscricaoMunicipalPrestador>0046744</InscricaoMunicipalPrestador><RazaoSocialPrestador>HOSPITAL SANTA MARIA LTDA</RazaoSocialPrestador><TipoRPS>RPS</TipoRPS><SerieRPS>NF</SerieRPS><NumeroRPS>188</NumeroRPS><DataEmissaoRPS>2009-12-10T00:00:00</DataEmissaoRPS><SituacaoRPS>N</SituacaoRPS><SerieRPSSubstituido></SerieRPSSubstituido><NumeroRPSSubstituido>0</NumeroRPSSubstituido><NumeroNFSeSubstituida>0</NumeroNFSeSubstituida><DataEmissaoNFSeSubstituida>1900-01-01</DataEmissaoNFSeSubstituida><SeriePrestacao>99</SeriePrestacao><InscricaoMunicipalTomador>0000000</InscricaoMunicipalTomador><CPFCNPJTomador>00000000191</CPFCNPJTomador><RazaoSocialTomador>ROMULO DE DEUS PEREIRA OLIVEIRA</RazaoSocialTomador><TipoLogradouroTomador>RUA</TipoLogradouroTomador><LogradouroTomador>RUA VEREADOR EMILIO OMATE VILA DA GUIA</LogradouroTomador><NumeroEnderecoTomador>2531</NumeroEnderecoTomador><TipoBairroTomador>BAIRRO</TipoBairroTomador><BairroTomador>DIRCEU II</BairroTomador><CidadeTomador>0009051</CidadeTomador><CidadeTomadorDescricao>CAMPO GRANDE</CidadeTomadorDescricao><CEPTomador>64000000</CEPTomador><EmailTomador>secont@hsmaria.com.br</EmailTomador><CodigoAtividade>861010100</CodigoAtividade><AliquotaAtividade>3.00</AliquotaAtividade><TipoRecolhimento>A</TipoRecolhimento><MunicipioPrestacao>0009051</MunicipioPrestacao><MunicipioPrestacaoDescricao>CAMPO GRANDE</MunicipioPrestacaoDescricao><Operacao>A</Operacao><Tributacao>T</Tributacao><ValorPIS>0.00</ValorPIS><ValorCOFINS>0.00</ValorCOFINS><ValorINSS>0.00</ValorINSS><ValorIR>0.00</ValorIR><ValorCSLL>0.00</ValorCSLL><AliquotaPIS>0.00</AliquotaPIS><AliquotaCOFINS>0.00</AliquotaCOFINS><AliquotaINSS>0.00</AliquotaINSS><AliquotaIR>0.00</AliquotaIR><AliquotaCSLL>0.00</AliquotaCSLL><DescricaoRPS>SERVICOS MEDICOS HOSPITALARES</DescricaoRPS><DDDPrestador>86</DDDPrestador><TelefonePrestador>31945100</TelefonePrestador><DDDTomador>86</DDDTomador><TelefoneTomador>99535079</TelefoneTomador><MotCancelamento></MotCancelamento><Deducoes/><Itens><Item><DiscriminacaoServico>CONSULTA ELETIVA</DiscriminacaoServico><Quantidade>1</Quantidade><ValorUnitario>70.00</ValorUnitario><ValorTotal>70.00</ValorTotal></Item></Itens></RPS><RPS Id="rps:189"><Assinatura>c3d943e16574039e69e8ad83d2ccdc13e7619815</Assinatura><InscricaoMunicipalPrestador>0046744</InscricaoMunicipalPrestador><RazaoSocialPrestador>HOSPITAL SANTA MARIA LTDA</RazaoSocialPrestador><TipoRPS>RPS</TipoRPS><SerieRPS>NF</SerieRPS><NumeroRPS>189</NumeroRPS><DataEmissaoRPS>2009-12-10T00:00:00</DataEmissaoRPS><SituacaoRPS>N</SituacaoRPS><SerieRPSSubstituido></SerieRPSSubstituido><NumeroRPSSubstituido>0</NumeroRPSSubstituido><NumeroNFSeSubstituida>0</NumeroNFSeSubstituida><DataEmissaoNFSeSubstituida>1900-01-01</DataEmissaoNFSeSubstituida><SeriePrestacao>99</SeriePrestacao><InscricaoMunicipalTomador>0000000</InscricaoMunicipalTomador><CPFCNPJTomador>00000000191</CPFCNPJTomador><RazaoSocialTomador>ELVIRA MARIA DA CONCEICAO DE SOUSA</RazaoSocialTomador><TipoLogradouroTomador>RUA</TipoLogradouroTomador><LogradouroTomador>R TREVESSA 28 DE JUNHO SUL</LogradouroTomador><NumeroEnderecoTomador>98</NumeroEnderecoTomador><TipoBairroTomador>BAIRRO</TipoBairroTomador><BairroTomador>CENTRO</BairroTomador><CidadeTomador>0000961</CidadeTomador><CidadeTomadorDescricao>PRESIDENTE DUTRA</CidadeTomadorDescricao><CEPTomador>6500000</CEPTomador><EmailTomador>secont@hsmaria.com.br</EmailTomador><CodigoAtividade>861010100</CodigoAtividade><AliquotaAtividade>3.00</AliquotaAtividade><TipoRecolhimento>A</TipoRecolhimento><MunicipioPrestacao>0009051</MunicipioPrestacao><MunicipioPrestacaoDescricao>CAMPO GRANDE</MunicipioPrestacaoDescricao><Operacao>A</Operacao><Tributacao>T</Tributacao><ValorPIS>0.00</ValorPIS><ValorCOFINS>0.00</ValorCOFINS><ValorINSS>0.00</ValorINSS><ValorIR>0.00</ValorIR><ValorCSLL>0.00</ValorCSLL><AliquotaPIS>0.00</AliquotaPIS><AliquotaCOFINS>0.00</AliquotaCOFINS><AliquotaINSS>0.00</AliquotaINSS><AliquotaIR>0.00</AliquotaIR><AliquotaCSLL>0.00</AliquotaCSLL><DescricaoRPS>SERVICOS MEDICOS HOSPITALARES</DescricaoRPS><DDDPrestador>86</DDDPrestador><TelefonePrestador>31945100</TelefonePrestador><DDDTomador>99</DDDTomador><TelefoneTomador>88440037</TelefoneTomador><MotCancelamento></MotCancelamento><Deducoes/><Itens><Item><DiscriminacaoServico>SAFENECTOMIA BILATERAL</DiscriminacaoServico><Quantidade>1</Quantidade><ValorUnitario>720.00</ValorUnitario><ValorTotal>720.00</ValorTotal></Item></Itens></RPS><RPS Id="rps:190"><Assinatura>06188cc67682831f49954d6a68019810a2e071c5</Assinatura><InscricaoMunicipalPrestador>0046744</InscricaoMunicipalPrestador><RazaoSocialPrestador>HOSPITAL SANTA MARIA LTDA</RazaoSocialPrestador><TipoRPS>RPS</TipoRPS><SerieRPS>NF</SerieRPS><NumeroRPS>190</NumeroRPS><DataEmissaoRPS>2009-12-10T00:00:00</DataEmissaoRPS><SituacaoRPS>N</SituacaoRPS><SerieRPSSubstituido></SerieRPSSubstituido><NumeroRPSSubstituido>0</NumeroRPSSubstituido><NumeroNFSeSubstituida>0</NumeroNFSeSubstituida><DataEmissaoNFSeSubstituida>1900-01-01</DataEmissaoNFSeSubstituida><SeriePrestacao>99</SeriePrestacao><InscricaoMunicipalTomador>0000000</InscricaoMunicipalTomador><CPFCNPJTomador>00000000191</CPFCNPJTomador><RazaoSocialTomador>KATIUSCIA POLIANA JAMILY DE OLIVEIRA DAMASCENO</RazaoSocialTomador><TipoLogradouroTomador>RUA</TipoLogradouroTomador><LogradouroTomador>R QUINTINO BOCAIUVA</LogradouroTomador><NumeroEnderecoTomador>1123</NumeroEnderecoTomador><TipoBairroTomador>BAIRRO</TipoBairroTomador><BairroTomador>NOSSA SENHORA DAS GRACAS</BairroTomador><CidadeTomador>0009051</CidadeTomador><CidadeTomadorDescricao>CAMPO GRANDE</CidadeTomadorDescricao><CEPTomador>64000000</CEPTomador><EmailTomador>secont@hsmaria.com.br</EmailTomador><CodigoAtividade>861010100</CodigoAtividade><AliquotaAtividade>3.00</AliquotaAtividade><TipoRecolhimento>A</TipoRecolhimento><MunicipioPrestacao>0009051</MunicipioPrestacao><MunicipioPrestacaoDescricao>CAMPO GRANDE</MunicipioPrestacaoDescricao><Operacao>A</Operacao><Tributacao>T</Tributacao><ValorPIS>0.00</ValorPIS><ValorCOFINS>0.00</ValorCOFINS><ValorINSS>0.00</ValorINSS><ValorIR>0.00</ValorIR><ValorCSLL>0.00</ValorCSLL><AliquotaPIS>0.00</AliquotaPIS><AliquotaCOFINS>0.00</AliquotaCOFINS><AliquotaINSS>0.00</AliquotaINSS><AliquotaIR>0.00</AliquotaIR><AliquotaCSLL>0.00</AliquotaCSLL><DescricaoRPS>SERVICOS MEDICOS HOSPITALARES</DescricaoRPS><DDDPrestador>86</DDDPrestador><TelefonePrestador>31945100</TelefonePrestador><DDDTomador>86</DDDTomador><TelefoneTomador>32231985</TelefoneTomador><MotCancelamento></MotCancelamento><Deducoes/><Itens><Item><DiscriminacaoServico>CONSULTA EM PRONTO SOCORRO</DiscriminacaoServico><Quantidade>1</Quantidade><ValorUnitario>7.50</ValorUnitario><ValorTotal>7.50</ValorTotal></Item></Itens></RPS><RPS Id="rps:191"><Assinatura>54d70aa53d352ffa466daed6b2b560f1bd8dc57f</Assinatura><InscricaoMunicipalPrestador>0046744</InscricaoMunicipalPrestador><RazaoSocialPrestador>HOSPITAL SANTA MARIA LTDA</RazaoSocialPrestador><TipoRPS>RPS</TipoRPS><SerieRPS>NF</SerieRPS><NumeroRPS>191</NumeroRPS><DataEmissaoRPS>2009-12-10T00:00:00</DataEmissaoRPS><SituacaoRPS>N</SituacaoRPS><SerieRPSSubstituido></SerieRPSSubstituido><NumeroRPSSubstituido>0</NumeroRPSSubstituido><NumeroNFSeSubstituida>0</NumeroNFSeSubstituida><DataEmissaoNFSeSubstituida>1900-01-01</DataEmissaoNFSeSubstituida><SeriePrestacao>99</SeriePrestacao><InscricaoMunicipalTomador>0000000</InscricaoMunicipalTomador><CPFCNPJTomador>00000000191</CPFCNPJTomador><RazaoSocialTomador>OMAR DOS SANTOS ROCHA</RazaoSocialTomador><TipoLogradouroTomador>RUA</TipoLogradouroTomador><LogradouroTomador>R. CLODOALDO FREITAS 1379.CENTRO</LogradouroTomador><NumeroEnderecoTomador>1378</NumeroEnderecoTomador><TipoBairroTomador>BAIRRO</TipoBairroTomador><BairroTomador>CENTRO</BairroTomador><CidadeTomador>0009051</CidadeTomador><CidadeTomadorDescricao>CAMPO GRANDE</CidadeTomadorDescricao><CEPTomador>64000360</CEPTomador><EmailTomador>secont@hsmaria.com.br</EmailTomador><CodigoAtividade>861010100</CodigoAtividade><AliquotaAtividade>3.00</AliquotaAtividade><TipoRecolhimento>A</TipoRecolhimento><MunicipioPrestacao>0009051</MunicipioPrestacao><MunicipioPrestacaoDescricao>CAMPO GRANDE</MunicipioPrestacaoDescricao><Operacao>A</Operacao><Tributacao>T</Tributacao><ValorPIS>0.00</ValorPIS><ValorCOFINS>0.00</ValorCOFINS><ValorINSS>0.00</ValorINSS><ValorIR>0.00</ValorIR><ValorCSLL>0.00</ValorCSLL><AliquotaPIS>0.00</AliquotaPIS><AliquotaCOFINS>0.00</AliquotaCOFINS><AliquotaINSS>0.00</AliquotaINSS><AliquotaIR>0.00</AliquotaIR><AliquotaCSLL>0.00</AliquotaCSLL><DescricaoRPS>SERVICOS MEDICOS HOSPITALARES</DescricaoRPS><DDDPrestador>86</DDDPrestador><TelefonePrestador>31945100</TelefonePrestador><DDDTomador>86</DDDTomador><TelefoneTomador>88262009</TelefoneTomador><MotCancelamento></MotCancelamento><Deducoes/><Itens><Item><DiscriminacaoServico>REFEICAO</DiscriminacaoServico><Quantidade>2</Quantidade><ValorUnitario>4.00</ValorUnitario><ValorTotal>8.00</ValorTotal></Item></Itens></RPS><RPS Id="rps:192"><Assinatura>696cc0b9780f4842d0884fe90cb8bc14d0c68bac</Assinatura><InscricaoMunicipalPrestador>0046744</InscricaoMunicipalPrestador><RazaoSocialPrestador>HOSPITAL SANTA MARIA LTDA</RazaoSocialPrestador><TipoRPS>RPS</TipoRPS><SerieRPS>NF</SerieRPS><NumeroRPS>192</NumeroRPS><DataEmissaoRPS>2009-12-10T00:00:00</DataEmissaoRPS><SituacaoRPS>N</SituacaoRPS><SerieRPSSubstituido></SerieRPSSubstituido><NumeroRPSSubstituido>0</NumeroRPSSubstituido><NumeroNFSeSubstituida>0</NumeroNFSeSubstituida><DataEmissaoNFSeSubstituida>1900-01-01</DataEmissaoNFSeSubstituida><SeriePrestacao>99</SeriePrestacao><InscricaoMunicipalTomador>0000000</InscricaoMunicipalTomador><CPFCNPJTomador>00000000191</CPFCNPJTomador><RazaoSocialTomador>HILDIMAR ALMEIDA SILVA</RazaoSocialTomador><TipoLogradouroTomador>RUA</TipoLogradouroTomador><LogradouroTomador>R.DR.AIRTON FREITAS QD.31 CASA</LogradouroTomador><NumeroEnderecoTomador>15</NumeroEnderecoTomador><TipoBairroTomador>BAIRRO</TipoBairroTomador><BairroTomador>PARQUE SUL</BairroTomador><CidadeTomador>0000935</CidadeTomador><CidadeTomadorDescricao>TIMON</CidadeTomadorDescricao><CEPTomador>64033650</CEPTomador><EmailTomador>secont@hsmaria.com.br</EmailTomador><CodigoAtividade>861010100</CodigoAtividade><AliquotaAtividade>3.00</AliquotaAtividade><TipoRecolhimento>A</TipoRecolhimento><MunicipioPrestacao>0009051</MunicipioPrestacao><MunicipioPrestacaoDescricao>CAMPO GRANDE</MunicipioPrestacaoDescricao><Operacao>A</Operacao><Tributacao>T</Tributacao><ValorPIS>0.00</ValorPIS><ValorCOFINS>0.00</ValorCOFINS><ValorINSS>0.00</ValorINSS><ValorIR>0.00</ValorIR><ValorCSLL>0.00</ValorCSLL><AliquotaPIS>0.00</AliquotaPIS><AliquotaCOFINS>0.00</AliquotaCOFINS><AliquotaINSS>0.00</AliquotaINSS><AliquotaIR>0.00</AliquotaIR><AliquotaCSLL>0.00</AliquotaCSLL><DescricaoRPS>SERVICOS MEDICOS HOSPITALARES</DescricaoRPS><DDDPrestador>86</DDDPrestador><TelefonePrestador>31945100</TelefonePrestador><DDDTomador>86</DDDTomador><TelefoneTomador>32200802</TelefoneTomador><MotCancelamento></MotCancelamento><Deducoes/><Itens><Item><DiscriminacaoServico>REFEICAO</DiscriminacaoServico><Quantidade>2</Quantidade><ValorUnitario>4.00</ValorUnitario><ValorTotal>8.00</ValorTotal></Item></Itens></RPS><RPS Id="rps:193"><Assinatura>79bb4a75047244269cd1fd235ab7895a2408a9df</Assinatura><InscricaoMunicipalPrestador>0046744</InscricaoMunicipalPrestador><RazaoSocialPrestador>HOSPITAL SANTA MARIA LTDA</RazaoSocialPrestador><TipoRPS>RPS</TipoRPS><SerieRPS>NF</SerieRPS><NumeroRPS>193</NumeroRPS><DataEmissaoRPS>2009-12-10T00:00:00</DataEmissaoRPS><SituacaoRPS>N</SituacaoRPS><SerieRPSSubstituido></SerieRPSSubstituido><NumeroRPSSubstituido>0</NumeroRPSSubstituido><NumeroNFSeSubstituida>0</NumeroNFSeSubstituida><DataEmissaoNFSeSubstituida>1900-01-01</DataEmissaoNFSeSubstituida><SeriePrestacao>99</SeriePrestacao><InscricaoMunicipalTomador>0000000</InscricaoMunicipalTomador><CPFCNPJTomador>00000000191</CPFCNPJTomador><RazaoSocialTomador>VALERIA VAZ DA SILVA</RazaoSocialTomador><TipoLogradouroTomador>RUA</TipoLogradouroTomador><LogradouroTomador>RUA ABACATE</LogradouroTomador><NumeroEnderecoTomador>S-N</NumeroEnderecoTomador><TipoBairroTomador>BAIRRO</TipoBairroTomador><BairroTomador>SEBASTIAO LEAL</BairroTomador><CidadeTomador>0000266</CidadeTomador><CidadeTomadorDescricao>SEBASTIAO LEAL</CidadeTomadorDescricao><CEPTomador>64000000</CEPTomador><EmailTomador>secont@hsmaria.com.br</EmailTomador><CodigoAtividade>861010100</CodigoAtividade><AliquotaAtividade>3.00</AliquotaAtividade><TipoRecolhimento>A</TipoRecolhimento><MunicipioPrestacao>0009051</MunicipioPrestacao><MunicipioPrestacaoDescricao>CAMPO GRANDE</MunicipioPrestacaoDescricao><Operacao>A</Operacao><Tributacao>T</Tributacao><ValorPIS>0.00</ValorPIS><ValorCOFINS>0.00</ValorCOFINS><ValorINSS>0.00</ValorINSS><ValorIR>0.00</ValorIR><ValorCSLL>0.00</ValorCSLL><AliquotaPIS>0.00</AliquotaPIS><AliquotaCOFINS>0.00</AliquotaCOFINS><AliquotaINSS>0.00</AliquotaINSS><AliquotaIR>0.00</AliquotaIR><AliquotaCSLL>0.00</AliquotaCSLL><DescricaoRPS>SERVICOS MEDICOS HOSPITALARES</DescricaoRPS><DDDPrestador>86</DDDPrestador><TelefonePrestador>31945100</TelefonePrestador><DDDTomador>86</DDDTomador><TelefoneTomador>99791560</TelefoneTomador><MotCancelamento></MotCancelamento><Deducoes/><Itens><Item><DiscriminacaoServico>PEQUENA CIRURGIA</DiscriminacaoServico><Quantidade>1</Quantidade><ValorUnitario>180.00</ValorUnitario><ValorTotal>180.00</ValorTotal></Item><Item><DiscriminacaoServico>SADT</DiscriminacaoServico><Quantidade>1</Quantidade><ValorUnitario>50.00</ValorUnitario><ValorTotal>50.00</ValorTotal></Item></Itens></RPS><RPS Id="rps:194"><Assinatura>5bd15bc460889d2921ae0c9cad57a566fe2d29ab</Assinatura><InscricaoMunicipalPrestador>0046744</InscricaoMunicipalPrestador><RazaoSocialPrestador>HOSPITAL SANTA MARIA LTDA</RazaoSocialPrestador><TipoRPS>RPS</TipoRPS><SerieRPS>NF</SerieRPS><NumeroRPS>194</NumeroRPS><DataEmissaoRPS>2009-12-10T00:00:00</DataEmissaoRPS><SituacaoRPS>N</SituacaoRPS><SerieRPSSubstituido></SerieRPSSubstituido><NumeroRPSSubstituido>0</NumeroRPSSubstituido><NumeroNFSeSubstituida>0</NumeroNFSeSubstituida><DataEmissaoNFSeSubstituida>1900-01-01</DataEmissaoNFSeSubstituida><SeriePrestacao>99</SeriePrestacao><InscricaoMunicipalTomador>0000000</InscricaoMunicipalTomador><CPFCNPJTomador>00000000191</CPFCNPJTomador><RazaoSocialTomador>ANTONIA DE SOUSA RODRIGUES</RazaoSocialTomador><TipoLogradouroTomador>RUA</TipoLogradouroTomador><LogradouroTomador>RUA:MANOEL DE OLIVEIRA GOMES/ S/N CEASA</LogradouroTomador><NumeroEnderecoTomador>S/N</NumeroEnderecoTomador><TipoBairroTomador>BAIRRO</TipoBairroTomador><BairroTomador>CEASA</BairroTomador><CidadeTomador>0000961</CidadeTomador><CidadeTomadorDescricao>DOM PEDRO</CidadeTomadorDescricao><CEPTomador>65000000</CEPTomador><EmailTomador>secont@hsmaria.com.br</EmailTomador><CodigoAtividade>861010100</CodigoAtividade><AliquotaAtividade>3.00</AliquotaAtividade><TipoRecolhimento>A</TipoRecolhimento><MunicipioPrestacao>0009051</MunicipioPrestacao><MunicipioPrestacaoDescricao>CAMPO GRANDE</MunicipioPrestacaoDescricao><Operacao>A</Operacao><Tributacao>T</Tributacao><ValorPIS>0.00</ValorPIS><ValorCOFINS>0.00</ValorCOFINS><ValorINSS>0.00</ValorINSS><ValorIR>0.00</ValorIR><ValorCSLL>0.00</ValorCSLL><AliquotaPIS>0.00</AliquotaPIS><AliquotaCOFINS>0.00</AliquotaCOFINS><AliquotaINSS>0.00</AliquotaINSS><AliquotaIR>0.00</AliquotaIR><AliquotaCSLL>0.00</AliquotaCSLL><DescricaoRPS>SERVICOS MEDICOS HOSPITALARES</DescricaoRPS><DDDPrestador>86</DDDPrestador><TelefonePrestador>31945100</TelefonePrestador><DDDTomador>99</DDDTomador><TelefoneTomador>36621551</TelefoneTomador><MotCancelamento></MotCancelamento><Deducoes/><Itens><Item><DiscriminacaoServico>GASTRITES</DiscriminacaoServico><Quantidade>1</Quantidade><ValorUnitario>580.00</ValorUnitario><ValorTotal>580.00</ValorTotal></Item></Itens></RPS><RPS Id="rps:195"><Assinatura>43c3db787d0ad0d99e8b34b0264fdd707c245965</Assinatura><InscricaoMunicipalPrestador>0046744</InscricaoMunicipalPrestador><RazaoSocialPrestador>HOSPITAL SANTA MARIA LTDA</RazaoSocialPrestador><TipoRPS>RPS</TipoRPS><SerieRPS>NF</SerieRPS><NumeroRPS>195</NumeroRPS><DataEmissaoRPS>2009-12-10T00:00:00</DataEmissaoRPS><SituacaoRPS>N</SituacaoRPS><SerieRPSSubstituido></SerieRPSSubstituido><NumeroRPSSubstituido>0</NumeroRPSSubstituido><NumeroNFSeSubstituida>0</NumeroNFSeSubstituida><DataEmissaoNFSeSubstituida>1900-01-01</DataEmissaoNFSeSubstituida><SeriePrestacao>99</SeriePrestacao><InscricaoMunicipalTomador>0000000</InscricaoMunicipalTomador><CPFCNPJTomador>00000000191</CPFCNPJTomador><RazaoSocialTomador>RAIMUNDO HONORATO DE OLIVEIRA</RazaoSocialTomador><TipoLogradouroTomador>RUA</TipoLogradouroTomador><LogradouroTomador>QUADRA 10 BLOCO -09 APT 104</LogradouroTomador><NumeroEnderecoTomador>104</NumeroEnderecoTomador><TipoBairroTomador>BAIRRO</TipoBairroTomador><BairroTomador>MORADA DO SOL</BairroTomador><CidadeTomador>0009051</CidadeTomador><CidadeTomadorDescricao>CAMPO GRANDE</CidadeTomadorDescricao><CEPTomador>64023128</CEPTomador><EmailTomador>secont@hsmaria.com.br</EmailTomador><CodigoAtividade>861010100</CodigoAtividade><AliquotaAtividade>3.00</AliquotaAtividade><TipoRecolhimento>A</TipoRecolhimento><MunicipioPrestacao>0009051</MunicipioPrestacao><MunicipioPrestacaoDescricao>CAMPO GRANDE</MunicipioPrestacaoDescricao><Operacao>A</Operacao><Tributacao>T</Tributacao><ValorPIS>0.00</ValorPIS><ValorCOFINS>0.00</ValorCOFINS><ValorINSS>0.00</ValorINSS><ValorIR>0.00</ValorIR><ValorCSLL>0.00</ValorCSLL><AliquotaPIS>0.00</AliquotaPIS><AliquotaCOFINS>0.00</AliquotaCOFINS><AliquotaINSS>0.00</AliquotaINSS><AliquotaIR>0.00</AliquotaIR><AliquotaCSLL>0.00</AliquotaCSLL><DescricaoRPS>SERVICOS MEDICOS HOSPITALARES</DescricaoRPS><DDDPrestador>86</DDDPrestador><TelefonePrestador>31945100</TelefonePrestador><DDDTomador>86</DDDTomador><TelefoneTomador>88332560</TelefoneTomador><MotCancelamento></MotCancelamento><Deducoes/><Itens><Item><DiscriminacaoServico>CONSULTA PRE-ANESTESICA</DiscriminacaoServico><Quantidade>1</Quantidade><ValorUnitario>70.00</ValorUnitario><ValorTotal>70.00</ValorTotal></Item></Itens></RPS><RPS Id="rps:196"><Assinatura>b68d299e8d65cf8620b3a66a2f62e2402b1c87f5</Assinatura><InscricaoMunicipalPrestador>0046744</InscricaoMunicipalPrestador><RazaoSocialPrestador>HOSPITAL SANTA MARIA LTDA</RazaoSocialPrestador><TipoRPS>RPS</TipoRPS><SerieRPS>NF</SerieRPS><NumeroRPS>196</NumeroRPS><DataEmissaoRPS>2009-12-10T00:00:00</DataEmissaoRPS><SituacaoRPS>N</SituacaoRPS><SerieRPSSubstituido></SerieRPSSubstituido><NumeroRPSSubstituido>0</NumeroRPSSubstituido><NumeroNFSeSubstituida>0</NumeroNFSeSubstituida><DataEmissaoNFSeSubstituida>1900-01-01</DataEmissaoNFSeSubstituida><SeriePrestacao>99</SeriePrestacao><InscricaoMunicipalTomador>0000000</InscricaoMunicipalTomador><CPFCNPJTomador>64953050363</CPFCNPJTomador><RazaoSocialTomador>SAMUEL ALVES DA SILVA</RazaoSocialTomador><TipoLogradouroTomador>RUA</TipoLogradouroTomador><LogradouroTomador>RUA ARTUR DE OLIVEIRA</LogradouroTomador><NumeroEnderecoTomador>4114</NumeroEnderecoTomador><TipoBairroTomador>BAIRRO</TipoBairroTomador><BairroTomador>PARQUE JUREMA</BairroTomador><CidadeTomador>0009051</CidadeTomador><CidadeTomadorDescricao>CAMPO GRANDE</CidadeTomadorDescricao><CEPTomador>64000000</CEPTomador><EmailTomador>secont@hsmaria.com.br</EmailTomador><CodigoAtividade>861010100</CodigoAtividade><AliquotaAtividade>3.00</AliquotaAtividade><TipoRecolhimento>A</TipoRecolhimento><MunicipioPrestacao>0009051</MunicipioPrestacao><MunicipioPrestacaoDescricao>CAMPO GRANDE</MunicipioPrestacaoDescricao><Operacao>A</Operacao><Tributacao>T</Tributacao><ValorPIS>0.00</ValorPIS><ValorCOFINS>0.00</ValorCOFINS><ValorINSS>0.00</ValorINSS><ValorIR>0.00</ValorIR><ValorCSLL>0.00</ValorCSLL><AliquotaPIS>0.00</AliquotaPIS><AliquotaCOFINS>0.00</AliquotaCOFINS><AliquotaINSS>0.00</AliquotaINSS><AliquotaIR>0.00</AliquotaIR><AliquotaCSLL>0.00</AliquotaCSLL><DescricaoRPS>SERVICOS MEDICOS HOSPITALARES</DescricaoRPS><DDDPrestador>86</DDDPrestador><TelefonePrestador>31945100</TelefonePrestador><DDDTomador>86</DDDTomador><TelefoneTomador>32354112</TelefoneTomador><MotCancelamento></MotCancelamento><Deducoes/><Itens><Item><DiscriminacaoServico>CONSULTA DE URGENCIA</DiscriminacaoServico><Quantidade>1</Quantidade><ValorUnitario>12.50</ValorUnitario><ValorTotal>12.50</ValorTotal></Item></Itens></RPS><RPS Id="rps:197"><Assinatura>8491d932dc4923eda75259313e25607b45e3e7a4</Assinatura><InscricaoMunicipalPrestador>0046744</InscricaoMunicipalPrestador><RazaoSocialPrestador>HOSPITAL SANTA MARIA LTDA</RazaoSocialPrestador><TipoRPS>RPS</TipoRPS><SerieRPS>NF</SerieRPS><NumeroRPS>197</NumeroRPS><DataEmissaoRPS>2009-12-10T00:00:00</DataEmissaoRPS><SituacaoRPS>N</SituacaoRPS><SerieRPSSubstituido></SerieRPSSubstituido><NumeroRPSSubstituido>0</NumeroRPSSubstituido><NumeroNFSeSubstituida>0</NumeroNFSeSubstituida><DataEmissaoNFSeSubstituida>1900-01-01</DataEmissaoNFSeSubstituida><SeriePrestacao>99</SeriePrestacao><InscricaoMunicipalTomador>0000000</InscricaoMunicipalTomador><CPFCNPJTomador>64953050363</CPFCNPJTomador><RazaoSocialTomador>SAMUEL ALVES DA SILVA</RazaoSocialTomador><TipoLogradouroTomador>RUA</TipoLogradouroTomador><LogradouroTomador>RUA ARTUR DE OLIVEIRA</LogradouroTomador><NumeroEnderecoTomador>4114</NumeroEnderecoTomador><TipoBairroTomador>BAIRRO</TipoBairroTomador><BairroTomador>PARQUE JUREMA</BairroTomador><CidadeTomador>0009051</CidadeTomador><CidadeTomadorDescricao>CAMPO GRANDE</CidadeTomadorDescricao><CEPTomador>64000000</CEPTomador><EmailTomador>secont@hsmaria.com.br</EmailTomador><CodigoAtividade>861010100</CodigoAtividade><AliquotaAtividade>3.00</AliquotaAtividade><TipoRecolhimento>A</TipoRecolhimento><MunicipioPrestacao>0009051</MunicipioPrestacao><MunicipioPrestacaoDescricao>CAMPO GRANDE</MunicipioPrestacaoDescricao><Operacao>A</Operacao><Tributacao>T</Tributacao><ValorPIS>0.00</ValorPIS><ValorCOFINS>0.00</ValorCOFINS><ValorINSS>0.00</ValorINSS><ValorIR>0.00</ValorIR><ValorCSLL>0.00</ValorCSLL><AliquotaPIS>0.00</AliquotaPIS><AliquotaCOFINS>0.00</AliquotaCOFINS><AliquotaINSS>0.00</AliquotaINSS><AliquotaIR>0.00</AliquotaIR><AliquotaCSLL>0.00</AliquotaCSLL><DescricaoRPS>SERVICOS MEDICOS HOSPITALARES</DescricaoRPS><DDDPrestador>86</DDDPrestador><TelefonePrestador>31945100</TelefonePrestador><DDDTomador>86</DDDTomador><TelefoneTomador>32354112</TelefoneTomador><MotCancelamento></MotCancelamento><Deducoes/><Itens><Item><DiscriminacaoServico>MEDICACAO</DiscriminacaoServico><Quantidade>1</Quantidade><ValorUnitario>18.90</ValorUnitario><ValorTotal>18.90</ValorTotal></Item></Itens></RPS><RPS Id="rps:198"><Assinatura>ee4c4bc64e0fee6e66b475ccacf526b0028ebf0c</Assinatura><InscricaoMunicipalPrestador>0046744</InscricaoMunicipalPrestador><RazaoSocialPrestador>HOSPITAL SANTA MARIA LTDA</RazaoSocialPrestador><TipoRPS>RPS</TipoRPS><SerieRPS>NF</SerieRPS><NumeroRPS>198</NumeroRPS><DataEmissaoRPS>2009-12-10T00:00:00</DataEmissaoRPS><SituacaoRPS>N</SituacaoRPS><SerieRPSSubstituido></SerieRPSSubstituido><NumeroRPSSubstituido>0</NumeroRPSSubstituido><NumeroNFSeSubstituida>0</NumeroNFSeSubstituida><DataEmissaoNFSeSubstituida>1900-01-01</DataEmissaoNFSeSubstituida><SeriePrestacao>99</SeriePrestacao><InscricaoMunicipalTomador>0000000</InscricaoMunicipalTomador><CPFCNPJTomador>00000000191</CPFCNPJTomador><RazaoSocialTomador>LUZIA ALVES LEAL</RazaoSocialTomador><TipoLogradouroTomador>RUA</TipoLogradouroTomador><LogradouroTomador>R.DUQUE DE CAXIAS,  CENTRO INHUMA.PI</LogradouroTomador><NumeroEnderecoTomador>642</NumeroEnderecoTomador><TipoBairroTomador>BAIRRO</TipoBairroTomador><BairroTomador>CENTRO</BairroTomador><CidadeTomador>0000266</CidadeTomador><CidadeTomadorDescricao>INHUMA</CidadeTomadorDescricao><CEPTomador>64535000</CEPTomador><EmailTomador>secont@hsmaria.com.br</EmailTomador><CodigoAtividade>861010100</CodigoAtividade><AliquotaAtividade>3.00</AliquotaAtividade><TipoRecolhimento>A</TipoRecolhimento><MunicipioPrestacao>0009051</MunicipioPrestacao><MunicipioPrestacaoDescricao>CAMPO GRANDE</MunicipioPrestacaoDescricao><Operacao>A</Operacao><Tributacao>T</Tributacao><ValorPIS>0.00</ValorPIS><ValorCOFINS>0.00</ValorCOFINS><ValorINSS>0.00</ValorINSS><ValorIR>0.00</ValorIR><ValorCSLL>0.00</ValorCSLL><AliquotaPIS>0.00</AliquotaPIS><AliquotaCOFINS>0.00</AliquotaCOFINS><AliquotaINSS>0.00</AliquotaINSS><AliquotaIR>0.00</AliquotaIR><AliquotaCSLL>0.00</AliquotaCSLL><DescricaoRPS>SERVICOS MEDICOS HOSPITALARES</DescricaoRPS><DDDPrestador>86</DDDPrestador><TelefonePrestador>31945100</TelefonePrestador><DDDTomador>86</DDDTomador><TelefoneTomador>32203122</TelefoneTomador><MotCancelamento></MotCancelamento><Deducoes/><Itens><Item><DiscriminacaoServico>EXERESE DE NODULO DE MAMA</DiscriminacaoServico><Quantidade>1</Quantidade><ValorUnitario>530.00</ValorUnitario><ValorTotal>530.00</ValorTotal></Item><Item><DiscriminacaoServico>SADT</DiscriminacaoServico><Quantidade>1</Quantidade><ValorUnitario>50.00</ValorUnitario><ValorTotal>50.00</ValorTotal></Item></Itens></RPS><RPS Id="rps:199"><Assinatura>de3e90887a12041cd4fa3ce921bf533a45c8c4af</Assinatura><InscricaoMunicipalPrestador>0046744</InscricaoMunicipalPrestador><RazaoSocialPrestador>HOSPITAL SANTA MARIA LTDA</RazaoSocialPrestador><TipoRPS>RPS</TipoRPS><SerieRPS>NF</SerieRPS><NumeroRPS>199</NumeroRPS><DataEmissaoRPS>2009-12-10T00:00:00</DataEmissaoRPS><SituacaoRPS>N</SituacaoRPS><SerieRPSSubstituido></SerieRPSSubstituido><NumeroRPSSubstituido>0</NumeroRPSSubstituido><NumeroNFSeSubstituida>0</NumeroNFSeSubstituida><DataEmissaoNFSeSubstituida>1900-01-01</DataEmissaoNFSeSubstituida><SeriePrestacao>99</SeriePrestacao><InscricaoMunicipalTomador>0000000</InscricaoMunicipalTomador><CPFCNPJTomador>00000000191</CPFCNPJTomador><RazaoSocialTomador>MANOEL ERLANES SOUSA NERES</RazaoSocialTomador><TipoLogradouroTomador>RUA</TipoLogradouroTomador><LogradouroTomador>RUA:AMAZONAS /N:95 /CENTRO</LogradouroTomador><NumeroEnderecoTomador>95</NumeroEnderecoTomador><TipoBairroTomador>BAIRRO</TipoBairroTomador><BairroTomador>CENTRO</BairroTomador><CidadeTomador>0000401</CidadeTomador><CidadeTomadorDescricao>ABEL FIGUEIREDO</CidadeTomadorDescricao><CEPTomador>68000000</CEPTomador><EmailTomador>secont@hsmaria.com.br</EmailTomador><CodigoAtividade>861010100</CodigoAtividade><AliquotaAtividade>3.00</AliquotaAtividade><TipoRecolhimento>A</TipoRecolhimento><MunicipioPrestacao>0009051</MunicipioPrestacao><MunicipioPrestacaoDescricao>CAMPO GRANDE</MunicipioPrestacaoDescricao><Operacao>A</Operacao><Tributacao>T</Tributacao><ValorPIS>0.00</ValorPIS><ValorCOFINS>0.00</ValorCOFINS><ValorINSS>0.00</ValorINSS><ValorIR>0.00</ValorIR><ValorCSLL>0.00</ValorCSLL><AliquotaPIS>0.00</AliquotaPIS><AliquotaCOFINS>0.00</AliquotaCOFINS><AliquotaINSS>0.00</AliquotaINSS><AliquotaIR>0.00</AliquotaIR><AliquotaCSLL>0.00</AliquotaCSLL><DescricaoRPS>SERVICOS MEDICOS HOSPITALARES</DescricaoRPS><DDDPrestador>86</DDDPrestador><TelefonePrestador>31945100</TelefonePrestador><DDDTomador>94</DDDTomador><TelefoneTomador>33421421</TelefoneTomador><MotCancelamento></MotCancelamento><Deducoes/><Itens><Item><DiscriminacaoServico>EXERESE DE CISTO TIREOGLOSSO</DiscriminacaoServico><Quantidade>1</Quantidade><ValorUnitario>660.00</ValorUnitario><ValorTotal>660.00</ValorTotal></Item><Item><DiscriminacaoServico>SADT</DiscriminacaoServico><Quantidade>1</Quantidade><ValorUnitario>50.00</ValorUnitario><ValorTotal>50.00</ValorTotal></Item></Itens></RPS><RPS Id="rps:200"><Assinatura>83b5d89f8dd812af3b3c65e832fea3f5f6af3519</Assinatura><InscricaoMunicipalPrestador>0046744</InscricaoMunicipalPrestador><RazaoSocialPrestador>HOSPITAL SANTA MARIA LTDA</RazaoSocialPrestador><TipoRPS>RPS</TipoRPS><SerieRPS>NF</SerieRPS><NumeroRPS>200</NumeroRPS><DataEmissaoRPS>2009-12-10T00:00:00</DataEmissaoRPS><SituacaoRPS>N</SituacaoRPS><SerieRPSSubstituido></SerieRPSSubstituido><NumeroRPSSubstituido>0</NumeroRPSSubstituido><NumeroNFSeSubstituida>0</NumeroNFSeSubstituida><DataEmissaoNFSeSubstituida>1900-01-01</DataEmissaoNFSeSubstituida><SeriePrestacao>99</SeriePrestacao><InscricaoMunicipalTomador>0000000</InscricaoMunicipalTomador><CPFCNPJTomador>00000000191</CPFCNPJTomador><RazaoSocialTomador>MARIA DE JESUS VIEIRA RAMOS</RazaoSocialTomador><TipoLogradouroTomador>RUA</TipoLogradouroTomador><LogradouroTomador>R.GENERAL ADELMAR ROCHA,</LogradouroTomador><NumeroEnderecoTomador>260</NumeroEnderecoTomador><TipoBairroTomador>BAIRRO</TipoBairroTomador><BairroTomador>BAIRRO ALTO</BairroTomador><CidadeTomador>0000266</CidadeTomador><CidadeTomadorDescricao>JERUMENHA</CidadeTomadorDescricao><CEPTomador>64830000</CEPTomador><EmailTomador>secont@hsmaria.com.br</EmailTomador><CodigoAtividade>861010100</CodigoAtividade><AliquotaAtividade>3.00</AliquotaAtividade><TipoRecolhimento>A</TipoRecolhimento><MunicipioPrestacao>0009051</MunicipioPrestacao><MunicipioPrestacaoDescricao>CAMPO GRANDE</MunicipioPrestacaoDescricao><Operacao>A</Operacao><Tributacao>T</Tributacao><ValorPIS>0.00</ValorPIS><ValorCOFINS>0.00</ValorCOFINS><ValorINSS>0.00</ValorINSS><ValorIR>0.00</ValorIR><ValorCSLL>0.00</ValorCSLL><AliquotaPIS>0.00</AliquotaPIS><AliquotaCOFINS>0.00</AliquotaCOFINS><AliquotaINSS>0.00</AliquotaINSS><AliquotaIR>0.00</AliquotaIR><AliquotaCSLL>0.00</AliquotaCSLL><DescricaoRPS>SERVICOS MEDICOS HOSPITALARES</DescricaoRPS><DDDPrestador>86</DDDPrestador><TelefonePrestador>31945100</TelefonePrestador><DDDTomador>86</DDDTomador><TelefoneTomador>94024439</TelefoneTomador><MotCancelamento></MotCancelamento><Deducoes/><Itens><Item><DiscriminacaoServico>CONSULTA URGENCIA</DiscriminacaoServico><Quantidade>1</Quantidade><ValorUnitario>7.50</ValorUnitario><ValorTotal>7.50</ValorTotal></Item></Itens></RPS><RPS Id="rps:201"><Assinatura>0456b2bd44c4cb1e863f30f856dfbce8deaf073c</Assinatura><InscricaoMunicipalPrestador>0046744</InscricaoMunicipalPrestador><RazaoSocialPrestador>HOSPITAL SANTA MARIA LTDA</RazaoSocialPrestador><TipoRPS>RPS</TipoRPS><SerieRPS>NF</SerieRPS><NumeroRPS>201</NumeroRPS><DataEmissaoRPS>2009-12-10T00:00:00</DataEmissaoRPS><SituacaoRPS>N</SituacaoRPS><SerieRPSSubstituido></SerieRPSSubstituido><NumeroRPSSubstituido>0</NumeroRPSSubstituido><NumeroNFSeSubstituida>0</NumeroNFSeSubstituida><DataEmissaoNFSeSubstituida>1900-01-01</DataEmissaoNFSeSubstituida><SeriePrestacao>99</SeriePrestacao><InscricaoMunicipalTomador>0000000</InscricaoMunicipalTomador><CPFCNPJTomador>00000000191</CPFCNPJTomador><RazaoSocialTomador>ODILA FILOMENA DA SILVA</RazaoSocialTomador><TipoLogradouroTomador>RUA</TipoLogradouroTomador><LogradouroTomador>PRACA MANOEL DE SOUSA</LogradouroTomador><NumeroEnderecoTomador>S/N</NumeroEnderecoTomador><TipoBairroTomador>BAIRRO</TipoBairroTomador><BairroTomador>CENTOR</BairroTomador><CidadeTomador>0000266</CidadeTomador><CidadeTomadorDescricao>SAO FELIX DO PIAUI</CidadeTomadorDescricao><CEPTomador>64030010</CEPTomador><EmailTomador>secont@hsmaria.com.br</EmailTomador><CodigoAtividade>861010100</CodigoAtividade><AliquotaAtividade>3.00</AliquotaAtividade><TipoRecolhimento>A</TipoRecolhimento><MunicipioPrestacao>0009051</MunicipioPrestacao><MunicipioPrestacaoDescricao>CAMPO GRANDE</MunicipioPrestacaoDescricao><Operacao>A</Operacao><Tributacao>T</Tributacao><ValorPIS>0.00</ValorPIS><ValorCOFINS>0.00</ValorCOFINS><ValorINSS>0.00</ValorINSS><ValorIR>0.00</ValorIR><ValorCSLL>0.00</ValorCSLL><AliquotaPIS>0.00</AliquotaPIS><AliquotaCOFINS>0.00</AliquotaCOFINS><AliquotaINSS>0.00</AliquotaINSS><AliquotaIR>0.00</AliquotaIR><AliquotaCSLL>0.00</AliquotaCSLL><DescricaoRPS>SERVICOS MEDICOS HOSPITALARES</DescricaoRPS><DDDPrestador>86</DDDPrestador><TelefonePrestador>31945100</TelefonePrestador><DDDTomador>86</DDDTomador><TelefoneTomador>88881678</TelefoneTomador><MotCancelamento></MotCancelamento><Deducoes/><Itens><Item><DiscriminacaoServico>CONSULTA DE URGENCIA</DiscriminacaoServico><Quantidade>1</Quantidade><ValorUnitario>12.50</ValorUnitario><ValorTotal>12.50</ValorTotal></Item></Itens></RPS><RPS Id="rps:202"><Assinatura>0ac1caf71b9993bfff5ebf92472ef65471b7e166</Assinatura><InscricaoMunicipalPrestador>0046744</InscricaoMunicipalPrestador><RazaoSocialPrestador>HOSPITAL SANTA MARIA LTDA</RazaoSocialPrestador><TipoRPS>RPS</TipoRPS><SerieRPS>NF</SerieRPS><NumeroRPS>202</NumeroRPS><DataEmissaoRPS>2009-12-10T00:00:00</DataEmissaoRPS><SituacaoRPS>N</SituacaoRPS><SerieRPSSubstituido></SerieRPSSubstituido><NumeroRPSSubstituido>0</NumeroRPSSubstituido><NumeroNFSeSubstituida>0</NumeroNFSeSubstituida><DataEmissaoNFSeSubstituida>1900-01-01</DataEmissaoNFSeSubstituida><SeriePrestacao>99</SeriePrestacao><InscricaoMunicipalTomador>0000000</InscricaoMunicipalTomador><CPFCNPJTomador>00000000191</CPFCNPJTomador><RazaoSocialTomador>OMAR DOS SANTOS ROCHA</RazaoSocialTomador><TipoLogradouroTomador>RUA</TipoLogradouroTomador><LogradouroTomador>R. CLODOALDO FREITAS 1379.CENTRO</LogradouroTomador><NumeroEnderecoTomador>1378</NumeroEnderecoTomador><TipoBairroTomador>BAIRRO</TipoBairroTomador><BairroTomador>CENTRO</BairroTomador><CidadeTomador>0009051</CidadeTomador><CidadeTomadorDescricao>CAMPO GRANDE</CidadeTomadorDescricao><CEPTomador>64000360</CEPTomador><EmailTomador>secont@hsmaria.com.br</EmailTomador><CodigoAtividade>861010100</CodigoAtividade><AliquotaAtividade>3.00</AliquotaAtividade><TipoRecolhimento>A</TipoRecolhimento><MunicipioPrestacao>0009051</MunicipioPrestacao><MunicipioPrestacaoDescricao>CAMPO GRANDE</MunicipioPrestacaoDescricao><Operacao>A</Operacao><Tributacao>T</Tributacao><ValorPIS>0.00</ValorPIS><ValorCOFINS>0.00</ValorCOFINS><ValorINSS>0.00</ValorINSS><ValorIR>0.00</ValorIR><ValorCSLL>0.00</ValorCSLL><AliquotaPIS>0.00</AliquotaPIS><AliquotaCOFINS>0.00</AliquotaCOFINS><AliquotaINSS>0.00</AliquotaINSS><AliquotaIR>0.00</AliquotaIR><AliquotaCSLL>0.00</AliquotaCSLL><DescricaoRPS>SERVICOS MEDICOS HOSPITALARES</DescricaoRPS><DDDPrestador>86</DDDPrestador><TelefonePrestador>31945100</TelefonePrestador><DDDTomador>86</DDDTomador><TelefoneTomador>88262009</TelefoneTomador><MotCancelamento></MotCancelamento><Deducoes/><Itens><Item><DiscriminacaoServico>REFEICAO</DiscriminacaoServico><Quantidade>1</Quantidade><ValorUnitario>4.00</ValorUnitario><ValorTotal>4.00</ValorTotal></Item></Itens></RPS><RPS Id="rps:203"><Assinatura>b0108d0cffef760eefb5b4f871f82fb8a17180f2</Assinatura><InscricaoMunicipalPrestador>0046744</InscricaoMunicipalPrestador><RazaoSocialPrestador>HOSPITAL SANTA MARIA LTDA</RazaoSocialPrestador><TipoRPS>RPS</TipoRPS><SerieRPS>NF</SerieRPS><NumeroRPS>203</NumeroRPS><DataEmissaoRPS>2009-12-10T00:00:00</DataEmissaoRPS><SituacaoRPS>N</SituacaoRPS><SerieRPSSubstituido></SerieRPSSubstituido><NumeroRPSSubstituido>0</NumeroRPSSubstituido><NumeroNFSeSubstituida>0</NumeroNFSeSubstituida><DataEmissaoNFSeSubstituida>1900-01-01</DataEmissaoNFSeSubstituida><SeriePrestacao>99</SeriePrestacao><InscricaoMunicipalTomador>0000000</InscricaoMunicipalTomador><CPFCNPJTomador>00000000191</CPFCNPJTomador><RazaoSocialTomador>OMAR DOS SANTOS ROCHA</RazaoSocialTomador><TipoLogradouroTomador>RUA</TipoLogradouroTomador><LogradouroTomador>R. CLODOALDO FREITAS 1379.CENTRO</LogradouroTomador><NumeroEnderecoTomador>1378</NumeroEnderecoTomador><TipoBairroTomador>BAIRRO</TipoBairroTomador><BairroTomador>CENTRO</BairroTomador><CidadeTomador>0009051</CidadeTomador><CidadeTomadorDescricao>CAMPO GRANDE</CidadeTomadorDescricao><CEPTomador>64000360</CEPTomador><EmailTomador>secont@hsmaria.com.br</EmailTomador><CodigoAtividade>861010100</CodigoAtividade><AliquotaAtividade>3.00</AliquotaAtividade><TipoRecolhimento>A</TipoRecolhimento><MunicipioPrestacao>0009051</MunicipioPrestacao><MunicipioPrestacaoDescricao>CAMPO GRANDE</MunicipioPrestacaoDescricao><Operacao>A</Operacao><Tributacao>T</Tributacao><ValorPIS>0.00</ValorPIS><ValorCOFINS>0.00</ValorCOFINS><ValorINSS>0.00</ValorINSS><ValorIR>0.00</ValorIR><ValorCSLL>0.00</ValorCSLL><AliquotaPIS>0.00</AliquotaPIS><AliquotaCOFINS>0.00</AliquotaCOFINS><AliquotaINSS>0.00</AliquotaINSS><AliquotaIR>0.00</AliquotaIR><AliquotaCSLL>0.00</AliquotaCSLL><DescricaoRPS>SERVICOS MEDICOS HOSPITALARES</DescricaoRPS><DDDPrestador>86</DDDPrestador><TelefonePrestador>31945100</TelefonePrestador><DDDTomador>86</DDDTomador><TelefoneTomador>88262009</TelefoneTomador><MotCancelamento></MotCancelamento><Deducoes/><Itens><Item><DiscriminacaoServico>REFEICAO</DiscriminacaoServico><Quantidade>3</Quantidade><ValorUnitario>4.00</ValorUnitario><ValorTotal>12.00</ValorTotal></Item></Itens></RPS><RPS Id="rps:204"><Assinatura>83fedf05a23702b12caae5366b57aa2438b29d33</Assinatura><InscricaoMunicipalPrestador>0046744</InscricaoMunicipalPrestador><RazaoSocialPrestador>HOSPITAL SANTA MARIA LTDA</RazaoSocialPrestador><TipoRPS>RPS</TipoRPS><SerieRPS>NF</SerieRPS><NumeroRPS>204</NumeroRPS><DataEmissaoRPS>2009-12-10T00:00:00</DataEmissaoRPS><SituacaoRPS>N</SituacaoRPS><SerieRPSSubstituido></SerieRPSSubstituido><NumeroRPSSubstituido>0</NumeroRPSSubstituido><NumeroNFSeSubstituida>0</NumeroNFSeSubstituida><DataEmissaoNFSeSubstituida>1900-01-01</DataEmissaoNFSeSubstituida><SeriePrestacao>99</SeriePrestacao><InscricaoMunicipalTomador>0000000</InscricaoMunicipalTomador><CPFCNPJTomador>00000000191</CPFCNPJTomador><RazaoSocialTomador>LUIS LAURIANO DE FREITAS LIMA</RazaoSocialTomador><TipoLogradouroTomador>RUA</TipoLogradouroTomador><LogradouroTomador>RUA SAO DOMINGOS</LogradouroTomador><NumeroEnderecoTomador>S/N</NumeroEnderecoTomador><TipoBairroTomador>BAIRRO</TipoBairroTomador><BairroTomador>CENTRO</BairroTomador><CidadeTomador>0000961</CidadeTomador><CidadeTomadorDescricao>LAGO VERDE</CidadeTomadorDescricao><CEPTomador>65000000</CEPTomador><EmailTomador>secont@hsmaria.com.br</EmailTomador><CodigoAtividade>861010100</CodigoAtividade><AliquotaAtividade>3.00</AliquotaAtividade><TipoRecolhimento>A</TipoRecolhimento><MunicipioPrestacao>0009051</MunicipioPrestacao><MunicipioPrestacaoDescricao>CAMPO GRANDE</MunicipioPrestacaoDescricao><Operacao>A</Operacao><Tributacao>T</Tributacao><ValorPIS>0.00</ValorPIS><ValorCOFINS>0.00</ValorCOFINS><ValorINSS>0.00</ValorINSS><ValorIR>0.00</ValorIR><ValorCSLL>0.00</ValorCSLL><AliquotaPIS>0.00</AliquotaPIS><AliquotaCOFINS>0.00</AliquotaCOFINS><AliquotaINSS>0.00</AliquotaINSS><AliquotaIR>0.00</AliquotaIR><AliquotaCSLL>0.00</AliquotaCSLL><DescricaoRPS>SERVICOS MEDICOS HOSPITALARES</DescricaoRPS><DDDPrestador>86</DDDPrestador><TelefonePrestador>31945100</TelefonePrestador><DDDTomador>99</DDDTomador><TelefoneTomador>88275896</TelefoneTomador><MotCancelamento></MotCancelamento><Deducoes/><Itens><Item><DiscriminacaoServico>DESBRIDAMENTO</DiscriminacaoServico><Quantidade>1</Quantidade><ValorUnitario>810.00</ValorUnitario><ValorTotal>810.00</ValorTotal></Item></Itens></RPS><RPS Id="rps:205"><Assinatura>68c3a5292c4d0af1c33a1462f6d56b513c5e2f65</Assinatura><InscricaoMunicipalPrestador>0046744</InscricaoMunicipalPrestador><RazaoSocialPrestador>HOSPITAL SANTA MARIA LTDA</RazaoSocialPrestador><TipoRPS>RPS</TipoRPS><SerieRPS>NF</SerieRPS><NumeroRPS>205</NumeroRPS><DataEmissaoRPS>2009-12-10T00:00:00</DataEmissaoRPS><SituacaoRPS>N</SituacaoRPS><SerieRPSSubstituido></SerieRPSSubstituido><NumeroRPSSubstituido>0</NumeroRPSSubstituido><NumeroNFSeSubstituida>0</NumeroNFSeSubstituida><DataEmissaoNFSeSubstituida>1900-01-01</DataEmissaoNFSeSubstituida><SeriePrestacao>99</SeriePrestacao><InscricaoMunicipalTomador>0000000</InscricaoMunicipalTomador><CPFCNPJTomador>00000000191</CPFCNPJTomador><RazaoSocialTomador>KATIUSCIA POLIANA JAMILY DE OLIVEIRA DAMASCENO</RazaoSocialTomador><TipoLogradouroTomador>RUA</TipoLogradouroTomador><LogradouroTomador>R QUINTINO BOCAIUVA</LogradouroTomador><NumeroEnderecoTomador>1123</NumeroEnderecoTomador><TipoBairroTomador>BAIRRO</TipoBairroTomador><BairroTomador>NOSSA SENHORA DAS GRACAS</BairroTomador><CidadeTomador>0009051</CidadeTomador><CidadeTomadorDescricao>CAMPO GRANDE</CidadeTomadorDescricao><CEPTomador>64000000</CEPTomador><EmailTomador>secont@hsmaria.com.br</EmailTomador><CodigoAtividade>861010100</CodigoAtividade><AliquotaAtividade>3.00</AliquotaAtividade><TipoRecolhimento>A</TipoRecolhimento><MunicipioPrestacao>0009051</MunicipioPrestacao><MunicipioPrestacaoDescricao>CAMPO GRANDE</MunicipioPrestacaoDescricao><Operacao>A</Operacao><Tributacao>T</Tributacao><ValorPIS>0.00</ValorPIS><ValorCOFINS>0.00</ValorCOFINS><ValorINSS>0.00</ValorINSS><ValorIR>0.00</ValorIR><ValorCSLL>0.00</ValorCSLL><AliquotaPIS>0.00</AliquotaPIS><AliquotaCOFINS>0.00</AliquotaCOFINS><AliquotaINSS>0.00</AliquotaINSS><AliquotaIR>0.00</AliquotaIR><AliquotaCSLL>0.00</AliquotaCSLL><DescricaoRPS>SERVICOS MEDICOS HOSPITALARES</DescricaoRPS><DDDPrestador>86</DDDPrestador><TelefonePrestador>31945100</TelefonePrestador><DDDTomador>86</DDDTomador><TelefoneTomador>32231985</TelefoneTomador><MotCancelamento></MotCancelamento><Deducoes/><Itens><Item><DiscriminacaoServico>MEDICACAO</DiscriminacaoServico><Quantidade>1</Quantidade><ValorUnitario>17.00</ValorUnitario><ValorTotal>17.00</ValorTotal></Item></Itens></RPS><RPS Id="rps:206"><Assinatura>078634b1e7f2a01e65f6dfcbe974cf3e95425abc</Assinatura><InscricaoMunicipalPrestador>0046744</InscricaoMunicipalPrestador><RazaoSocialPrestador>HOSPITAL SANTA MARIA LTDA</RazaoSocialPrestador><TipoRPS>RPS</TipoRPS><SerieRPS>NF</SerieRPS><NumeroRPS>206</NumeroRPS><DataEmissaoRPS>2009-12-10T00:00:00</DataEmissaoRPS><SituacaoRPS>N</SituacaoRPS><SerieRPSSubstituido></SerieRPSSubstituido><NumeroRPSSubstituido>0</NumeroRPSSubstituido><NumeroNFSeSubstituida>0</NumeroNFSeSubstituida><DataEmissaoNFSeSubstituida>1900-01-01</DataEmissaoNFSeSubstituida><SeriePrestacao>99</SeriePrestacao><InscricaoMunicipalTomador>0000000</InscricaoMunicipalTomador><CPFCNPJTomador>00000000191</CPFCNPJTomador><RazaoSocialTomador>MARIA PESSOA DA CRUZ DE BRITO</RazaoSocialTomador><TipoLogradouroTomador>RUA</TipoLogradouroTomador><LogradouroTomador>QD 2 CASA</LogradouroTomador><NumeroEnderecoTomador>06</NumeroEnderecoTomador><TipoBairroTomador>BAIRRO</TipoBairroTomador><BairroTomador>DIRCEU I</BairroTomador><CidadeTomador>0009051</CidadeTomador><CidadeTomadorDescricao>CAMPO GRANDE</CidadeTomadorDescricao><CEPTomador>64000000</CEPTomador><EmailTomador>secont@hsmaria.com.br</EmailTomador><CodigoAtividade>861010100</CodigoAtividade><AliquotaAtividade>3.00</AliquotaAtividade><TipoRecolhimento>A</TipoRecolhimento><MunicipioPrestacao>0009051</MunicipioPrestacao><MunicipioPrestacaoDescricao>CAMPO GRANDE</MunicipioPrestacaoDescricao><Operacao>A</Operacao><Tributacao>T</Tributacao><ValorPIS>0.00</ValorPIS><ValorCOFINS>0.00</ValorCOFINS><ValorINSS>0.00</ValorINSS><ValorIR>0.00</ValorIR><ValorCSLL>0.00</ValorCSLL><AliquotaPIS>0.00</AliquotaPIS><AliquotaCOFINS>0.00</AliquotaCOFINS><AliquotaINSS>0.00</AliquotaINSS><AliquotaIR>0.00</AliquotaIR><AliquotaCSLL>0.00</AliquotaCSLL><DescricaoRPS>SERVICOS MEDICOS HOSPITALARES</DescricaoRPS><DDDPrestador>86</DDDPrestador><TelefonePrestador>31945100</TelefonePrestador><DDDTomador>86</DDDTomador><TelefoneTomador>88391261</TelefoneTomador><MotCancelamento></MotCancelamento><Deducoes/><Itens><Item><DiscriminacaoServico>CONSULTA ELETIVA</DiscriminacaoServico><Quantidade>1</Quantidade><ValorUnitario>70.00</ValorUnitario><ValorTotal>70.00</ValorTotal></Item></Itens></RPS><RPS Id="rps:207"><Assinatura>2ca61c4e6c251dd1f17bdab9e85fd76ef2bc4264</Assinatura><InscricaoMunicipalPrestador>0046744</InscricaoMunicipalPrestador><RazaoSocialPrestador>HOSPITAL SANTA MARIA LTDA</RazaoSocialPrestador><TipoRPS>RPS</TipoRPS><SerieRPS>NF</SerieRPS><NumeroRPS>207</NumeroRPS><DataEmissaoRPS>2009-12-10T00:00:00</DataEmissaoRPS><SituacaoRPS>N</SituacaoRPS><SerieRPSSubstituido></SerieRPSSubstituido><NumeroRPSSubstituido>0</NumeroRPSSubstituido><NumeroNFSeSubstituida>0</NumeroNFSeSubstituida><DataEmissaoNFSeSubstituida>1900-01-01</DataEmissaoNFSeSubstituida><SeriePrestacao>99</SeriePrestacao><InscricaoMunicipalTomador>0000000</InscricaoMunicipalTomador><CPFCNPJTomador>00000000191</CPFCNPJTomador><RazaoSocialTomador>ODILA FILOMENA DA SILVA</RazaoSocialTomador><TipoLogradouroTomador>RUA</TipoLogradouroTomador><LogradouroTomador>PRACA MANOEL DE SOUSA</LogradouroTomador><NumeroEnderecoTomador>S/N</NumeroEnderecoTomador><TipoBairroTomador>BAIRRO</TipoBairroTomador><BairroTomador>CENTOR</BairroTomador><CidadeTomador>0000266</CidadeTomador><CidadeTomadorDescricao>SAO FELIX DO PIAUI</CidadeTomadorDescricao><CEPTomador>64030010</CEPTomador><EmailTomador>secont@hsmaria.com.br</EmailTomador><CodigoAtividade>861010100</CodigoAtividade><AliquotaAtividade>3.00</AliquotaAtividade><TipoRecolhimento>A</TipoRecolhimento><MunicipioPrestacao>0009051</MunicipioPrestacao><MunicipioPrestacaoDescricao>CAMPO GRANDE</MunicipioPrestacaoDescricao><Operacao>A</Operacao><Tributacao>T</Tributacao><ValorPIS>0.00</ValorPIS><ValorCOFINS>0.00</ValorCOFINS><ValorINSS>0.00</ValorINSS><ValorIR>0.00</ValorIR><ValorCSLL>0.00</ValorCSLL><AliquotaPIS>0.00</AliquotaPIS><AliquotaCOFINS>0.00</AliquotaCOFINS><AliquotaINSS>0.00</AliquotaINSS><AliquotaIR>0.00</AliquotaIR><AliquotaCSLL>0.00</AliquotaCSLL><DescricaoRPS>SERVICOS MEDICOS HOSPITALARES</DescricaoRPS><DDDPrestador>86</DDDPrestador><TelefonePrestador>31945100</TelefonePrestador><DDDTomador>86</DDDTomador><TelefoneTomador>88167800</TelefoneTomador><MotCancelamento></MotCancelamento><Deducoes/><Itens><Item><DiscriminacaoServico>MEDICACAO</DiscriminacaoServico><Quantidade>1</Quantidade><ValorUnitario>41.00</ValorUnitario><ValorTotal>41.00</ValorTotal></Item></Itens></RPS><RPS Id="rps:208"><Assinatura>35fd097398514c24bf8d602de58314c843ee75c0</Assinatura><InscricaoMunicipalPrestador>0046744</InscricaoMunicipalPrestador><RazaoSocialPrestador>HOSPITAL SANTA MARIA LTDA</RazaoSocialPrestador><TipoRPS>RPS</TipoRPS><SerieRPS>NF</SerieRPS><NumeroRPS>208</NumeroRPS><DataEmissaoRPS>2009-12-10T00:00:00</DataEmissaoRPS><SituacaoRPS>N</SituacaoRPS><SerieRPSSubstituido></SerieRPSSubstituido><NumeroRPSSubstituido>0</NumeroRPSSubstituido><NumeroNFSeSubstituida>0</NumeroNFSeSubstituida><DataEmissaoNFSeSubstituida>1900-01-01</DataEmissaoNFSeSubstituida><SeriePrestacao>99</SeriePrestacao><InscricaoMunicipalTomador>0000000</InscricaoMunicipalTomador><CPFCNPJTomador>00000000191</CPFCNPJTomador><RazaoSocialTomador>GERACINDA ALVES DOS SANTOS</RazaoSocialTomador><TipoLogradouroTomador>RUA</TipoLogradouroTomador><LogradouroTomador>RUA NENEM DO VALE</LogradouroTomador><NumeroEnderecoTomador>5352</NumeroEnderecoTomador><TipoBairroTomador>BAIRRO</TipoBairroTomador><BairroTomador>SANTA CLARA</BairroTomador><CidadeTomador>0009051</CidadeTomador><CidadeTomadorDescricao>CAMPO GRANDE</CidadeTomadorDescricao><CEPTomador>64028435</CEPTomador><EmailTomador>secont@hsmaria.com.br</EmailTomador><CodigoAtividade>861010100</CodigoAtividade><AliquotaAtividade>3.00</AliquotaAtividade><TipoRecolhimento>A</TipoRecolhimento><MunicipioPrestacao>0009051</MunicipioPrestacao><MunicipioPrestacaoDescricao>CAMPO GRANDE</MunicipioPrestacaoDescricao><Operacao>A</Operacao><Tributacao>T</Tributacao><ValorPIS>0.00</ValorPIS><ValorCOFINS>0.00</ValorCOFINS><ValorINSS>0.00</ValorINSS><ValorIR>0.00</ValorIR><ValorCSLL>0.00</ValorCSLL><AliquotaPIS>0.00</AliquotaPIS><AliquotaCOFINS>0.00</AliquotaCOFINS><AliquotaINSS>0.00</AliquotaINSS><AliquotaIR>0.00</AliquotaIR><AliquotaCSLL>0.00</AliquotaCSLL><DescricaoRPS>SERVICOS MEDICOS HOSPITALARES</DescricaoRPS><DDDPrestador>86</DDDPrestador><TelefonePrestador>31945100</TelefonePrestador><DDDTomador>86</DDDTomador><TelefoneTomador>32111923</TelefoneTomador><MotCancelamento></MotCancelamento><Deducoes/><Itens><Item><DiscriminacaoServico>TAXA DE VENTILADOR</DiscriminacaoServico><Quantidade>1</Quantidade><ValorUnitario>20.00</ValorUnitario><ValorTotal>20.00</ValorTotal></Item></Itens></RPS></Lote></ns1:ReqEnvioLoteRPS>
