<?xml version="1.0" encoding="ISO-8859-1"?>
<ns1:RetornoConsultaLote xmlns:ns1="http://localhost/WsNFe" xmlns:p="http://www.w3.org/2000/09/xmldsig#" xmlns:tipos="http://localhost/WsNFe/xsd" xmlns:xsi="http://www.w3.org/2001/XMLSchema-instance" xsi:schemaLocation="http://localhost/WsNFe RetornoConsultaLote_v01.xsd http://localhost/WsNFe/xsd xsd/Tipos_v01.xsd http://www.w3.org/2000/09/xmldsig# xsd/xmldsig-core-schema_v01.xsd ">
  <Cabecalho>
    <CodCidade>427</CodCidade>
    <Sucesso>false</Sucesso>
    <NumeroLote>29114</NumeroLote>
    <CPFCNPJRemetente>02646676000182</CPFCNPJRemetente>
    <RazaoSocialRemetente>DSF Desenvolvimento de Sistemas Fiscais Ltda</RazaoSocialRemetente>
    <DataEnvioLote>2010-02-26T00:00:00</DataEnvioLote>
    <QtdNotasProcessadas>0</QtdNotasProcessadas>
    <TempoProcessamento>0</TempoProcessamento>
    <ValorTotalServicos>0</ValorTotalServicos>
    <ValorTotalDeducoes>0</ValorTotalDeducoes>
    <Versao>1</Versao>
  </Cabecalho>
  <Alertas />
  <Erros>
    <Erro>
      <Codigo>1202</Codigo>
      <Descricao>Prestador de Servicos nao encontrado no Cadastro Municipal (CCM).O prestador IM 0370835 nao foi encontrado.</Descricao>
      <ChaveRPS>
        <InscricaoPrestador>0370835</InscricaoPrestador>
        <SerieRPS>NF</SerieRPS>
        <NumeroRPS>2</NumeroRPS>
        <DataEmissaoRPS>2009-10-01T15:30:00</DataEmissaoRPS>
        <RazaoSocialPrestador>EMPRESA MODELO</RazaoSocialPrestador>
      </ChaveRPS>
    </Erro>
  </Erros>
  <ListaNFSe />
</ns1:RetornoConsultaLote>

