<?xml version="1.0" encoding="ISO-8859-1"?>
<ns1:RetornoConsultaLote xmlns:ns1="http://localhost/WsNFe" xmlns:p="http://www.w3.org/2000/09/xmldsig#" xmlns:tipos="http://localhost/WsNFe/xsd" xmlns:xsi="http://www.w3.org/2001/XMLSchema-instance" xsi:schemaLocation="http://localhost/WsNFe RetornoConsultaLote_v01.xsd http://localhost/WsNFe/xsd xsd/Tipos_v01.xsd http://www.w3.org/2000/09/xmldsig# xsd/xmldsig-core-schema_v01.xsd ">
  <Cabecalho>
    <CodCidade>427</CodCidade>
    <Sucesso>true</Sucesso>
    <NumeroLote>29051</NumeroLote>
    <CPFCNPJRemetente>22919047000196</CPFCNPJRemetente>
    <RazaoSocialRemetente>BERTILLON SERVI�OS ESPECIALIZADOS LTDA</RazaoSocialRemetente>
    <DataEnvioLote>2010-02-26T00:00:00</DataEnvioLote>
    <QtdNotasProcessadas>1</QtdNotasProcessadas>
    <TempoProcessamento>0</TempoProcessamento>
    <ValorTotalServicos>4420.92</ValorTotalServicos>
    <ValorTotalDeducoes>0</ValorTotalDeducoes>
    <Versao>1</Versao>
  </Cabecalho>
  <Alertas />
  <Erros />
  <ListaNFSe>
    <ConsultaNFSe>
      <InscricaoPrestador>0981280</InscricaoPrestador>
      <NumeroNFe>2</NumeroNFe>
      <CodigoVerificacao>86467163</CodigoVerificacao>
      <SerieRPS>NF</SerieRPS>
      <NumeroRPS>2</NumeroRPS>
      <DataEmissaoRPS>2010-02-26 00:00:00.0</DataEmissaoRPS>
      <RazaoSocialPrestador>BERTILLON SERVI�OS ESPECIALIZADOS LTDA</RazaoSocialPrestador>
      <TipoRecolhimento>A</TipoRecolhimento>
      <ValorDeduzir>0</ValorDeduzir>
      <ValorTotal>4420.92</ValorTotal>
      <Aliquota>5</Aliquota>
    </ConsultaNFSe>
  </ListaNFSe>
</ns1:RetornoConsultaLote>

