<?xml version="1.0" encoding="ISO-8859-1"?>
<ns1:RetornoConsultaLote xmlns:ns1="http://localhost/WsNFe" xmlns:p="http://www.w3.org/2000/09/xmldsig#" xmlns:tipos="http://localhost/WsNFe/xsd" xmlns:xsi="http://www.w3.org/2001/XMLSchema-instance" xsi:schemaLocation="http://localhost/WsNFe RetornoConsultaLote_v01.xsd http://localhost/WsNFe/xsd xsd/Tipos_v01.xsd http://www.w3.org/2000/09/xmldsig# xsd/xmldsig-core-schema_v01.xsd ">
  <Cabecalho>
    <CodCidade>427</CodCidade>
    <Sucesso>false</Sucesso>
    <NumeroLote>26794</NumeroLote>
    <CPFCNPJRemetente>83573931000106</CPFCNPJRemetente>
    <RazaoSocialRemetente>CENTAUROS HOTEL E RESTAURANTE LTDA.</RazaoSocialRemetente>
    <DataEnvioLote>2010-02-12T00:00:00</DataEnvioLote>
    <QtdNotasProcessadas>0</QtdNotasProcessadas>
    <TempoProcessamento>0</TempoProcessamento>
    <ValorTotalServicos>0</ValorTotalServicos>
    <ValorTotalDeducoes>0</ValorTotalDeducoes>
    <Versao>1</Versao>
  </Cabecalho>
  <Alertas />
  <Erros>
    <Erro>
      <Codigo>1424</Codigo>
      <Descricao>Existem RPS ja convertidos com numeracao inferior e data de emissao superior ao RPS enviado para conversao.Ultimo RPS convertido foi o 11 com data de emissao de 11/02/2010.</Descricao>
      <ChaveRPS>
        <InscricaoPrestador>1181435</InscricaoPrestador>
        <SerieRPS>NF</SerieRPS>
        <NumeroRPS>12</NumeroRPS>
        <DataEmissaoRPS>2010-02-09T11:30:30</DataEmissaoRPS>
        <RazaoSocialPrestador>CENTAUROS HOTEL E RESTAURANTE LTDA.</RazaoSocialPrestador>
      </ChaveRPS>
    </Erro>   
  </Erros>
  <ListaNFSe />
</ns1:RetornoConsultaLote>

