<soapenv:Envelope xmlns:soapenv="http://schemas.xmlsoap.org/soap/envelope/" xmlns:nfse="http://www.abrasf.org.br/ABRASF/arquivos/nfse.xsd">
   <soapenv:Header/>
   <soapenv:Body>
      <nfse:CancelarNfse>
         <!--Optional:-->
         <header>&lt;?xml version=&quot;1.0&quot; encoding=&quot;UTF-8&quot;?&gt;&lt;p:cabecalho versao=&quot;1&quot; xmlns:ds=&quot;http://www.w3.org/2000/09/xmldsig#&quot; xmlns:p=&quot;http://ws.speedgov.com.br/cabecalho_v1.xsd&quot; xmlns:p1=&quot;http://ws.speedgov.com.br/tipos_v1.xsd&quot; xmlns:xsi=&quot;http://www.w3.org/2001/XMLSchema-instance&quot; xsi:schemaLocation=&quot;http://ws.speedgov.com.br/cabecalho_v1.xsd cabecalho_v1.xsd &quot;&gt;&lt;versaoDados&gt;1&lt;/versaoDados&gt;&lt;/p:cabecalho&gt;</header>
         <!--Optional:-->
         <parameters>&lt;?xml version=&quot;1.0&quot; encoding=&quot;UTF-8&quot;?&gt;&lt;p:CancelarNfseEnvio xmlns:ds=&quot;http://www.w3.org/2000/09/xmldsig#&quot; xmlns:p=&quot;http://ws.speedgov.com.br/cancelar_nfse_envio_v1.xsd&quot; xmlns:p1=&quot;http://ws.speedgov.com.br/tipos_v1.xsd&quot; xmlns:xsi=&quot;http://www.w3.org/2001/XMLSchema-instance&quot; xsi:schemaLocation=&quot;http://ws.speedgov.com.br/cancelar_nfse_envio_v1.xsd cancelar_nfse_envio_v1.xsd &quot;&gt;&lt;Pedido&gt;&lt;p1:InfPedidoCancelamento Id=&quot;&quot;&gt;&lt;p1:IdentificacaoNfse&gt;&lt;p1:Numero&gt;1&lt;/p1:Numero&gt;&lt;p1:Cnpj&gt;57145365000121&lt;/p1:Cnpj&gt;&lt;p1:InscricaoMunicipal&gt;59274742&lt;/p1:InscricaoMunicipal&gt;&lt;p1:CodigoMunicipio&gt;1234567&lt;/p1:CodigoMunicipio&gt;&lt;/p1:IdentificacaoNfse&gt;&lt;p1:CodigoCancelamento&gt;E12&lt;/p1:CodigoCancelamento&gt;&lt;/p1:InfPedidoCancelamento&gt;&lt;/Pedido&gt;&lt;/p:CancelarNfseEnvio&gt;</parameters>
      </nfse:CancelarNfse>
   </soapenv:Body>
</soapenv:Envelope>