<soapenv:Envelope xmlns:soapenv="http://schemas.xmlsoap.org/soap/envelope/" xmlns:nfse="http://www.abrasf.org.br/ABRASF/arquivos/nfse.xsd">
   <soapenv:Header/>
   <soapenv:Body>
      <nfse:ConsultarSituacaoLoteRps>
         <!--Optional:-->
         <header>&lt;?xml version=&quot;1.0&quot; encoding=&quot;UTF-8&quot;?&gt;&lt;p:cabecalho versao=&quot;1&quot; xmlns:ds=&quot;http://www.w3.org/2000/09/xmldsig#&quot; xmlns:p=&quot;http://ws.speedgov.com.br/cabecalho_v1.xsd&quot; xmlns:p1=&quot;http://ws.speedgov.com.br/tipos_v1.xsd&quot; xmlns:xsi=&quot;http://www.w3.org/2001/XMLSchema-instance&quot; xsi:schemaLocation=&quot;http://ws.speedgov.com.br/cabecalho_v1.xsd cabecalho_v1.xsd &quot;&gt;&lt;versaoDados&gt;1&lt;/versaoDados&gt;&lt;/p:cabecalho&gt;</header>
         <!--Optional:-->
         <parameters>&lt;?xml version=&quot;1.0&quot; encoding=&quot;UTF-8&quot;?&gt;&lt;p:ConsultarSituacaoLoteRpsEnvio Id=&quot;&quot; xmlns:ds=&quot;http://www.w3.org/2000/09/xmldsig#&quot; xmlns:p=&quot;http://ws.speedgov.com.br/consultar_situacao_lote_rps_envio_v1.xsd&quot; xmlns:p1=&quot;http://ws.speedgov.com.br/tipos_v1.xsd&quot; xmlns:xsi=&quot;http://www.w3.org/2001/XMLSchema-instance&quot; xsi:schemaLocation=&quot;http://ws.speedgov.com.br/consultar_situacao_lote_rps_envio_v1.xsd consultar_situacao_lote_rps_envio_v1.xsd &quot;&gt;&lt;p:Prestador&gt;&lt;p1:Cnpj&gt;07792435000912&lt;/p1:Cnpj&gt;&lt;p1:InscricaoMunicipal&gt;59274734&lt;/p1:InscricaoMunicipal&gt;&lt;/p:Prestador&gt;&lt;p:Protocolo&gt;717293e4-3601-4955-865c-5a022c2b5ff5&lt;/p:Protocolo&gt;&lt;/p:ConsultarSituacaoLoteRpsEnvio&gt;</parameters>
      </nfse:ConsultarSituacaoLoteRps>
   </soapenv:Body>
</soapenv:Envelope>