<?xml version="1.0" encoding="UTF-8"?>
<ns1:ReqConsultaNotas xmlns:ns1="http://localhost:8080/WsNFe2/lote" xmlns:tipos="http://localhost:8080/WsNFe2/tp" xmlns:xsi="http://www.w3.org/2001/XMLSchema-instance" xsi:schemaLocation="http://localhost:8080/WsNFe2/lote http://localhost:8080/WsNFe2/xsd/ReqConsultaNotas.xsd"><Cabecalho Id="Consulta:notas"><CodCidade>7145</CodCidade><CPFCNPJRemetente>02852715000106</CPFCNPJRemetente><InscricaoMunicipalPrestador>000132683</InscricaoMunicipalPrestador><dtInicio>2010-01-01</dtInicio><dtFim>2011-12-30</dtFim><NotaInicial>18</NotaInicial><Versao>1</Versao></Cabecalho></ns1:ReqConsultaNotas>
