<?xml version="1.0" encoding="UTF-8"?>
<ns1:RetornoConsultaNotas xmlns:ns1="http://localhost:8080/WsNFe2/lote" xmlns:tipos="http://localhost:8080/WsNFe2/tp" xmlns:xsi="http://www.w3.org/2001/XMLSchema-instance" xsi:schemaLocation="http://localhost:8080/WsNFe2/lote http://localhost:8080/WsNFe2/xsd/RetornoConsultaNotas.xsd">
  <Cabecalho>
    <CodCidade>7145</CodCidade>
    <CPFCNPJRemetente>02852715000106</CPFCNPJRemetente>
    <InscricaoMunicipalPrestador>000132683</InscricaoMunicipalPrestador>
    <dtInicio>2010-01-01</dtInicio>
    <dtFim>2011-12-30</dtFim>
    <Versao>1</Versao>
  </Cabecalho>
  <Notas>
    <Nota>
      <NumeroNota>3</NumeroNota>
      <DataProcessamento>2010-12-29T00:00:00</DataProcessamento>
      <NumeroLote>190619</NumeroLote>
      <CodigoVerificacao>c3afc848</CodigoVerificacao>
      <Assinatura>4ea593552d9c5da682512444b49335d7c57fe27c</Assinatura>
      <InscricaoMunicipalPrestador>000132683</InscricaoMunicipalPrestador>
      <RazaoSocialPrestador>A DE ARO ASSESSORIA EM RECURSOS HUMANOS E SERVICOS LTDA</RazaoSocialPrestador>
      <TipoRPS>RPS</TipoRPS>
      <SerieRPS>NF</SerieRPS>
      <NumeroRPS>1</NumeroRPS>
      <DataEmissaoRPS>2010-12-29T00:00:00</DataEmissaoRPS>
      <SituacaoRPS>N</SituacaoRPS>
      <SerieRPSSubstituido />
      <NumeroRPSSubstituido>0</NumeroRPSSubstituido>
      <NumeroNFSeSubstituida>0</NumeroNFSeSubstituida>
      <DataEmissaoNFSeSubstituida>1900-01-01T00:00:00</DataEmissaoNFSeSubstituida>
      <SeriePrestacao>99</SeriePrestacao>
      <InscricaoMunicipalTomador />
      <CPFCNPJTomador>03392084000144</CPFCNPJTomador>
      <RazaoSocialTomador>Tomador Substituto</RazaoSocialTomador>
      <TipoLogradouroTomador>Rua</TipoLogradouroTomador>
      <LogradouroTomador>DOM PEDRO II</LogradouroTomador>
      <NumeroEnderecoTomador>11</NumeroEnderecoTomador>
      <ComplementoEnderecoTomador />
      <TipoBairroTomador>Bairro</TipoBairroTomador>
      <BairroTomador>Centro</BairroTomador>
      <CidadeTomador>7145</CidadeTomador>
      <CidadeTomadorDescricao>SOROCABA</CidadeTomadorDescricao>
      <CEPTomador>18010130</CEPTomador>
      <EmailTomador>leonardo.yonaha@dsfnet.com.br</EmailTomador>
      <CodigoAtividade>702040000</CodigoAtividade>
      <AliquotaAtividade>2</AliquotaAtividade>
      <TipoRecolhimento>R</TipoRecolhimento>
      <MunicipioPrestacao>7145</MunicipioPrestacao>
      <MunicipioPrestacaoDescricao>SOROCABA</MunicipioPrestacaoDescricao>
      <Operacao>A</Operacao>
      <Tributacao>T</Tributacao>
      <ValorPIS>0</ValorPIS>
      <ValorCOFINS>0</ValorCOFINS>
      <ValorINSS>0</ValorINSS>
      <ValorIR>0</ValorIR>
      <ValorCSLL>0</ValorCSLL>
      <AliquotaPIS>0</AliquotaPIS>
      <AliquotaCOFINS>0</AliquotaCOFINS>
      <AliquotaINSS>0</AliquotaINSS>
      <AliquotaIR>0</AliquotaIR>
      <AliquotaCSLL>0</AliquotaCSLL>
      <DescricaoRPS />
      <DDDPrestador>15</DDDPrestador>
      <TelefonePrestador>32216045</TelefonePrestador>
      <DDDTomador>11</DDDTomador>
      <TelefoneTomador>32323232</TelefoneTomador>
      <MotCancelamento />
      <CPFCNPJIntermediario />
      <Deducoes />
      <Itens>
        <Item>
          <DiscriminacaoServico>Item 1</DiscriminacaoServico>
          <Quantidade>1</Quantidade>
          <ValorUnitario>1000</ValorUnitario>
          <ValorTotal>1000</ValorTotal>
          <Tributavel>S</Tributavel>
        </Item>
      </Itens>
    </Nota>
    <Nota>
      <NumeroNota>4</NumeroNota>
      <DataProcessamento>2010-12-29T00:00:00</DataProcessamento>
      <NumeroLote>190619</NumeroLote>
      <CodigoVerificacao>534ceb53</CodigoVerificacao>
      <Assinatura>dc66a489edffcccd8962820950caa67643a23cdd</Assinatura>
      <InscricaoMunicipalPrestador>000132683</InscricaoMunicipalPrestador>
      <RazaoSocialPrestador>A DE ARO ASSESSORIA EM RECURSOS HUMANOS E SERVICOS LTDA</RazaoSocialPrestador>
      <TipoRPS>RPS</TipoRPS>
      <SerieRPS>NF</SerieRPS>
      <NumeroRPS>2</NumeroRPS>
      <DataEmissaoRPS>2010-12-29T00:00:00</DataEmissaoRPS>
      <SituacaoRPS>N</SituacaoRPS>
      <SerieRPSSubstituido />
      <NumeroRPSSubstituido>0</NumeroRPSSubstituido>
      <NumeroNFSeSubstituida>0</NumeroNFSeSubstituida>
      <DataEmissaoNFSeSubstituida>1900-01-01T00:00:00</DataEmissaoNFSeSubstituida>
      <SeriePrestacao>99</SeriePrestacao>
      <InscricaoMunicipalTomador />
      <CPFCNPJTomador>03392084000144</CPFCNPJTomador>
      <RazaoSocialTomador>Tomador Substituto</RazaoSocialTomador>
      <TipoLogradouroTomador>Rua</TipoLogradouroTomador>
      <LogradouroTomador>DOM PEDRO II</LogradouroTomador>
      <NumeroEnderecoTomador>11</NumeroEnderecoTomador>
      <ComplementoEnderecoTomador />
      <TipoBairroTomador>Bairro</TipoBairroTomador>
      <BairroTomador>Centro</BairroTomador>
      <CidadeTomador>7145</CidadeTomador>
      <CidadeTomadorDescricao>SOROCABA</CidadeTomadorDescricao>
      <CEPTomador>18010130</CEPTomador>
      <EmailTomador>leonardo.yonaha@dsfnet.com.br</EmailTomador>
      <CodigoAtividade>702040000</CodigoAtividade>
      <AliquotaAtividade>3</AliquotaAtividade>
      <TipoRecolhimento>R</TipoRecolhimento>
      <MunicipioPrestacao>7145</MunicipioPrestacao>
      <MunicipioPrestacaoDescricao>SOROCABA</MunicipioPrestacaoDescricao>
      <Operacao>A</Operacao>
      <Tributacao>T</Tributacao>
      <ValorPIS>0</ValorPIS>
      <ValorCOFINS>0</ValorCOFINS>
      <ValorINSS>0</ValorINSS>
      <ValorIR>0</ValorIR>
      <ValorCSLL>0</ValorCSLL>
      <AliquotaPIS>0</AliquotaPIS>
      <AliquotaCOFINS>0</AliquotaCOFINS>
      <AliquotaINSS>0</AliquotaINSS>
      <AliquotaIR>0</AliquotaIR>
      <AliquotaCSLL>0</AliquotaCSLL>
      <DescricaoRPS />
      <DDDPrestador>15</DDDPrestador>
      <TelefonePrestador>32216045</TelefonePrestador>
      <DDDTomador>11</DDDTomador>
      <TelefoneTomador>32323232</TelefoneTomador>
      <MotCancelamento />
      <CPFCNPJIntermediario />
      <Deducoes />
      <Itens>
        <Item>
          <DiscriminacaoServico>Item 1</DiscriminacaoServico>
          <Quantidade>1</Quantidade>
          <ValorUnitario>10000.01</ValorUnitario>
          <ValorTotal>10000.01</ValorTotal>
          <Tributavel>S</Tributavel>
        </Item>
      </Itens>
    </Nota>
    <Nota>
      <NumeroNota>5</NumeroNota>
      <DataProcessamento>2010-12-29T00:00:00</DataProcessamento>
      <NumeroLote>190619</NumeroLote>
      <CodigoVerificacao>c7136dde</CodigoVerificacao>
      <Assinatura>19b6db5a6b64855ed64ae6cccd97d0cb6809d691</Assinatura>
      <InscricaoMunicipalPrestador>000132683</InscricaoMunicipalPrestador>
      <RazaoSocialPrestador>A DE ARO ASSESSORIA EM RECURSOS HUMANOS E SERVICOS LTDA</RazaoSocialPrestador>
      <TipoRPS>RPS</TipoRPS>
      <SerieRPS>NF</SerieRPS>
      <NumeroRPS>3</NumeroRPS>
      <DataEmissaoRPS>2010-12-29T00:00:00</DataEmissaoRPS>
      <SituacaoRPS>N</SituacaoRPS>
      <SerieRPSSubstituido />
      <NumeroRPSSubstituido>0</NumeroRPSSubstituido>
      <NumeroNFSeSubstituida>0</NumeroNFSeSubstituida>
      <DataEmissaoNFSeSubstituida>1900-01-01T00:00:00</DataEmissaoNFSeSubstituida>
      <SeriePrestacao>99</SeriePrestacao>
      <InscricaoMunicipalTomador />
      <CPFCNPJTomador>03392084000144</CPFCNPJTomador>
      <RazaoSocialTomador>Tomador Substituto</RazaoSocialTomador>
      <TipoLogradouroTomador>Rua</TipoLogradouroTomador>
      <LogradouroTomador>DOM PEDRO II</LogradouroTomador>
      <NumeroEnderecoTomador>11</NumeroEnderecoTomador>
      <ComplementoEnderecoTomador />
      <TipoBairroTomador>Bairro</TipoBairroTomador>
      <BairroTomador>Centro</BairroTomador>
      <CidadeTomador>7145</CidadeTomador>
      <CidadeTomadorDescricao>SOROCABA</CidadeTomadorDescricao>
      <CEPTomador>18010130</CEPTomador>
      <EmailTomador>leonardo.yonaha@dsfnet.com.br</EmailTomador>
      <CodigoAtividade>702040000</CodigoAtividade>
      <AliquotaAtividade>4</AliquotaAtividade>
      <TipoRecolhimento>R</TipoRecolhimento>
      <MunicipioPrestacao>7145</MunicipioPrestacao>
      <MunicipioPrestacaoDescricao>SOROCABA</MunicipioPrestacaoDescricao>
      <Operacao>A</Operacao>
      <Tributacao>T</Tributacao>
      <ValorPIS>0</ValorPIS>
      <ValorCOFINS>0</ValorCOFINS>
      <ValorINSS>0</ValorINSS>
      <ValorIR>0</ValorIR>
      <ValorCSLL>0</ValorCSLL>
      <AliquotaPIS>0</AliquotaPIS>
      <AliquotaCOFINS>0</AliquotaCOFINS>
      <AliquotaINSS>0</AliquotaINSS>
      <AliquotaIR>0</AliquotaIR>
      <AliquotaCSLL>0</AliquotaCSLL>
      <DescricaoRPS />
      <DDDPrestador>15</DDDPrestador>
      <TelefonePrestador>32216045</TelefonePrestador>
      <DDDTomador>11</DDDTomador>
      <TelefoneTomador>32323232</TelefoneTomador>
      <MotCancelamento />
      <CPFCNPJIntermediario />
      <Deducoes />
      <Itens>
        <Item>
          <DiscriminacaoServico>Item 1</DiscriminacaoServico>
          <Quantidade>1</Quantidade>
          <ValorUnitario>15000.01</ValorUnitario>
          <ValorTotal>15000.01</ValorTotal>
          <Tributavel>S</Tributavel>
        </Item>
      </Itens>
    </Nota>
    <Nota>
      <NumeroNota>6</NumeroNota>
      <DataProcessamento>2010-12-29T00:00:00</DataProcessamento>
      <NumeroLote>190619</NumeroLote>
      <CodigoVerificacao>0e825fa4</CodigoVerificacao>
      <Assinatura>78aa3d5a7371f4369a3b1c76f6530b1fa3e34604</Assinatura>
      <InscricaoMunicipalPrestador>000132683</InscricaoMunicipalPrestador>
      <RazaoSocialPrestador>A DE ARO ASSESSORIA EM RECURSOS HUMANOS E SERVICOS LTDA</RazaoSocialPrestador>
      <TipoRPS>RPS</TipoRPS>
      <SerieRPS>NF</SerieRPS>
      <NumeroRPS>4</NumeroRPS>
      <DataEmissaoRPS>2010-12-29T00:00:00</DataEmissaoRPS>
      <SituacaoRPS>N</SituacaoRPS>
      <SerieRPSSubstituido />
      <NumeroRPSSubstituido>0</NumeroRPSSubstituido>
      <NumeroNFSeSubstituida>0</NumeroNFSeSubstituida>
      <DataEmissaoNFSeSubstituida>1900-01-01T00:00:00</DataEmissaoNFSeSubstituida>
      <SeriePrestacao>99</SeriePrestacao>
      <InscricaoMunicipalTomador />
      <CPFCNPJTomador>03392084000144</CPFCNPJTomador>
      <RazaoSocialTomador>Tomador Substituto</RazaoSocialTomador>
      <TipoLogradouroTomador>Rua</TipoLogradouroTomador>
      <LogradouroTomador>DOM PEDRO II</LogradouroTomador>
      <NumeroEnderecoTomador>11</NumeroEnderecoTomador>
      <ComplementoEnderecoTomador />
      <TipoBairroTomador>Bairro</TipoBairroTomador>
      <BairroTomador>Centro</BairroTomador>
      <CidadeTomador>7145</CidadeTomador>
      <CidadeTomadorDescricao>SOROCABA</CidadeTomadorDescricao>
      <CEPTomador>18010130</CEPTomador>
      <EmailTomador>leonardo.yonaha@dsfnet.com.br</EmailTomador>
      <CodigoAtividade>702040000</CodigoAtividade>
      <AliquotaAtividade>5</AliquotaAtividade>
      <TipoRecolhimento>R</TipoRecolhimento>
      <MunicipioPrestacao>7145</MunicipioPrestacao>
      <MunicipioPrestacaoDescricao>SOROCABA</MunicipioPrestacaoDescricao>
      <Operacao>A</Operacao>
      <Tributacao>T</Tributacao>
      <ValorPIS>0</ValorPIS>
      <ValorCOFINS>0</ValorCOFINS>
      <ValorINSS>0</ValorINSS>
      <ValorIR>0</ValorIR>
      <ValorCSLL>0</ValorCSLL>
      <AliquotaPIS>0</AliquotaPIS>
      <AliquotaCOFINS>0</AliquotaCOFINS>
      <AliquotaINSS>0</AliquotaINSS>
      <AliquotaIR>0</AliquotaIR>
      <AliquotaCSLL>0</AliquotaCSLL>
      <DescricaoRPS />
      <DDDPrestador>15</DDDPrestador>
      <TelefonePrestador>32216045</TelefonePrestador>
      <DDDTomador>11</DDDTomador>
      <TelefoneTomador>32323232</TelefoneTomador>
      <MotCancelamento />
      <CPFCNPJIntermediario />
      <Deducoes />
      <Itens>
        <Item>
          <DiscriminacaoServico>Item 1</DiscriminacaoServico>
          <Quantidade>1</Quantidade>
          <ValorUnitario>21000.5</ValorUnitario>
          <ValorTotal>21000.5</ValorTotal>
          <Tributavel>S</Tributavel>
        </Item>
      </Itens>
    </Nota>
    <Nota>
      <NumeroNota>7</NumeroNota>
      <DataProcessamento>2010-12-29T00:00:00</DataProcessamento>
      <NumeroLote>190630</NumeroLote>
      <CodigoVerificacao>ebaeb03f</CodigoVerificacao>
      <Assinatura>dba6bb4558c86a67ccb2e9a2034f44ff989b195e</Assinatura>
      <InscricaoMunicipalPrestador>000132683</InscricaoMunicipalPrestador>
      <RazaoSocialPrestador>A DE ARO ASSESSORIA EM RECURSOS HUMANOS E SERVICOS LTDA</RazaoSocialPrestador>
      <TipoRPS>RPS</TipoRPS>
      <SerieRPS>NF</SerieRPS>
      <NumeroRPS>5</NumeroRPS>
      <DataEmissaoRPS>2010-12-29T00:00:00</DataEmissaoRPS>
      <SituacaoRPS>N</SituacaoRPS>
      <SerieRPSSubstituido />
      <NumeroRPSSubstituido>0</NumeroRPSSubstituido>
      <NumeroNFSeSubstituida>0</NumeroNFSeSubstituida>
      <DataEmissaoNFSeSubstituida>1900-01-01T00:00:00</DataEmissaoNFSeSubstituida>
      <SeriePrestacao>99</SeriePrestacao>
      <InscricaoMunicipalTomador />
      <CPFCNPJTomador>08104694000119</CPFCNPJTomador>
      <RazaoSocialTomador>Tomador Nao Substituto</RazaoSocialTomador>
      <TipoLogradouroTomador>Rua</TipoLogradouroTomador>
      <LogradouroTomador>PEDRO JACOB</LogradouroTomador>
      <NumeroEnderecoTomador>11</NumeroEnderecoTomador>
      <ComplementoEnderecoTomador />
      <TipoBairroTomador>Bairro</TipoBairroTomador>
      <BairroTomador>Alem Ponte</BairroTomador>
      <CidadeTomador>7145</CidadeTomador>
      <CidadeTomadorDescricao>SOROCABA</CidadeTomadorDescricao>
      <CEPTomador>18013040</CEPTomador>
      <EmailTomador>leonardo.yonaha@dsfnet.com.br</EmailTomador>
      <CodigoAtividade>702040000</CodigoAtividade>
      <AliquotaAtividade>5</AliquotaAtividade>
      <TipoRecolhimento>A</TipoRecolhimento>
      <MunicipioPrestacao>7145</MunicipioPrestacao>
      <MunicipioPrestacaoDescricao>SOROCABA</MunicipioPrestacaoDescricao>
      <Operacao>A</Operacao>
      <Tributacao>T</Tributacao>
      <ValorPIS>0</ValorPIS>
      <ValorCOFINS>0</ValorCOFINS>
      <ValorINSS>0</ValorINSS>
      <ValorIR>0</ValorIR>
      <ValorCSLL>0</ValorCSLL>
      <AliquotaPIS>0</AliquotaPIS>
      <AliquotaCOFINS>0</AliquotaCOFINS>
      <AliquotaINSS>0</AliquotaINSS>
      <AliquotaIR>0</AliquotaIR>
      <AliquotaCSLL>0</AliquotaCSLL>
      <DescricaoRPS />
      <DDDPrestador>15</DDDPrestador>
      <TelefonePrestador>32216045</TelefonePrestador>
      <DDDTomador>11</DDDTomador>
      <TelefoneTomador>32323232</TelefoneTomador>
      <MotCancelamento />
      <CPFCNPJIntermediario />
      <Deducoes />
      <Itens>
        <Item>
          <DiscriminacaoServico>Item 1</DiscriminacaoServico>
          <Quantidade>1</Quantidade>
          <ValorUnitario>1000</ValorUnitario>
          <ValorTotal>1000</ValorTotal>
          <Tributavel>S</Tributavel>
        </Item>
      </Itens>
    </Nota>
    <Nota>
      <NumeroNota>8</NumeroNota>
      <DataProcessamento>2010-12-29T00:00:00</DataProcessamento>
      <NumeroLote>190641</NumeroLote>
      <CodigoVerificacao>2f322d42</CodigoVerificacao>
      <Assinatura>0e6c9a6393d4c8e277055993fea741ebfd6eac62</Assinatura>
      <InscricaoMunicipalPrestador>000132683</InscricaoMunicipalPrestador>
      <RazaoSocialPrestador>A DE ARO ASSESSORIA EM RECURSOS HUMANOS E SERVICOS LTDA</RazaoSocialPrestador>
      <TipoRPS>RPS</TipoRPS>
      <SerieRPS>NF</SerieRPS>
      <NumeroRPS>6</NumeroRPS>
      <DataEmissaoRPS>2010-12-29T00:00:00</DataEmissaoRPS>
      <SituacaoRPS>N</SituacaoRPS>
      <SerieRPSSubstituido />
      <NumeroRPSSubstituido>0</NumeroRPSSubstituido>
      <NumeroNFSeSubstituida>0</NumeroNFSeSubstituida>
      <DataEmissaoNFSeSubstituida>1900-01-01T00:00:00</DataEmissaoNFSeSubstituida>
      <SeriePrestacao>99</SeriePrestacao>
      <InscricaoMunicipalTomador />
      <CPFCNPJTomador>08104694000119</CPFCNPJTomador>
      <RazaoSocialTomador>Tomador Nao Substituto</RazaoSocialTomador>
      <TipoLogradouroTomador>Rua</TipoLogradouroTomador>
      <LogradouroTomador>DOM PEDRO II</LogradouroTomador>
      <NumeroEnderecoTomador>11</NumeroEnderecoTomador>
      <ComplementoEnderecoTomador />
      <TipoBairroTomador>Bairro</TipoBairroTomador>
      <BairroTomador>Centro</BairroTomador>
      <CidadeTomador>7145</CidadeTomador>
      <CidadeTomadorDescricao>SOROCABA</CidadeTomadorDescricao>
      <CEPTomador>18010130</CEPTomador>
      <EmailTomador>leonardo.yonaha@dsfnet.com.br</EmailTomador>
      <CodigoAtividade>702040000</CodigoAtividade>
      <AliquotaAtividade>5</AliquotaAtividade>
      <TipoRecolhimento>A</TipoRecolhimento>
      <MunicipioPrestacao>7145</MunicipioPrestacao>
      <MunicipioPrestacaoDescricao>SOROCABA</MunicipioPrestacaoDescricao>
      <Operacao>A</Operacao>
      <Tributacao>T</Tributacao>
      <ValorPIS>0</ValorPIS>
      <ValorCOFINS>0</ValorCOFINS>
      <ValorINSS>0</ValorINSS>
      <ValorIR>0</ValorIR>
      <ValorCSLL>0</ValorCSLL>
      <AliquotaPIS>0</AliquotaPIS>
      <AliquotaCOFINS>0</AliquotaCOFINS>
      <AliquotaINSS>0</AliquotaINSS>
      <AliquotaIR>0</AliquotaIR>
      <AliquotaCSLL>0</AliquotaCSLL>
      <DescricaoRPS />
      <DDDPrestador>15</DDDPrestador>
      <TelefonePrestador>32216045</TelefonePrestador>
      <DDDTomador>11</DDDTomador>
      <TelefoneTomador>32323232</TelefoneTomador>
      <MotCancelamento />
      <CPFCNPJIntermediario />
      <Deducoes />
      <Itens>
        <Item>
          <DiscriminacaoServico>Item 1</DiscriminacaoServico>
          <Quantidade>1</Quantidade>
          <ValorUnitario>1000</ValorUnitario>
          <ValorTotal>1000</ValorTotal>
          <Tributavel>S</Tributavel>
        </Item>
      </Itens>
    </Nota>
    <Nota>
      <NumeroNota>9</NumeroNota>
      <DataProcessamento>2010-12-29T00:00:00</DataProcessamento>
      <NumeroLote>190641</NumeroLote>
      <CodigoVerificacao>5fa9ef27</CodigoVerificacao>
      <Assinatura>b0d1a5cff21f0b444e424121d7a8a1866c09396c</Assinatura>
      <InscricaoMunicipalPrestador>000132683</InscricaoMunicipalPrestador>
      <RazaoSocialPrestador>A DE ARO ASSESSORIA EM RECURSOS HUMANOS E SERVICOS LTDA</RazaoSocialPrestador>
      <TipoRPS>RPS</TipoRPS>
      <SerieRPS>NF</SerieRPS>
      <NumeroRPS>7</NumeroRPS>
      <DataEmissaoRPS>2010-12-29T00:00:00</DataEmissaoRPS>
      <SituacaoRPS>N</SituacaoRPS>
      <SerieRPSSubstituido />
      <NumeroRPSSubstituido>0</NumeroRPSSubstituido>
      <NumeroNFSeSubstituida>0</NumeroNFSeSubstituida>
      <DataEmissaoNFSeSubstituida>1900-01-01T00:00:00</DataEmissaoNFSeSubstituida>
      <SeriePrestacao>99</SeriePrestacao>
      <InscricaoMunicipalTomador />
      <CPFCNPJTomador>08104694000119</CPFCNPJTomador>
      <RazaoSocialTomador>Tomador Nao Substituto</RazaoSocialTomador>
      <TipoLogradouroTomador>Rua</TipoLogradouroTomador>
      <LogradouroTomador>DOM PEDRO II</LogradouroTomador>
      <NumeroEnderecoTomador>11</NumeroEnderecoTomador>
      <ComplementoEnderecoTomador />
      <TipoBairroTomador>Bairro</TipoBairroTomador>
      <BairroTomador>Centro</BairroTomador>
      <CidadeTomador>7145</CidadeTomador>
      <CidadeTomadorDescricao>SOROCABA</CidadeTomadorDescricao>
      <CEPTomador>18010130</CEPTomador>
      <EmailTomador>leonardo.yonaha@dsfnet.com.br</EmailTomador>
      <CodigoAtividade>702040000</CodigoAtividade>
      <AliquotaAtividade>5</AliquotaAtividade>
      <TipoRecolhimento>A</TipoRecolhimento>
      <MunicipioPrestacao>7145</MunicipioPrestacao>
      <MunicipioPrestacaoDescricao>SOROCABA</MunicipioPrestacaoDescricao>
      <Operacao>A</Operacao>
      <Tributacao>T</Tributacao>
      <ValorPIS>0</ValorPIS>
      <ValorCOFINS>0</ValorCOFINS>
      <ValorINSS>0</ValorINSS>
      <ValorIR>0</ValorIR>
      <ValorCSLL>0</ValorCSLL>
      <AliquotaPIS>0</AliquotaPIS>
      <AliquotaCOFINS>0</AliquotaCOFINS>
      <AliquotaINSS>0</AliquotaINSS>
      <AliquotaIR>0</AliquotaIR>
      <AliquotaCSLL>0</AliquotaCSLL>
      <DescricaoRPS />
      <DDDPrestador>15</DDDPrestador>
      <TelefonePrestador>32216045</TelefonePrestador>
      <DDDTomador>11</DDDTomador>
      <TelefoneTomador>32323232</TelefoneTomador>
      <MotCancelamento />
      <CPFCNPJIntermediario />
      <Deducoes />
      <Itens>
        <Item>
          <DiscriminacaoServico>Item 1</DiscriminacaoServico>
          <Quantidade>1</Quantidade>
          <ValorUnitario>10000.5</ValorUnitario>
          <ValorTotal>10000.5</ValorTotal>
          <Tributavel>S</Tributavel>
        </Item>
      </Itens>
    </Nota>
    <Nota>
      <NumeroNota>10</NumeroNota>
      <DataProcessamento>2010-12-29T00:00:00</DataProcessamento>
      <NumeroLote>190641</NumeroLote>
      <CodigoVerificacao>53fa4821</CodigoVerificacao>
      <Assinatura>8ecff73b38ffa2a930eba0fa1c18fa9f2a10381c</Assinatura>
      <InscricaoMunicipalPrestador>000132683</InscricaoMunicipalPrestador>
      <RazaoSocialPrestador>A DE ARO ASSESSORIA EM RECURSOS HUMANOS E SERVICOS LTDA</RazaoSocialPrestador>
      <TipoRPS>RPS</TipoRPS>
      <SerieRPS>NF</SerieRPS>
      <NumeroRPS>8</NumeroRPS>
      <DataEmissaoRPS>2010-12-29T00:00:00</DataEmissaoRPS>
      <SituacaoRPS>N</SituacaoRPS>
      <SerieRPSSubstituido />
      <NumeroRPSSubstituido>0</NumeroRPSSubstituido>
      <NumeroNFSeSubstituida>0</NumeroNFSeSubstituida>
      <DataEmissaoNFSeSubstituida>1900-01-01T00:00:00</DataEmissaoNFSeSubstituida>
      <SeriePrestacao>99</SeriePrestacao>
      <InscricaoMunicipalTomador />
      <CPFCNPJTomador>08104694000119</CPFCNPJTomador>
      <RazaoSocialTomador>Tomador Nao Substituto</RazaoSocialTomador>
      <TipoLogradouroTomador>Rua</TipoLogradouroTomador>
      <LogradouroTomador>DOM PEDRO II</LogradouroTomador>
      <NumeroEnderecoTomador>11</NumeroEnderecoTomador>
      <ComplementoEnderecoTomador />
      <TipoBairroTomador>Bairro</TipoBairroTomador>
      <BairroTomador>Centro</BairroTomador>
      <CidadeTomador>7145</CidadeTomador>
      <CidadeTomadorDescricao>SOROCABA</CidadeTomadorDescricao>
      <CEPTomador>18010130</CEPTomador>
      <EmailTomador>leonardo.yonaha@dsfnet.com.br</EmailTomador>
      <CodigoAtividade>702040000</CodigoAtividade>
      <AliquotaAtividade>5</AliquotaAtividade>
      <TipoRecolhimento>A</TipoRecolhimento>
      <MunicipioPrestacao>7145</MunicipioPrestacao>
      <MunicipioPrestacaoDescricao>SOROCABA</MunicipioPrestacaoDescricao>
      <Operacao>A</Operacao>
      <Tributacao>T</Tributacao>
      <ValorPIS>0</ValorPIS>
      <ValorCOFINS>0</ValorCOFINS>
      <ValorINSS>0</ValorINSS>
      <ValorIR>0</ValorIR>
      <ValorCSLL>0</ValorCSLL>
      <AliquotaPIS>0</AliquotaPIS>
      <AliquotaCOFINS>0</AliquotaCOFINS>
      <AliquotaINSS>0</AliquotaINSS>
      <AliquotaIR>0</AliquotaIR>
      <AliquotaCSLL>0</AliquotaCSLL>
      <DescricaoRPS />
      <DDDPrestador>15</DDDPrestador>
      <TelefonePrestador>32216045</TelefonePrestador>
      <DDDTomador>11</DDDTomador>
      <TelefoneTomador>32323232</TelefoneTomador>
      <MotCancelamento />
      <CPFCNPJIntermediario />
      <Deducoes />
      <Itens>
        <Item>
          <DiscriminacaoServico>Item 1</DiscriminacaoServico>
          <Quantidade>1</Quantidade>
          <ValorUnitario>15000.5</ValorUnitario>
          <ValorTotal>15000.5</ValorTotal>
          <Tributavel>S</Tributavel>
        </Item>
      </Itens>
    </Nota>
    <Nota>
      <NumeroNota>11</NumeroNota>
      <DataProcessamento>2010-12-29T00:00:00</DataProcessamento>
      <NumeroLote>190641</NumeroLote>
      <CodigoVerificacao>daeff1f3</CodigoVerificacao>
      <Assinatura>7923f12042949f8fa66062610c84e5f8b5a86764</Assinatura>
      <InscricaoMunicipalPrestador>000132683</InscricaoMunicipalPrestador>
      <RazaoSocialPrestador>A DE ARO ASSESSORIA EM RECURSOS HUMANOS E SERVICOS LTDA</RazaoSocialPrestador>
      <TipoRPS>RPS</TipoRPS>
      <SerieRPS>NF</SerieRPS>
      <NumeroRPS>9</NumeroRPS>
      <DataEmissaoRPS>2010-12-29T00:00:00</DataEmissaoRPS>
      <SituacaoRPS>N</SituacaoRPS>
      <SerieRPSSubstituido />
      <NumeroRPSSubstituido>0</NumeroRPSSubstituido>
      <NumeroNFSeSubstituida>0</NumeroNFSeSubstituida>
      <DataEmissaoNFSeSubstituida>1900-01-01T00:00:00</DataEmissaoNFSeSubstituida>
      <SeriePrestacao>99</SeriePrestacao>
      <InscricaoMunicipalTomador />
      <CPFCNPJTomador>08104694000119</CPFCNPJTomador>
      <RazaoSocialTomador>Tomador Nao Substituto</RazaoSocialTomador>
      <TipoLogradouroTomador>Rua</TipoLogradouroTomador>
      <LogradouroTomador>DOM PEDRO II</LogradouroTomador>
      <NumeroEnderecoTomador>11</NumeroEnderecoTomador>
      <ComplementoEnderecoTomador />
      <TipoBairroTomador>Bairro</TipoBairroTomador>
      <BairroTomador>Centro</BairroTomador>
      <CidadeTomador>7145</CidadeTomador>
      <CidadeTomadorDescricao>SOROCABA</CidadeTomadorDescricao>
      <CEPTomador>18010130</CEPTomador>
      <EmailTomador>leonardo.yonaha@dsfnet.com.br</EmailTomador>
      <CodigoAtividade>702040000</CodigoAtividade>
      <AliquotaAtividade>5</AliquotaAtividade>
      <TipoRecolhimento>A</TipoRecolhimento>
      <MunicipioPrestacao>7145</MunicipioPrestacao>
      <MunicipioPrestacaoDescricao>SOROCABA</MunicipioPrestacaoDescricao>
      <Operacao>A</Operacao>
      <Tributacao>T</Tributacao>
      <ValorPIS>0</ValorPIS>
      <ValorCOFINS>0</ValorCOFINS>
      <ValorINSS>0</ValorINSS>
      <ValorIR>0</ValorIR>
      <ValorCSLL>0</ValorCSLL>
      <AliquotaPIS>0</AliquotaPIS>
      <AliquotaCOFINS>0</AliquotaCOFINS>
      <AliquotaINSS>0</AliquotaINSS>
      <AliquotaIR>0</AliquotaIR>
      <AliquotaCSLL>0</AliquotaCSLL>
      <DescricaoRPS />
      <DDDPrestador>15</DDDPrestador>
      <TelefonePrestador>32216045</TelefonePrestador>
      <DDDTomador>11</DDDTomador>
      <TelefoneTomador>32323232</TelefoneTomador>
      <MotCancelamento />
      <CPFCNPJIntermediario />
      <Deducoes />
      <Itens>
        <Item>
          <DiscriminacaoServico>Item 1</DiscriminacaoServico>
          <Quantidade>1</Quantidade>
          <ValorUnitario>20000.5</ValorUnitario>
          <ValorTotal>20000.5</ValorTotal>
          <Tributavel>S</Tributavel>
        </Item>
      </Itens>
    </Nota>
    <Nota>
      <NumeroNota>12</NumeroNota>
      <DataProcessamento>2010-12-29T00:00:00</DataProcessamento>
      <NumeroLote>190643</NumeroLote>
      <CodigoVerificacao>06bce121</CodigoVerificacao>
      <Assinatura>a854dd5bda78ccd812a42ea67fc32f0e2717f2c6</Assinatura>
      <InscricaoMunicipalPrestador>000132683</InscricaoMunicipalPrestador>
      <RazaoSocialPrestador>A DE ARO ASSESSORIA EM RECURSOS HUMANOS E SERVICOS LTDA</RazaoSocialPrestador>
      <TipoRPS>RPS</TipoRPS>
      <SerieRPS>NF</SerieRPS>
      <NumeroRPS>10</NumeroRPS>
      <DataEmissaoRPS>2010-12-29T00:00:00</DataEmissaoRPS>
      <SituacaoRPS>N</SituacaoRPS>
      <SerieRPSSubstituido />
      <NumeroRPSSubstituido>0</NumeroRPSSubstituido>
      <NumeroNFSeSubstituida>0</NumeroNFSeSubstituida>
      <DataEmissaoNFSeSubstituida>1900-01-01T00:00:00</DataEmissaoNFSeSubstituida>
      <SeriePrestacao>99</SeriePrestacao>
      <InscricaoMunicipalTomador />
      <CPFCNPJTomador>08104694000119</CPFCNPJTomador>
      <RazaoSocialTomador>Tomador Nao Substituto</RazaoSocialTomador>
      <TipoLogradouroTomador>Rua</TipoLogradouroTomador>
      <LogradouroTomador>DOM PEDRO II</LogradouroTomador>
      <NumeroEnderecoTomador>11</NumeroEnderecoTomador>
      <ComplementoEnderecoTomador />
      <TipoBairroTomador>Bairro</TipoBairroTomador>
      <BairroTomador>Centro</BairroTomador>
      <CidadeTomador>7145</CidadeTomador>
      <CidadeTomadorDescricao>SOROCABA</CidadeTomadorDescricao>
      <CEPTomador>18010130</CEPTomador>
      <EmailTomador>leonardo.yonaha@dsfnet.com.br</EmailTomador>
      <CodigoAtividade>702040000</CodigoAtividade>
      <AliquotaAtividade>5</AliquotaAtividade>
      <TipoRecolhimento>A</TipoRecolhimento>
      <MunicipioPrestacao>7145</MunicipioPrestacao>
      <MunicipioPrestacaoDescricao>SOROCABA</MunicipioPrestacaoDescricao>
      <Operacao>A</Operacao>
      <Tributacao>T</Tributacao>
      <ValorPIS>0</ValorPIS>
      <ValorCOFINS>0</ValorCOFINS>
      <ValorINSS>0</ValorINSS>
      <ValorIR>0</ValorIR>
      <ValorCSLL>0</ValorCSLL>
      <AliquotaPIS>0</AliquotaPIS>
      <AliquotaCOFINS>0</AliquotaCOFINS>
      <AliquotaINSS>0</AliquotaINSS>
      <AliquotaIR>0</AliquotaIR>
      <AliquotaCSLL>0</AliquotaCSLL>
      <DescricaoRPS />
      <DDDPrestador>15</DDDPrestador>
      <TelefonePrestador>32216045</TelefonePrestador>
      <DDDTomador>11</DDDTomador>
      <TelefoneTomador>32323232</TelefoneTomador>
      <MotCancelamento />
      <CPFCNPJIntermediario />
      <Deducoes />
      <Itens>
        <Item>
          <DiscriminacaoServico>Item 1</DiscriminacaoServico>
          <Quantidade>1</Quantidade>
          <ValorUnitario>10000.5</ValorUnitario>
          <ValorTotal>10000.5</ValorTotal>
          <Tributavel>S</Tributavel>
        </Item>
      </Itens>
    </Nota>
    <Nota>
      <NumeroNota>13</NumeroNota>
      <DataProcessamento>2010-12-29T00:00:00</DataProcessamento>
      <NumeroLote>190645</NumeroLote>
      <CodigoVerificacao>143287bf</CodigoVerificacao>
      <Assinatura>2c7ed7c0fb9a8d8c73b95a0e476ce4d165818d74</Assinatura>
      <InscricaoMunicipalPrestador>000132683</InscricaoMunicipalPrestador>
      <RazaoSocialPrestador>A DE ARO ASSESSORIA EM RECURSOS HUMANOS E SERVICOS LTDA</RazaoSocialPrestador>
      <TipoRPS>RPS</TipoRPS>
      <SerieRPS>NF</SerieRPS>
      <NumeroRPS>11</NumeroRPS>
      <DataEmissaoRPS>2010-12-29T00:00:00</DataEmissaoRPS>
      <SituacaoRPS>N</SituacaoRPS>
      <SerieRPSSubstituido />
      <NumeroRPSSubstituido>0</NumeroRPSSubstituido>
      <NumeroNFSeSubstituida>0</NumeroNFSeSubstituida>
      <DataEmissaoNFSeSubstituida>1900-01-01T00:00:00</DataEmissaoNFSeSubstituida>
      <SeriePrestacao>99</SeriePrestacao>
      <InscricaoMunicipalTomador />
      <CPFCNPJTomador>08104694000119</CPFCNPJTomador>
      <RazaoSocialTomador>Tomador Nao Substituto</RazaoSocialTomador>
      <TipoLogradouroTomador>Rua</TipoLogradouroTomador>
      <LogradouroTomador>DOM PEDRO II</LogradouroTomador>
      <NumeroEnderecoTomador>11</NumeroEnderecoTomador>
      <ComplementoEnderecoTomador />
      <TipoBairroTomador>Bairro</TipoBairroTomador>
      <BairroTomador>Centro</BairroTomador>
      <CidadeTomador>7145</CidadeTomador>
      <CidadeTomadorDescricao>SOROCABA</CidadeTomadorDescricao>
      <CEPTomador>18010130</CEPTomador>
      <EmailTomador>leonardo.yonaha@dsfnet.com.br</EmailTomador>
      <CodigoAtividade>702040000</CodigoAtividade>
      <AliquotaAtividade>5</AliquotaAtividade>
      <TipoRecolhimento>A</TipoRecolhimento>
      <MunicipioPrestacao>7145</MunicipioPrestacao>
      <MunicipioPrestacaoDescricao>SOROCABA</MunicipioPrestacaoDescricao>
      <Operacao>A</Operacao>
      <Tributacao>T</Tributacao>
      <ValorPIS>0</ValorPIS>
      <ValorCOFINS>0</ValorCOFINS>
      <ValorINSS>0</ValorINSS>
      <ValorIR>0</ValorIR>
      <ValorCSLL>0</ValorCSLL>
      <AliquotaPIS>0</AliquotaPIS>
      <AliquotaCOFINS>0</AliquotaCOFINS>
      <AliquotaINSS>0</AliquotaINSS>
      <AliquotaIR>0</AliquotaIR>
      <AliquotaCSLL>0</AliquotaCSLL>
      <DescricaoRPS />
      <DDDPrestador>15</DDDPrestador>
      <TelefonePrestador>32216045</TelefonePrestador>
      <DDDTomador>11</DDDTomador>
      <TelefoneTomador>32323232</TelefoneTomador>
      <MotCancelamento />
      <CPFCNPJIntermediario />
      <Deducoes />
      <Itens>
        <Item>
          <DiscriminacaoServico>Item 1</DiscriminacaoServico>
          <Quantidade>1</Quantidade>
          <ValorUnitario>15000.5</ValorUnitario>
          <ValorTotal>15000.5</ValorTotal>
          <Tributavel>S</Tributavel>
        </Item>
      </Itens>
    </Nota>
    <Nota>
      <NumeroNota>14</NumeroNota>
      <DataProcessamento>2010-12-29T00:00:00</DataProcessamento>
      <NumeroLote>190650</NumeroLote>
      <CodigoVerificacao>b10d4987</CodigoVerificacao>
      <Assinatura>9178e147359196a2871cd29bbc9debb7b352023d</Assinatura>
      <InscricaoMunicipalPrestador>000132683</InscricaoMunicipalPrestador>
      <RazaoSocialPrestador>A DE ARO ASSESSORIA EM RECURSOS HUMANOS E SERVICOS LTDA</RazaoSocialPrestador>
      <TipoRPS>RPS</TipoRPS>
      <SerieRPS>NF</SerieRPS>
      <NumeroRPS>12</NumeroRPS>
      <DataEmissaoRPS>2010-12-29T00:00:00</DataEmissaoRPS>
      <SituacaoRPS>C</SituacaoRPS>
      <SerieRPSSubstituido />
      <NumeroRPSSubstituido>0</NumeroRPSSubstituido>
      <NumeroNFSeSubstituida>0</NumeroNFSeSubstituida>
      <DataEmissaoNFSeSubstituida>1900-01-01T00:00:00</DataEmissaoNFSeSubstituida>
      <SeriePrestacao>99</SeriePrestacao>
      <InscricaoMunicipalTomador />
      <CPFCNPJTomador>08104694000119</CPFCNPJTomador>
      <RazaoSocialTomador>Tomador Nao Substituto</RazaoSocialTomador>
      <TipoLogradouroTomador>Rua</TipoLogradouroTomador>
      <LogradouroTomador>DOM PEDRO II</LogradouroTomador>
      <NumeroEnderecoTomador>11</NumeroEnderecoTomador>
      <ComplementoEnderecoTomador />
      <TipoBairroTomador>Bairro</TipoBairroTomador>
      <BairroTomador>Centro</BairroTomador>
      <CidadeTomador>7145</CidadeTomador>
      <CidadeTomadorDescricao>SOROCABA</CidadeTomadorDescricao>
      <CEPTomador>18010130</CEPTomador>
      <EmailTomador>leonardo.yonaha@dsfnet.com.br</EmailTomador>
      <CodigoAtividade>702040000</CodigoAtividade>
      <AliquotaAtividade>5</AliquotaAtividade>
      <TipoRecolhimento>A</TipoRecolhimento>
      <MunicipioPrestacao>7145</MunicipioPrestacao>
      <MunicipioPrestacaoDescricao>SOROCABA</MunicipioPrestacaoDescricao>
      <Operacao>A</Operacao>
      <Tributacao>T</Tributacao>
      <ValorPIS>0</ValorPIS>
      <ValorCOFINS>0</ValorCOFINS>
      <ValorINSS>0</ValorINSS>
      <ValorIR>0</ValorIR>
      <ValorCSLL>0</ValorCSLL>
      <AliquotaPIS>0</AliquotaPIS>
      <AliquotaCOFINS>0</AliquotaCOFINS>
      <AliquotaINSS>0</AliquotaINSS>
      <AliquotaIR>0</AliquotaIR>
      <AliquotaCSLL>0</AliquotaCSLL>
      <DescricaoRPS />
      <DDDPrestador>15</DDDPrestador>
      <TelefonePrestador>32216045</TelefonePrestador>
      <DDDTomador>11</DDDTomador>
      <TelefoneTomador>32323232</TelefoneTomador>
      <MotCancelamento>Cancelado</MotCancelamento>
      <CPFCNPJIntermediario />
      <Deducoes />
      <Itens>
        <Item>
          <DiscriminacaoServico>Item 1</DiscriminacaoServico>
          <Quantidade>1</Quantidade>
          <ValorUnitario>1000</ValorUnitario>
          <ValorTotal>1000</ValorTotal>
          <Tributavel>S</Tributavel>
        </Item>
      </Itens>
    </Nota>
    <Nota>
      <NumeroNota>15</NumeroNota>
      <DataProcessamento>2010-12-29T00:00:00</DataProcessamento>
      <NumeroLote>190650</NumeroLote>
      <CodigoVerificacao>113c7cf6</CodigoVerificacao>
      <Assinatura>6fb64d912e80f71ae8bfb7a3bedba382fe4d6c05</Assinatura>
      <InscricaoMunicipalPrestador>000132683</InscricaoMunicipalPrestador>
      <RazaoSocialPrestador>A DE ARO ASSESSORIA EM RECURSOS HUMANOS E SERVICOS LTDA</RazaoSocialPrestador>
      <TipoRPS>RPS</TipoRPS>
      <SerieRPS>NF</SerieRPS>
      <NumeroRPS>13</NumeroRPS>
      <DataEmissaoRPS>2010-12-29T00:00:00</DataEmissaoRPS>
      <SituacaoRPS>C</SituacaoRPS>
      <SerieRPSSubstituido />
      <NumeroRPSSubstituido>0</NumeroRPSSubstituido>
      <NumeroNFSeSubstituida>0</NumeroNFSeSubstituida>
      <DataEmissaoNFSeSubstituida>1900-01-01T00:00:00</DataEmissaoNFSeSubstituida>
      <SeriePrestacao>99</SeriePrestacao>
      <InscricaoMunicipalTomador />
      <CPFCNPJTomador>03392084000144</CPFCNPJTomador>
      <RazaoSocialTomador>Tomador Substituto</RazaoSocialTomador>
      <TipoLogradouroTomador>Rua</TipoLogradouroTomador>
      <LogradouroTomador>DOM PEDRO II</LogradouroTomador>
      <NumeroEnderecoTomador>11</NumeroEnderecoTomador>
      <ComplementoEnderecoTomador />
      <TipoBairroTomador>Bairro</TipoBairroTomador>
      <BairroTomador>Centro</BairroTomador>
      <CidadeTomador>7145</CidadeTomador>
      <CidadeTomadorDescricao>SOROCABA</CidadeTomadorDescricao>
      <CEPTomador>18010130</CEPTomador>
      <EmailTomador>leonardo.yonaha@dsfnet.com.br</EmailTomador>
      <CodigoAtividade>702040000</CodigoAtividade>
      <AliquotaAtividade>5</AliquotaAtividade>
      <TipoRecolhimento>A</TipoRecolhimento>
      <MunicipioPrestacao>7145</MunicipioPrestacao>
      <MunicipioPrestacaoDescricao>SOROCABA</MunicipioPrestacaoDescricao>
      <Operacao>A</Operacao>
      <Tributacao>T</Tributacao>
      <ValorPIS>0</ValorPIS>
      <ValorCOFINS>0</ValorCOFINS>
      <ValorINSS>0</ValorINSS>
      <ValorIR>0</ValorIR>
      <ValorCSLL>0</ValorCSLL>
      <AliquotaPIS>0</AliquotaPIS>
      <AliquotaCOFINS>0</AliquotaCOFINS>
      <AliquotaINSS>0</AliquotaINSS>
      <AliquotaIR>0</AliquotaIR>
      <AliquotaCSLL>0</AliquotaCSLL>
      <DescricaoRPS />
      <DDDPrestador>15</DDDPrestador>
      <TelefonePrestador>32216045</TelefonePrestador>
      <DDDTomador>11</DDDTomador>
      <TelefoneTomador>32323232</TelefoneTomador>
      <MotCancelamento>Cancelado</MotCancelamento>
      <CPFCNPJIntermediario />
      <Deducoes />
      <Itens>
        <Item>
          <DiscriminacaoServico>Item 1</DiscriminacaoServico>
          <Quantidade>1</Quantidade>
          <ValorUnitario>2000</ValorUnitario>
          <ValorTotal>2000</ValorTotal>
          <Tributavel>S</Tributavel>
        </Item>
      </Itens>
    </Nota>
    <Nota>
      <NumeroNota>16</NumeroNota>
      <DataProcessamento>2010-12-29T00:00:00</DataProcessamento>
      <NumeroLote>190652</NumeroLote>
      <CodigoVerificacao>329a0298</CodigoVerificacao>
      <Assinatura>41d36a73f76fccaeed11987da0615a23b52c93fc</Assinatura>
      <InscricaoMunicipalPrestador>000132683</InscricaoMunicipalPrestador>
      <RazaoSocialPrestador>A DE ARO ASSESSORIA EM RECURSOS HUMANOS E SERVICOS LTDA</RazaoSocialPrestador>
      <TipoRPS>RPS</TipoRPS>
      <SerieRPS>NF</SerieRPS>
      <NumeroRPS>14</NumeroRPS>
      <DataEmissaoRPS>2010-12-29T00:00:00</DataEmissaoRPS>
      <SituacaoRPS>C</SituacaoRPS>
      <SerieRPSSubstituido />
      <NumeroRPSSubstituido>0</NumeroRPSSubstituido>
      <NumeroNFSeSubstituida>0</NumeroNFSeSubstituida>
      <DataEmissaoNFSeSubstituida>1900-01-01T00:00:00</DataEmissaoNFSeSubstituida>
      <SeriePrestacao>99</SeriePrestacao>
      <InscricaoMunicipalTomador />
      <CPFCNPJTomador>08104694000119</CPFCNPJTomador>
      <RazaoSocialTomador>Tomador Nao Substituto</RazaoSocialTomador>
      <TipoLogradouroTomador>Rua</TipoLogradouroTomador>
      <LogradouroTomador>DOM PEDRO II</LogradouroTomador>
      <NumeroEnderecoTomador>11</NumeroEnderecoTomador>
      <ComplementoEnderecoTomador />
      <TipoBairroTomador>Bairro</TipoBairroTomador>
      <BairroTomador>Centro</BairroTomador>
      <CidadeTomador>7145</CidadeTomador>
      <CidadeTomadorDescricao>SOROCABA</CidadeTomadorDescricao>
      <CEPTomador>18010130</CEPTomador>
      <EmailTomador>leonardo.yonaha@dsfnet.com.br</EmailTomador>
      <CodigoAtividade>702040000</CodigoAtividade>
      <AliquotaAtividade>5</AliquotaAtividade>
      <TipoRecolhimento>A</TipoRecolhimento>
      <MunicipioPrestacao>7145</MunicipioPrestacao>
      <MunicipioPrestacaoDescricao>SOROCABA</MunicipioPrestacaoDescricao>
      <Operacao>A</Operacao>
      <Tributacao>T</Tributacao>
      <ValorPIS>0</ValorPIS>
      <ValorCOFINS>0</ValorCOFINS>
      <ValorINSS>0</ValorINSS>
      <ValorIR>0</ValorIR>
      <ValorCSLL>0</ValorCSLL>
      <AliquotaPIS>0</AliquotaPIS>
      <AliquotaCOFINS>0</AliquotaCOFINS>
      <AliquotaINSS>0</AliquotaINSS>
      <AliquotaIR>0</AliquotaIR>
      <AliquotaCSLL>0</AliquotaCSLL>
      <DescricaoRPS />
      <DDDPrestador>15</DDDPrestador>
      <TelefonePrestador>32216045</TelefonePrestador>
      <DDDTomador>11</DDDTomador>
      <TelefoneTomador>32323232</TelefoneTomador>
      <MotCancelamento>cancelada</MotCancelamento>
      <CPFCNPJIntermediario />
      <Deducoes />
      <Itens>
        <Item>
          <DiscriminacaoServico>Item 1</DiscriminacaoServico>
          <Quantidade>1</Quantidade>
          <ValorUnitario>1000</ValorUnitario>
          <ValorTotal>1000</ValorTotal>
          <Tributavel>S</Tributavel>
        </Item>
      </Itens>
    </Nota>
    <Nota>
      <NumeroNota>17</NumeroNota>
      <DataProcessamento>2010-12-29T00:00:00</DataProcessamento>
      <NumeroLote>190652</NumeroLote>
      <CodigoVerificacao>9558bc90</CodigoVerificacao>
      <Assinatura>cc7aa5f5163c3aa2afe998c2e33944b190933fce</Assinatura>
      <InscricaoMunicipalPrestador>000132683</InscricaoMunicipalPrestador>
      <RazaoSocialPrestador>A DE ARO ASSESSORIA EM RECURSOS HUMANOS E SERVICOS LTDA</RazaoSocialPrestador>
      <TipoRPS>RPS</TipoRPS>
      <SerieRPS>NF</SerieRPS>
      <NumeroRPS>15</NumeroRPS>
      <DataEmissaoRPS>2010-12-29T00:00:00</DataEmissaoRPS>
      <SituacaoRPS>N</SituacaoRPS>
      <SerieRPSSubstituido />
      <NumeroRPSSubstituido>0</NumeroRPSSubstituido>
      <NumeroNFSeSubstituida>0</NumeroNFSeSubstituida>
      <DataEmissaoNFSeSubstituida>1900-01-01T00:00:00</DataEmissaoNFSeSubstituida>
      <SeriePrestacao>99</SeriePrestacao>
      <InscricaoMunicipalTomador />
      <CPFCNPJTomador>03392084000144</CPFCNPJTomador>
      <RazaoSocialTomador>Tomador Substituto</RazaoSocialTomador>
      <TipoLogradouroTomador>Rua</TipoLogradouroTomador>
      <LogradouroTomador>DOM PEDRO II</LogradouroTomador>
      <NumeroEnderecoTomador>11</NumeroEnderecoTomador>
      <ComplementoEnderecoTomador />
      <TipoBairroTomador>Bairro</TipoBairroTomador>
      <BairroTomador>Centro</BairroTomador>
      <CidadeTomador>7145</CidadeTomador>
      <CidadeTomadorDescricao>SOROCABA</CidadeTomadorDescricao>
      <CEPTomador>18010130</CEPTomador>
      <EmailTomador>leonardo.yonaha@dsfnet.com.br</EmailTomador>
      <CodigoAtividade>702040000</CodigoAtividade>
      <AliquotaAtividade>0</AliquotaAtividade>
      <TipoRecolhimento>A</TipoRecolhimento>
      <MunicipioPrestacao>7145</MunicipioPrestacao>
      <MunicipioPrestacaoDescricao>SOROCABA</MunicipioPrestacaoDescricao>
      <Operacao>A</Operacao>
      <Tributacao>G</Tributacao>
      <ValorPIS>0</ValorPIS>
      <ValorCOFINS>0</ValorCOFINS>
      <ValorINSS>0</ValorINSS>
      <ValorIR>0</ValorIR>
      <ValorCSLL>0</ValorCSLL>
      <AliquotaPIS>0</AliquotaPIS>
      <AliquotaCOFINS>0</AliquotaCOFINS>
      <AliquotaINSS>0</AliquotaINSS>
      <AliquotaIR>0</AliquotaIR>
      <AliquotaCSLL>0</AliquotaCSLL>
      <DescricaoRPS />
      <DDDPrestador>15</DDDPrestador>
      <TelefonePrestador>32216045</TelefonePrestador>
      <DDDTomador>11</DDDTomador>
      <TelefoneTomador>32323232</TelefoneTomador>
      <MotCancelamento />
      <CPFCNPJIntermediario />
      <Deducoes />
      <Itens>
        <Item>
          <DiscriminacaoServico>Item 1</DiscriminacaoServico>
          <Quantidade>1</Quantidade>
          <ValorUnitario>1000</ValorUnitario>
          <ValorTotal>1000</ValorTotal>
          <Tributavel>S</Tributavel>
        </Item>
      </Itens>
    </Nota>
  </Notas>
</ns1:RetornoConsultaNotas>

