<?xml version="1.0" encoding="UTF-8"?>
<ns1:RetornoConsultaNotas xmlns:ns1="http://localhost:8080/WsNFe2/lote" xmlns:tipos="http://localhost:8080/WsNFe2/tp" xmlns:xsi="http://www.w3.org/2001/XMLSchema-instance" xsi:schemaLocation="http://localhost:8080/WsNFe2/lote http://localhost:8080/WsNFe2/xsd/RetornoConsultaNotas.xsd">
  <Cabecalho>
    <CodCidade>7145</CodCidade>
    <CPFCNPJRemetente>02852715000106</CPFCNPJRemetente>
    <InscricaoMunicipalPrestador>000132683</InscricaoMunicipalPrestador>
    <dtInicio>2010-01-01</dtInicio>
    <dtFim>2011-12-30</dtFim>
    <Versao>1</Versao>
  </Cabecalho>
  <Notas />
</ns1:RetornoConsultaNotas>

