<?xml version="1.0" encoding="UTF-8"?>
<ns1:ConsultaSeqRps xmlns:ns1="http://localhost:8080/WsNFe2/lote" xmlns:tipos="http://localhost:8080/WsNFe2/tp" xmlns:xsi="http://www.w3.org/2001/XMLSchema-instance" xsi:schemaLocation="http://localhost:8080/WsNFe2/lote http://localhost:8080/WsNFe2/xsd/ConsultaSeqRps.xsd"><Cabecalho><CodCid>7145</CodCid><IMPrestador>000132683</IMPrestador><CPFCNPJRemetente>02852715000106</CPFCNPJRemetente><SeriePrestacao>99</SeriePrestacao><Versao>1</Versao></Cabecalho></ns1:ConsultaSeqRps>
