<?xml version="1.0" encoding="UTF-8"?>
<ns1:ReqCancelamentoNFSe xmlns:ns1="http://localhost:8080/WsNFe2/lote"
	xmlns:tipos="http://localhost:8080/WsNFe2/tp" xmlns:xsi="http://www.w3.org/2001/XMLSchema-instance"
	xsi:schemaLocation="http://localhost:8080/WsNFe2/lote http://localhost:8080/WsNFe2/xsd/ReqCancelamentoNFSe.xsd">
	<Cabecalho>
		<CodCidade>427</CodCidade>
		<CPFCNPJRemetente>22934020000172</CPFCNPJRemetente>
		<transacao>true</transacao>
		<Versao>1</Versao>
	</Cabecalho>
	<Lote Id="lote:1ABCDZ">
		<Nota Id="nota:5">
			<InscricaoMunicipalPrestador>0984309</InscricaoMunicipalPrestador>
			<NumeroNota>5</NumeroNota>
			<CodigoVerificacao>98d0e61d9396b60e5a847a361cb9264e4b6d0c9f</CodigoVerificacao>
			<MotivoCancelamento>Teste de cancelamento</MotivoCancelamento>
		</Nota>
	</Lote>
</ns1:ReqCancelamentoNFSe>
