<?xml version="1.0" encoding="UTF-8"?>
<ns1:RetornoCancelamentoNFSe xmlns:ns1="http://localhost:8080/WsNFe2/lote" xmlns:tipos="http://localhost:8080/WsNFe2/tp" xmlns:xsi="http://www.w3.org/2001/XMLSchema-instance" xsi:schemaLocation="http://localhost:8080/WsNFe2/lote http://localhost:8080/WsNFe2/xsd/RetornoCancelamentoNFSe.xsd">
  <Cabecalho>
    <CodCidade>427</CodCidade>
    <Sucesso>false</Sucesso>
    <CPFCNPJRemetente>22934020000172</CPFCNPJRemetente>
    <Versao>1</Versao>
  </Cabecalho>
  <NotasCanceladas />
  <Alertas />
  <Erros>
    <Erro>
      <Codigo>1428</Codigo>
      <Descricao>Certificado Digital utilizado na assinatura do lote deve ser o mesmo do remetente do lote. CPF/CNPJ do Certificado diferente do remetente. Certificado Invalido.Certificado Digital registrado para o CPF/CNPJ 22693291801 sendo que o lote foi enviado pelo remetente CPF/CNPJ 22934020000172</Descricao>
    </Erro>
  </Erros>
</ns1:RetornoCancelamentoNFSe>

