<?xml version="1.0" encoding="UTF-8"?>
<ns1:RetornoConsultaLote  xmlns:ns1="http://localhost:8080/WsNFe2/lote" xmlns:tipos="http://localhost:8080/WsNFe2/tp" xmlns:xsi="http://www.w3.org/2001/XMLSchema-instance" xsi:schemaLocation="http://localhost:8080/WsNFe2/lote http://localhost:8080/WsNFe2/xsd/RetornoConsultaLote.xsd">
  <Cabecalho>
    <CodCidade>5403</CodCidade>
    <Sucesso>false</Sucesso>
    <NumeroLote>29719</NumeroLote>
    <CPFCNPJRemetente>08035967000110</CPFCNPJRemetente>
    <RazaoSocialRemetente />
    <DataEnvioLote />
    <QtdNotasProcessadas>0</QtdNotasProcessadas>
    <TempoProcessamento>0</TempoProcessamento>
    <ValorTotalServicos>0</ValorTotalServicos>
    <ValorTotalDeducoes>0</ValorTotalDeducoes>
    <Versao>1</Versao>
  </Cabecalho>
  <Alertas />
  <Erros>
    <Erro>
      <Codigo>1105</Codigo>
      <Descricao>Lote n�o encontrado.</Descricao>
    </Erro>
  </Erros>
  <ListaNFSe />
</ns1:RetornoConsultaLote>

