<?xml version="1.0" encoding="UTF-8"?>
<ns1:ReqEnvioLoteRPS xmlns:ns1="http://localhost:8080/WsNFe2/lote"
	xmlns:tipos="http://localhost:8080/WsNFe2/tp" xmlns:xsi="http://www.w3.org/2001/XMLSchema-instance"
	xsi:schemaLocation="http://localhost:8080/WsNFe2/lote http://localhost:8080/WsNFe2/xsd/ReqEnvioLoteRPS.xsd">
	<Cabecalho>
		<CodCidade>427</CodCidade>
		<CPFCNPJRemetente>22934020000172</CPFCNPJRemetente>
		<RazaoSocialRemetente>MARIS ENSINO SUPERIO</RazaoSocialRemetente>
		<transacao></transacao>
		<dtInicio>2010-01-01</dtInicio>
		<dtFim>2010-01-01</dtFim>
		<QtdRPS>7</QtdRPS>
		<ValorTotalServicos>15078.00</ValorTotalServicos>
		<ValorTotalDeducoes>22.00</ValorTotalDeducoes>
		<Versao>1</Versao>
		<MetodoEnvio>WS</MetodoEnvio>		
	</Cabecalho>
	<Lote Id="lote:1ABCDZ">
		<RPS Id="rps:4">
			<Assinatura>8016118180c5d88777416d3a3782423590539055</Assinatura>
			<InscricaoMunicipalPrestador>0984309</InscricaoMunicipalPrestador>
			<RazaoSocialPrestador>MARIS ENSINO SUPERIO</RazaoSocialPrestador>
			<TipoRPS>RPS</TipoRPS>
			<SerieRPS>NF</SerieRPS>
			<NumeroRPS>4</NumeroRPS>
			<DataEmissaoRPS>2010-01-01T09:55:19</DataEmissaoRPS>
			<SituacaoRPS>N</SituacaoRPS>
			<SerieRPSSubstituido></SerieRPSSubstituido>
			<NumeroRPSSubstituido>0</NumeroRPSSubstituido>
			<NumeroNFSeSubstituida>0</NumeroNFSeSubstituida>
			<DataEmissaoNFSeSubstituida>1900-01-01</DataEmissaoNFSeSubstituida>
			<SeriePrestacao>99</SeriePrestacao>
			<InscricaoMunicipalTomador>0000000</InscricaoMunicipalTomador>
			<CPFCNPJTomador>77777777777</CPFCNPJTomador>
			<RazaoSocialTomador>Consumidor</RazaoSocialTomador>
			<TipoLogradouroTomador>-</TipoLogradouroTomador>
			<LogradouroTomador></LogradouroTomador>
			<NumeroEnderecoTomador>0</NumeroEnderecoTomador>
			<ComplementoEnderecoTomador></ComplementoEnderecoTomador>
			<TipoBairroTomador>-</TipoBairroTomador>
			<BairroTomador>-</BairroTomador>
			<CidadeTomador>0000427</CidadeTomador>
			<CidadeTomadorDescricao>Belem</CidadeTomadorDescricao>
			<CEPTomador>00000000</CEPTomador>
			<EmailTomador>-</EmailTomador>
			<CodigoAtividade>591110200</CodigoAtividade>
			<AliquotaAtividade>5.00</AliquotaAtividade>
			<TipoRecolhimento>A</TipoRecolhimento>
			<MunicipioPrestacao>0000427</MunicipioPrestacao>
			<MunicipioPrestacaoDescricao>Belem</MunicipioPrestacaoDescricao>
			<Operacao>B</Operacao>
			<Tributacao>T</Tributacao>
			<ValorPIS>0.00</ValorPIS>
			<ValorCOFINS>0.00</ValorCOFINS>
			<ValorINSS>0.00</ValorINSS>
			<ValorIR>0.00</ValorIR>
			<ValorCSLL>0.00</ValorCSLL>
			<AliquotaPIS>0.0000</AliquotaPIS>
			<AliquotaCOFINS>0.0000</AliquotaCOFINS>
			<AliquotaINSS>0.0000</AliquotaINSS>
			<AliquotaIR>0.0000</AliquotaIR>
			<AliquotaCSLL>0.0000</AliquotaCSLL>
			<DescricaoRPS></DescricaoRPS>
			<DDDPrestador>11</DDDPrestador>
			<TelefonePrestador>20202121</TelefonePrestador>
			<DDDTomador>00</DDDTomador>
			<TelefoneTomador>00000000</TelefoneTomador>
			<MotCancelamento></MotCancelamento>
			<CPFCNPJIntermediario></CPFCNPJIntermediario>
			<Deducoes>
				<Deducao>
					<DeducaoPor>Valor</DeducaoPor>
					<TipoDeducao>Mapa de Const. Civil</TipoDeducao>
					<CPFCNPJReferencia>22934020000172</CPFCNPJReferencia>
					<NumeroNFReferencia>1</NumeroNFReferencia>
					<ValorTotalReferencia>1.00</ValorTotalReferencia>
					<PercentualDeduzir>0.00</PercentualDeduzir>
					<ValorDeduzir>1.00</ValorDeduzir>
				</Deducao>
			</Deducoes>
			<Itens>
				<Item>
					<DiscriminacaoServico>1</DiscriminacaoServico>
					<Quantidade>1</Quantidade>
					<ValorUnitario>1000.0000</ValorUnitario>
					<ValorTotal>1000.00</ValorTotal>
				</Item>
			</Itens>
		</RPS>
		<RPS Id="rps:5">
			<Assinatura>f7bc5236efbc48185f5842869a79c39478e35002</Assinatura>
			<InscricaoMunicipalPrestador>0984309</InscricaoMunicipalPrestador>
			<RazaoSocialPrestador>MARIS ENSINO SUPERIO</RazaoSocialPrestador>
			<TipoRPS>RPS</TipoRPS>
			<SerieRPS>NF</SerieRPS>
			<NumeroRPS>5</NumeroRPS>
			<DataEmissaoRPS>2010-01-01T10:19:47</DataEmissaoRPS>
			<SituacaoRPS>N</SituacaoRPS>
			<SerieRPSSubstituido></SerieRPSSubstituido>
			<NumeroRPSSubstituido>0</NumeroRPSSubstituido>
			<NumeroNFSeSubstituida>0</NumeroNFSeSubstituida>
			<DataEmissaoNFSeSubstituida>1900-01-01</DataEmissaoNFSeSubstituida>
			<SeriePrestacao>99</SeriePrestacao>
			<InscricaoMunicipalTomador>0000000</InscricaoMunicipalTomador>
			<CPFCNPJTomador>77777777777</CPFCNPJTomador>
			<RazaoSocialTomador>Consumidor</RazaoSocialTomador>
			<TipoLogradouroTomador>-</TipoLogradouroTomador>
			<LogradouroTomador></LogradouroTomador>
			<NumeroEnderecoTomador>0</NumeroEnderecoTomador>
			<ComplementoEnderecoTomador></ComplementoEnderecoTomador>
			<TipoBairroTomador>-</TipoBairroTomador>
			<BairroTomador>-</BairroTomador>
			<CidadeTomador>0000427</CidadeTomador>
			<CidadeTomadorDescricao>Belem</CidadeTomadorDescricao>
			<CEPTomador>00000000</CEPTomador>
			<EmailTomador>-</EmailTomador>
			<CodigoAtividade>731140000</CodigoAtividade>
			<AliquotaAtividade>5.00</AliquotaAtividade>
			<TipoRecolhimento>A</TipoRecolhimento>
			<MunicipioPrestacao>0000427</MunicipioPrestacao>
			<MunicipioPrestacaoDescricao>Belem</MunicipioPrestacaoDescricao>
			<Operacao>B</Operacao>
			<Tributacao>T</Tributacao>
			<ValorPIS>0.00</ValorPIS>
			<ValorCOFINS>0.00</ValorCOFINS>
			<ValorINSS>0.00</ValorINSS>
			<ValorIR>0.00</ValorIR>
			<ValorCSLL>0.00</ValorCSLL>
			<AliquotaPIS>0.0000</AliquotaPIS>
			<AliquotaCOFINS>0.0000</AliquotaCOFINS>
			<AliquotaINSS>0.0000</AliquotaINSS>
			<AliquotaIR>0.0000</AliquotaIR>
			<AliquotaCSLL>0.0000</AliquotaCSLL>
			<DescricaoRPS></DescricaoRPS>
			<DDDPrestador>11</DDDPrestador>
			<TelefonePrestador>20202121</TelefonePrestador>
			<DDDTomador>00</DDDTomador>
			<TelefoneTomador>00000000</TelefoneTomador>
			<MotCancelamento></MotCancelamento>
			<CPFCNPJIntermediario></CPFCNPJIntermediario>
			<Deducoes>
				<Deducao>
					<DeducaoPor>Valor</DeducaoPor>
					<TipoDeducao>Servicos de Veiculacao e Divulgacao</TipoDeducao>
					<CPFCNPJReferencia>00000000000191</CPFCNPJReferencia>
					<NumeroNFReferencia>1</NumeroNFReferencia>
					<ValorTotalReferencia>1000.00</ValorTotalReferencia>
					<PercentualDeduzir>0.00</PercentualDeduzir>
					<ValorDeduzir>10.00</ValorDeduzir>
				</Deducao>
			</Deducoes>
			<Itens>
				<Item>
					<DiscriminacaoServico>1</DiscriminacaoServico>
					<Quantidade>1</Quantidade>
					<ValorUnitario>10000.0000</ValorUnitario>
					<ValorTotal>10000.00</ValorTotal>
				</Item>
			</Itens>
		</RPS>
		<RPS Id="rps:6">
			<Assinatura>2528133cc33ef8685f8a14fad5458c83960e0abe</Assinatura>
			<InscricaoMunicipalPrestador>0984309</InscricaoMunicipalPrestador>
			<RazaoSocialPrestador>MARIS ENSINO SUPERIO</RazaoSocialPrestador>
			<TipoRPS>RPS</TipoRPS>
			<SerieRPS>NF</SerieRPS>
			<NumeroRPS>6</NumeroRPS>
			<DataEmissaoRPS>2010-01-01T10:31:02</DataEmissaoRPS>
			<SituacaoRPS>N</SituacaoRPS>
			<SerieRPSSubstituido></SerieRPSSubstituido>
			<NumeroRPSSubstituido>0</NumeroRPSSubstituido>
			<NumeroNFSeSubstituida>0</NumeroNFSeSubstituida>
			<DataEmissaoNFSeSubstituida>1900-01-01</DataEmissaoNFSeSubstituida>
			<SeriePrestacao>99</SeriePrestacao>
			<InscricaoMunicipalTomador>0000000</InscricaoMunicipalTomador>
			<CPFCNPJTomador>77777777777</CPFCNPJTomador>
			<RazaoSocialTomador>Consumidor</RazaoSocialTomador>
			<TipoLogradouroTomador>-</TipoLogradouroTomador>
			<LogradouroTomador></LogradouroTomador>
			<NumeroEnderecoTomador>0</NumeroEnderecoTomador>
			<ComplementoEnderecoTomador></ComplementoEnderecoTomador>
			<TipoBairroTomador>-</TipoBairroTomador>
			<BairroTomador>-</BairroTomador>
			<CidadeTomador>0000427</CidadeTomador>
			<CidadeTomadorDescricao>Belem</CidadeTomadorDescricao>
			<CEPTomador>00000000</CEPTomador>
			<EmailTomador>-</EmailTomador>
			<CodigoAtividade>731909900</CodigoAtividade>
			<AliquotaAtividade>5.00</AliquotaAtividade>
			<TipoRecolhimento>A</TipoRecolhimento>
			<MunicipioPrestacao>0000427</MunicipioPrestacao>
			<MunicipioPrestacaoDescricao>Belem</MunicipioPrestacaoDescricao>
			<Operacao>B</Operacao>
			<Tributacao>T</Tributacao>
			<ValorPIS>0.00</ValorPIS>
			<ValorCOFINS>0.00</ValorCOFINS>
			<ValorINSS>0.00</ValorINSS>
			<ValorIR>0.00</ValorIR>
			<ValorCSLL>0.00</ValorCSLL>
			<AliquotaPIS>0.0000</AliquotaPIS>
			<AliquotaCOFINS>0.0000</AliquotaCOFINS>
			<AliquotaINSS>0.0000</AliquotaINSS>
			<AliquotaIR>0.0000</AliquotaIR>
			<AliquotaCSLL>0.0000</AliquotaCSLL>
			<DescricaoRPS></DescricaoRPS>
			<DDDPrestador>11</DDDPrestador>
			<TelefonePrestador>20202121</TelefonePrestador>
			<DDDTomador>00</DDDTomador>
			<TelefoneTomador>00000000</TelefoneTomador>
			<MotCancelamento></MotCancelamento>
			<CPFCNPJIntermediario></CPFCNPJIntermediario>
			<Deducoes>
				<Deducao>
					<DeducaoPor>Valor</DeducaoPor>
					<TipoDeducao>Despesas com Materiais</TipoDeducao>
					<CPFCNPJReferencia>00000000000191</CPFCNPJReferencia>
					<NumeroNFReferencia>1</NumeroNFReferencia>
					<ValorTotalReferencia>1000.00</ValorTotalReferencia>
					<PercentualDeduzir>0.00</PercentualDeduzir>
					<ValorDeduzir>10.00</ValorDeduzir>
				</Deducao>
			</Deducoes>
			<Itens>
				<Item>
					<DiscriminacaoServico>1</DiscriminacaoServico>
					<Quantidade>1</Quantidade>
					<ValorUnitario>1000.0000</ValorUnitario>
					<ValorTotal>1000.00</ValorTotal>
				</Item>
			</Itens>
		</RPS>
		<RPS Id="rps:7">
			<Assinatura>8bc1454face1efd3643a7c8e930f4054c30e182d</Assinatura>
			<InscricaoMunicipalPrestador>0984309</InscricaoMunicipalPrestador>
			<RazaoSocialPrestador>MARIS ENSINO SUPERIO</RazaoSocialPrestador>
			<TipoRPS>RPS</TipoRPS>
			<SerieRPS>NF</SerieRPS>
			<NumeroRPS>7</NumeroRPS>
			<DataEmissaoRPS>2010-01-01T10:31:34</DataEmissaoRPS>
			<SituacaoRPS>N</SituacaoRPS>
			<SerieRPSSubstituido></SerieRPSSubstituido>
			<NumeroRPSSubstituido>0</NumeroRPSSubstituido>
			<NumeroNFSeSubstituida>0</NumeroNFSeSubstituida>
			<DataEmissaoNFSeSubstituida>1900-01-01</DataEmissaoNFSeSubstituida>
			<SeriePrestacao>99</SeriePrestacao>
			<InscricaoMunicipalTomador>0000000</InscricaoMunicipalTomador>
			<CPFCNPJTomador>77777777777</CPFCNPJTomador>
			<RazaoSocialTomador>Consumidor</RazaoSocialTomador>
			<TipoLogradouroTomador>-</TipoLogradouroTomador>
			<LogradouroTomador></LogradouroTomador>
			<NumeroEnderecoTomador>0</NumeroEnderecoTomador>
			<ComplementoEnderecoTomador></ComplementoEnderecoTomador>
			<TipoBairroTomador>-</TipoBairroTomador>
			<BairroTomador>-</BairroTomador>
			<CidadeTomador>0000427</CidadeTomador>
			<CidadeTomadorDescricao>Belem</CidadeTomadorDescricao>
			<CEPTomador>00000000</CEPTomador>
			<EmailTomador>-</EmailTomador>
			<CodigoAtividade>429100001</CodigoAtividade>
			<AliquotaAtividade>5.00</AliquotaAtividade>
			<TipoRecolhimento>A</TipoRecolhimento>
			<MunicipioPrestacao>0000427</MunicipioPrestacao>
			<MunicipioPrestacaoDescricao>Belem</MunicipioPrestacaoDescricao>
			<Operacao>B</Operacao>
			<Tributacao>T</Tributacao>
			<ValorPIS>0.00</ValorPIS>
			<ValorCOFINS>0.00</ValorCOFINS>
			<ValorINSS>0.00</ValorINSS>
			<ValorIR>0.00</ValorIR>
			<ValorCSLL>0.00</ValorCSLL>
			<AliquotaPIS>0.0000</AliquotaPIS>
			<AliquotaCOFINS>0.0000</AliquotaCOFINS>
			<AliquotaINSS>0.0000</AliquotaINSS>
			<AliquotaIR>0.0000</AliquotaIR>
			<AliquotaCSLL>0.0000</AliquotaCSLL>
			<DescricaoRPS></DescricaoRPS>
			<DDDPrestador>11</DDDPrestador>
			<TelefonePrestador>20202121</TelefonePrestador>
			<DDDTomador>00</DDDTomador>
			<TelefoneTomador>00000000</TelefoneTomador>
			<MotCancelamento></MotCancelamento>
			<CPFCNPJIntermediario></CPFCNPJIntermediario>
			<Deducoes />
			<Itens>
				<Item>
					<DiscriminacaoServico>item 1</DiscriminacaoServico>
					<Quantidade>1</Quantidade>
					<ValorUnitario>1000.0000</ValorUnitario>
					<ValorTotal>1000.00</ValorTotal>
				</Item>
			</Itens>
		</RPS>
		<RPS Id="rps:8">
			<Assinatura>6c4d4fec3f28f93e02726dd063f1c8c9fbc2a8e8</Assinatura>
			<InscricaoMunicipalPrestador>0984309</InscricaoMunicipalPrestador>
			<RazaoSocialPrestador>MARIS ENSINO SUPERIO</RazaoSocialPrestador>
			<TipoRPS>RPS</TipoRPS>
			<SerieRPS>NF</SerieRPS>
			<NumeroRPS>8</NumeroRPS>
			<DataEmissaoRPS>2010-01-01T10:32:05</DataEmissaoRPS>
			<SituacaoRPS>N</SituacaoRPS>
			<SerieRPSSubstituido></SerieRPSSubstituido>
			<NumeroRPSSubstituido>0</NumeroRPSSubstituido>
			<NumeroNFSeSubstituida>0</NumeroNFSeSubstituida>
			<DataEmissaoNFSeSubstituida>1900-01-01</DataEmissaoNFSeSubstituida>
			<SeriePrestacao>99</SeriePrestacao>
			<InscricaoMunicipalTomador>0000000</InscricaoMunicipalTomador>
			<CPFCNPJTomador>77777777777</CPFCNPJTomador>
			<RazaoSocialTomador>Consumidor</RazaoSocialTomador>
			<TipoLogradouroTomador>-</TipoLogradouroTomador>
			<LogradouroTomador></LogradouroTomador>
			<NumeroEnderecoTomador>0</NumeroEnderecoTomador>
			<ComplementoEnderecoTomador></ComplementoEnderecoTomador>
			<TipoBairroTomador>-</TipoBairroTomador>
			<BairroTomador>-</BairroTomador>
			<CidadeTomador>0000427</CidadeTomador>
			<CidadeTomadorDescricao>Belem</CidadeTomadorDescricao>
			<CEPTomador>00000000</CEPTomador>
			<EmailTomador>-</EmailTomador>
			<CodigoAtividade>551080303</CodigoAtividade>
			<AliquotaAtividade>5.00</AliquotaAtividade>
			<TipoRecolhimento>A</TipoRecolhimento>
			<MunicipioPrestacao>0000427</MunicipioPrestacao>
			<MunicipioPrestacaoDescricao>Belem</MunicipioPrestacaoDescricao>
			<Operacao>B</Operacao>
			<Tributacao>T</Tributacao>
			<ValorPIS>0.00</ValorPIS>
			<ValorCOFINS>0.00</ValorCOFINS>
			<ValorINSS>0.00</ValorINSS>
			<ValorIR>0.00</ValorIR>
			<ValorCSLL>0.00</ValorCSLL>
			<AliquotaPIS>0.0000</AliquotaPIS>
			<AliquotaCOFINS>0.0000</AliquotaCOFINS>
			<AliquotaINSS>0.0000</AliquotaINSS>
			<AliquotaIR>0.0000</AliquotaIR>
			<AliquotaCSLL>0.0000</AliquotaCSLL>
			<DescricaoRPS></DescricaoRPS>
			<DDDPrestador>11</DDDPrestador>
			<TelefonePrestador>20202121</TelefonePrestador>
			<DDDTomador>00</DDDTomador>
			<TelefoneTomador>00000000</TelefoneTomador>
			<MotCancelamento></MotCancelamento>
			<CPFCNPJIntermediario></CPFCNPJIntermediario>
			<Deducoes />
			<Itens>
				<Item>
					<DiscriminacaoServico>1</DiscriminacaoServico>
					<Quantidade>1</Quantidade>
					<ValorUnitario>1000.0000</ValorUnitario>
					<ValorTotal>1000.00</ValorTotal>
				</Item>
			</Itens>
		</RPS>
		<RPS Id="rps:9">
			<Assinatura>87ad7d537ba140c99a4edb6ed247101aead80565</Assinatura>
			<InscricaoMunicipalPrestador>0984309</InscricaoMunicipalPrestador>
			<RazaoSocialPrestador>MARIS ENSINO SUPERIO</RazaoSocialPrestador>
			<TipoRPS>RPS</TipoRPS>
			<SerieRPS>NF</SerieRPS>
			<NumeroRPS>9</NumeroRPS>
			<DataEmissaoRPS>2010-01-01T14:46:23</DataEmissaoRPS>
			<SituacaoRPS>N</SituacaoRPS>
			<SerieRPSSubstituido></SerieRPSSubstituido>
			<NumeroRPSSubstituido>0</NumeroRPSSubstituido>
			<NumeroNFSeSubstituida>0</NumeroNFSeSubstituida>
			<DataEmissaoNFSeSubstituida>1900-01-01</DataEmissaoNFSeSubstituida>
			<SeriePrestacao>99</SeriePrestacao>
			<InscricaoMunicipalTomador>0000000</InscricaoMunicipalTomador>
			<CPFCNPJTomador>77777777777</CPFCNPJTomador>
			<RazaoSocialTomador>Consumidor</RazaoSocialTomador>
			<TipoLogradouroTomador>-</TipoLogradouroTomador>
			<LogradouroTomador></LogradouroTomador>
			<NumeroEnderecoTomador>0</NumeroEnderecoTomador>
			<ComplementoEnderecoTomador></ComplementoEnderecoTomador>
			<TipoBairroTomador>-</TipoBairroTomador>
			<BairroTomador>-</BairroTomador>
			<CidadeTomador>0000427</CidadeTomador>
			<CidadeTomadorDescricao>Belem</CidadeTomadorDescricao>
			<CEPTomador>00000000</CEPTomador>
			<EmailTomador>-</EmailTomador>
			<CodigoAtividade>591110200</CodigoAtividade>
			<AliquotaAtividade>5.00</AliquotaAtividade>
			<TipoRecolhimento>A</TipoRecolhimento>
			<MunicipioPrestacao>0000427</MunicipioPrestacao>
			<MunicipioPrestacaoDescricao>Belem</MunicipioPrestacaoDescricao>
			<Operacao>A</Operacao>
			<Tributacao>T</Tributacao>
			<ValorPIS>0.00</ValorPIS>
			<ValorCOFINS>0.00</ValorCOFINS>
			<ValorINSS>0.00</ValorINSS>
			<ValorIR>0.00</ValorIR>
			<ValorCSLL>0.00</ValorCSLL>
			<AliquotaPIS>0.0000</AliquotaPIS>
			<AliquotaCOFINS>0.0000</AliquotaCOFINS>
			<AliquotaINSS>0.0000</AliquotaINSS>
			<AliquotaIR>0.0000</AliquotaIR>
			<AliquotaCSLL>0.0000</AliquotaCSLL>
			<DescricaoRPS></DescricaoRPS>
			<DDDPrestador>11</DDDPrestador>
			<TelefonePrestador>20202121</TelefonePrestador>
			<DDDTomador>00</DDDTomador>
			<TelefoneTomador>00000000</TelefoneTomador>
			<MotCancelamento></MotCancelamento>
			<CPFCNPJIntermediario></CPFCNPJIntermediario>
			<Deducoes />
			<Itens>
				<Item>
					<DiscriminacaoServico>1</DiscriminacaoServico>
					<Quantidade>1</Quantidade>
					<ValorUnitario>100.0000</ValorUnitario>
					<ValorTotal>100.00</ValorTotal>
				</Item>
			</Itens>
		</RPS>
		<RPS Id="rps:10">
			<Assinatura>1c593180f099bc9e72180b169f0c6efb7df57022</Assinatura>
			<InscricaoMunicipalPrestador>0984309</InscricaoMunicipalPrestador>
			<RazaoSocialPrestador>MARIS ENSINO SUPERIO</RazaoSocialPrestador>
			<TipoRPS>RPS</TipoRPS>
			<SerieRPS>NF</SerieRPS>
			<NumeroRPS>10</NumeroRPS>
			<DataEmissaoRPS>2010-01-01T14:47:11</DataEmissaoRPS>
			<SituacaoRPS>N</SituacaoRPS>
			<SerieRPSSubstituido></SerieRPSSubstituido>
			<NumeroRPSSubstituido>0</NumeroRPSSubstituido>
			<NumeroNFSeSubstituida>0</NumeroNFSeSubstituida>
			<DataEmissaoNFSeSubstituida>1900-01-01</DataEmissaoNFSeSubstituida>
			<SeriePrestacao>99</SeriePrestacao>
			<InscricaoMunicipalTomador>0000000</InscricaoMunicipalTomador>
			<CPFCNPJTomador>77777777777</CPFCNPJTomador>
			<RazaoSocialTomador>Consumidor</RazaoSocialTomador>
			<TipoLogradouroTomador>-</TipoLogradouroTomador>
			<LogradouroTomador></LogradouroTomador>
			<NumeroEnderecoTomador>0</NumeroEnderecoTomador>
			<ComplementoEnderecoTomador></ComplementoEnderecoTomador>
			<TipoBairroTomador>-</TipoBairroTomador>
			<BairroTomador>-</BairroTomador>
			<CidadeTomador>0000427</CidadeTomador>
			<CidadeTomadorDescricao>Belem</CidadeTomadorDescricao>
			<CEPTomador>00000000</CEPTomador>
			<EmailTomador>-</EmailTomador>
			<CodigoAtividade>591110200</CodigoAtividade>
			<AliquotaAtividade>5.00</AliquotaAtividade>
			<TipoRecolhimento>A</TipoRecolhimento>
			<MunicipioPrestacao>0000427</MunicipioPrestacao>
			<MunicipioPrestacaoDescricao>Belem</MunicipioPrestacaoDescricao>
			<Operacao>B</Operacao>
			<Tributacao>T</Tributacao>
			<ValorPIS>0.00</ValorPIS>
			<ValorCOFINS>0.00</ValorCOFINS>
			<ValorINSS>0.00</ValorINSS>
			<ValorIR>0.00</ValorIR>
			<ValorCSLL>0.00</ValorCSLL>
			<AliquotaPIS>0.0000</AliquotaPIS>
			<AliquotaCOFINS>0.0000</AliquotaCOFINS>
			<AliquotaINSS>0.0000</AliquotaINSS>
			<AliquotaIR>0.0000</AliquotaIR>
			<AliquotaCSLL>0.0000</AliquotaCSLL>
			<DescricaoRPS></DescricaoRPS>
			<DDDPrestador>11</DDDPrestador>
			<TelefonePrestador>20202121</TelefonePrestador>
			<DDDTomador>00</DDDTomador>
			<TelefoneTomador>00000000</TelefoneTomador>
			<MotCancelamento></MotCancelamento>
			<CPFCNPJIntermediario></CPFCNPJIntermediario>
			<Deducoes>
				<Deducao>
					<DeducaoPor>Valor</DeducaoPor>
					<TipoDeducao>Mapa de Const. Civil</TipoDeducao>
					<CPFCNPJReferencia>22934020000172</CPFCNPJReferencia>
					<NumeroNFReferencia>1</NumeroNFReferencia>
					<ValorTotalReferencia>1.00</ValorTotalReferencia>
					<PercentualDeduzir>0.00</PercentualDeduzir>
					<ValorDeduzir>1.00</ValorDeduzir>
				</Deducao>
			</Deducoes>
			<Itens>
				<Item>
					<DiscriminacaoServico>1</DiscriminacaoServico>
					<Quantidade>1</Quantidade>
					<ValorUnitario>1000.0000</ValorUnitario>
					<ValorTotal>1000.00</ValorTotal>
				</Item>
			</Itens>
		</RPS>
	</Lote>
</ns1:ReqEnvioLoteRPS>
