<?xml version="1.0" encoding="UTF-8"?>
<ns1_ReqConsultaNotas xmlns:ns1="http://localhost:8080/WsNFe2/lote" xmlns:tipos="http://localhost:8080/WsNFe2/tp" xmlns:xsi="http://www.w3.org/2001/XMLSchema-instance" xsi:schemaLocation="http://localhost:8080/WsNFe2/lote http://localhost:8080/WsNFe2/xsd/ReqConsultaNotas.xsd"><Cabecalho><CodCidade>5403</CodCidade><CPFCNPJRemetente>08035967000110</CPFCNPJRemetente><InscricaoMunicipalPrestador>17904300</InscricaoMunicipalPrestador><dtInicio>2009-01-01</dtInicio><dtFim>2010-12-30</dtFim><Versao>1</Versao></Cabecalho></ns1_ReqConsultaNotas>
