<?xml version="1.0" encoding="UTF-8"?>
<ns1:ReqEnvioLoteRPS xmlns:ns1="http://localhost:8080/WsNFe2/lote" xmlns:tipos="http://localhost:8080/WsNFe2/tp" xmlns:xsi="http://www.w3.org/2001/XMLSchema-instance" xsi:schemaLocation="http://localhost:8080/WsNFe2/lote http://localhost:8080/WsNFe2/xsd/ReqEnvioLoteRPS.xsd"><Cabecalho><CodCidade>427</CodCidade><CPFCNPJRemetente>04933610000107</CPFCNPJRemetente><RazaoSocialRemetente>TESTE CONTRIBUINTE</RazaoSocialRemetente><transacao></transacao><dtInicio>2009-11-01</dtInicio><dtFim>2009-11-01</dtFim><QtdRPS>1</QtdRPS><ValorTotalServicos>100.00</ValorTotalServicos><ValorTotalDeducoes>0.00</ValorTotalDeducoes><Versao>1</Versao><MetodoEnvio>WS</MetodoEnvio></Cabecalho><Lote Id="lote:1ABCDZ"><RPS Id="rps:2"><Assinatura>5820fedc4f6ae8fea6f90e558e2ea38ccf3cb8b4</Assinatura><InscricaoMunicipalPrestador>0044252</InscricaoMunicipalPrestador><RazaoSocialPrestador>REMETENTE DE TESTE</RazaoSocialPrestador><TipoRPS>RPS</TipoRPS><SerieRPS>NF</SerieRPS><NumeroRPS>2</NumeroRPS><DataEmissaoRPS>2009-11-01T00:00:00</DataEmissaoRPS><SituacaoRPS>N</SituacaoRPS><SerieRPSSubstituido></SerieRPSSubstituido><NumeroRPSSubstituido>0</NumeroRPSSubstituido><NumeroNFSeSubstituida>0</NumeroNFSeSubstituida><DataEmissaoNFSeSubstituida>1900-01-01</DataEmissaoNFSeSubstituida><SeriePrestacao>99</SeriePrestacao><InscricaoMunicipalTomador>0000000</InscricaoMunicipalTomador><CPFCNPJTomador>27394162000108</CPFCNPJTomador><RazaoSocialTomador>TESTE DE ENVIO</RazaoSocialTomador><TipoLogradouroTomador>RUA</TipoLogradouroTomador><LogradouroTomador>TESTE</LogradouroTomador><NumeroEnderecoTomador>1</NumeroEnderecoTomador><TipoBairroTomador>RUA</TipoBairroTomador><BairroTomador>CENTRO</BairroTomador><CidadeTomador>0000427</CidadeTomador><CidadeTomadorDescricao>BELEM</CidadeTomadorDescricao><CEPTomador>05010040</CEPTomador><EmailTomador>ab@bol.com.br</EmailTomador><CodigoAtividade>421200004</CodigoAtividade><AliquotaAtividade>5.00</AliquotaAtividade><TipoRecolhimento>R</TipoRecolhimento><MunicipioPrestacao>0000427</MunicipioPrestacao><MunicipioPrestacaoDescricao>BELEM</MunicipioPrestacaoDescricao><Operacao>A</Operacao><Tributacao>T</Tributacao><ValorPIS>0.00</ValorPIS><ValorCOFINS>0.00</ValorCOFINS><ValorINSS>0.00</ValorINSS><ValorIR>0.00</ValorIR><ValorCSLL>0.00</ValorCSLL><AliquotaPIS>0.0000</AliquotaPIS><AliquotaCOFINS>0.0000</AliquotaCOFINS><AliquotaINSS>0.0000</AliquotaINSS><AliquotaIR>0.0000</AliquotaIR><AliquotaCSLL>0.0000</AliquotaCSLL><DescricaoRPS>Descricao</DescricaoRPS><DDDPrestador>035</DDDPrestador><TelefonePrestador>50506060</TelefonePrestador><DDDTomador>035</DDDTomador><TelefoneTomador>40406060</TelefoneTomador><MotCancelamento></MotCancelamento><Deducoes/><Itens><Item><DiscriminacaoServico>TESTE</DiscriminacaoServico><Quantidade>1</Quantidade><ValorUnitario>100.0000</ValorUnitario><ValorTotal>100.00</ValorTotal></Item></Itens></RPS></Lote></ns1:ReqEnvioLoteRPS>
