<?xml version="1.0" encoding="UTF-8"?>
<ns1:ReqEnvioLoteRPS xmlns:ns1="http://localhost:8080/WsNFe2/lote"
	xmlns:tipos="http://localhost:8080/WsNFe2/tp" xmlns:xsi="http://www.w3.org/2001/XMLSchema-instance"
	xsi:schemaLocation="http://localhost:8080/WsNFe2/lote http://localhost:8080/WsNFe2/xsd/ReqEnvioLoteRPS.xsd">
	<Cabecalho>
		<CodCidade>427</CodCidade>
		<CPFCNPJRemetente>22934020000172</CPFCNPJRemetente>
		<RazaoSocialRemetente>MARIS ENSINO SUPERIO</RazaoSocialRemetente>
		<transacao></transacao>
		<dtInicio>2010-01-01</dtInicio>
		<dtFim>2010-01-01</dtFim>
		<QtdRPS>1</QtdRPS>
		<ValorTotalServicos>800.00</ValorTotalServicos>
		<ValorTotalDeducoes>200.00</ValorTotalDeducoes>
		<Versao>1</Versao>
		<MetodoEnvio>WS</MetodoEnvio>
	</Cabecalho>
	<Lote Id="lote:1ABCDZ">
		<RPS Id="rps:13">
			<Assinatura>7b6bd9f320b7bbfed2d63b61c618bacdb50fc23b</Assinatura>
			<InscricaoMunicipalPrestador>0984309</InscricaoMunicipalPrestador>
			<RazaoSocialPrestador>MARIS ENSINO SUPERIO</RazaoSocialPrestador>
			<TipoRPS>RPS</TipoRPS>
			<SerieRPS>NF</SerieRPS>
			<NumeroRPS>13</NumeroRPS>
			<DataEmissaoRPS>2010-01-01T18:47:03</DataEmissaoRPS>
			<SituacaoRPS>N</SituacaoRPS>
			<SerieRPSSubstituido></SerieRPSSubstituido>
			<NumeroRPSSubstituido>0</NumeroRPSSubstituido>
			<NumeroNFSeSubstituida>0</NumeroNFSeSubstituida>
			<DataEmissaoNFSeSubstituida>1900-01-01</DataEmissaoNFSeSubstituida>
			<SeriePrestacao>99</SeriePrestacao>
			<InscricaoMunicipalTomador>0000000</InscricaoMunicipalTomador>
			<CPFCNPJTomador>00000000000191</CPFCNPJTomador>
			<RazaoSocialTomador>pessoa juridica</RazaoSocialTomador>
			<TipoLogradouroTomador>Passagem</TipoLogradouroTomador>
			<LogradouroTomador>SAO PAULO</LogradouroTomador>
			<NumeroEnderecoTomador>100</NumeroEnderecoTomador>
			<ComplementoEnderecoTomador></ComplementoEnderecoTomador>
			<TipoBairroTomador>Bairro</TipoBairroTomador>
			<BairroTomador>Terra Firme</BairroTomador>
			<CidadeTomador>0000427</CidadeTomador>
			<CidadeTomadorDescricao>BELEM</CidadeTomadorDescricao>
			<CEPTomador>66070100</CEPTomador>
			<EmailTomador>rogerio.pinho@dsfnet.com.br</EmailTomador>
			<CodigoAtividade>551080303</CodigoAtividade>
			<AliquotaAtividade>5.00</AliquotaAtividade>
			<TipoRecolhimento>A</TipoRecolhimento>
			<MunicipioPrestacao>0000427</MunicipioPrestacao>
			<MunicipioPrestacaoDescricao>Belem</MunicipioPrestacaoDescricao>
			<Operacao>B</Operacao>
			<Tributacao>T</Tributacao>
			<ValorPIS>0.00</ValorPIS>
			<ValorCOFINS>0.00</ValorCOFINS>
			<ValorINSS>0.00</ValorINSS>
			<ValorIR>0.00</ValorIR>
			<ValorCSLL>0.00</ValorCSLL>
			<AliquotaPIS>0.0000</AliquotaPIS>
			<AliquotaCOFINS>0.0000</AliquotaCOFINS>
			<AliquotaINSS>0.0000</AliquotaINSS>
			<AliquotaIR>0.0000</AliquotaIR>
			<AliquotaCSLL>0.0000</AliquotaCSLL>
			<DescricaoRPS></DescricaoRPS>
			<DDDPrestador>11</DDDPrestador>
			<TelefonePrestador>20202121</TelefonePrestador>
			<DDDTomador>11</DDDTomador>
			<TelefoneTomador>90908787</TelefoneTomador>
			<MotCancelamento></MotCancelamento>
			<CPFCNPJIntermediario></CPFCNPJIntermediario>
			<Deducoes>
				<Deducao>
					<DeducaoPor>Percentual</DeducaoPor>
					<TipoDeducao></TipoDeducao>
					<CPFCNPJReferencia>00000000000</CPFCNPJReferencia>
					<NumeroNFReferencia>0</NumeroNFReferencia>
					<ValorTotalReferencia>0.00</ValorTotalReferencia>
					<PercentualDeduzir>20.00</PercentualDeduzir>
					<ValorDeduzir>200.00</ValorDeduzir>
				</Deducao>
			</Deducoes>
			<Itens>
				<Item>
					<DiscriminacaoServico>Item a</DiscriminacaoServico>
					<Quantidade>10</Quantidade>
					<ValorUnitario>100.0000</ValorUnitario>
					<ValorTotal>1000.00</ValorTotal>
				</Item>
			</Itens>
		</RPS>
	</Lote>
</ns1:ReqEnvioLoteRPS>
