<?xml version="1.0" encoding="UTF-8"?>
<ns1:ReqEnvioLoteRPS xmlns:ns1="http://localhost:8080/WsNFe2/lote"
	xmlns:tipos="http://localhost:8080/WsNFe2/tp" xmlns:xsi="http://www.w3.org/2001/XMLSchema-instance"
	xsi:schemaLocation="http://localhost:8080/WsNFe2/lote http://localhost:8080/WsNFe2/xsd/ReqEnvioLoteRPS.xsd">
	<Cabecalho>
		<CodCidade>427</CodCidade>
		<CPFCNPJRemetente>02646676000182</CPFCNPJRemetente>
		<RazaoSocialRemetente>EMPRESA MODELO</RazaoSocialRemetente>
		<transacao></transacao>
		<dtInicio>2009-10-01</dtInicio>
		<dtFim>2009-10-01</dtFim>
		<QtdRPS>1</QtdRPS>
		<ValorTotalServicos>12000.12</ValorTotalServicos>
		<ValorTotalDeducoes>0.00</ValorTotalDeducoes>
		<Versao>1</Versao>
		<MetodoEnvio>WS</MetodoEnvio>
	</Cabecalho>
	<Lote Id="lote:1ABCDZ">
		<RPS Id="rps:2">
			<Assinatura>cf365da0079d7d046219333fd16300488e4c19b1</Assinatura>
			<InscricaoMunicipalPrestador>0370835</InscricaoMunicipalPrestador>
			<RazaoSocialPrestador>EMPRESA MODELO</RazaoSocialPrestador>
			<TipoRPS>RPS</TipoRPS>
			<SerieRPS>NF</SerieRPS>
			<NumeroRPS>2</NumeroRPS>
			<DataEmissaoRPS>2009-10-01T15:30:00</DataEmissaoRPS>
			<SituacaoRPS>N</SituacaoRPS>
			<SerieRPSSubstituido></SerieRPSSubstituido>
			<NumeroRPSSubstituido>0</NumeroRPSSubstituido>
			<NumeroNFSeSubstituida>0</NumeroNFSeSubstituida>
			<DataEmissaoNFSeSubstituida>1900-01-01</DataEmissaoNFSeSubstituida>
			<SeriePrestacao>99</SeriePrestacao>
			<InscricaoMunicipalTomador>0000000</InscricaoMunicipalTomador>
			<CPFCNPJTomador>00000000191</CPFCNPJTomador>
			<RazaoSocialTomador>EMPRESA DE TESTES</RazaoSocialTomador>
			<TipoLogradouroTomador>Rua</TipoLogradouroTomador>
			<LogradouroTomador>SETE DE SETEMBRO</LogradouroTomador>
			<NumeroEnderecoTomador>335</NumeroEnderecoTomador>
			<TipoBairroTomador>Bairro</TipoBairroTomador>
			<BairroTomador>Centro</BairroTomador>
			<CidadeTomador>0001219</CidadeTomador>
			<CidadeTomadorDescricao>TERESINA</CidadeTomadorDescricao>
			<CEPTomador>64001210</CEPTomador>
			<EmailTomador>res@bol.com.br</EmailTomador>
			<CodigoAtividade>412040000</CodigoAtividade>
			<AliquotaAtividade>5.00</AliquotaAtividade>
			<TipoRecolhimento>A</TipoRecolhimento>
			<MunicipioPrestacao>0001219</MunicipioPrestacao>
			<MunicipioPrestacaoDescricao>TERESINA</MunicipioPrestacaoDescricao>
			<Operacao>A</Operacao>
			<Tributacao>T</Tributacao>
			<ValorPIS>0.00</ValorPIS>
			<ValorCOFINS>0.00</ValorCOFINS>
			<ValorINSS>0.00</ValorINSS>
			<ValorIR>0.00</ValorIR>
			<ValorCSLL>0.00</ValorCSLL>
			<AliquotaPIS>0.0000</AliquotaPIS>
			<AliquotaCOFINS>0.0000</AliquotaCOFINS>
			<AliquotaINSS>0.0000</AliquotaINSS>
			<AliquotaIR>0.0000</AliquotaIR>
			<AliquotaCSLL>0.0000</AliquotaCSLL>
			<DescricaoRPS>RPS enviado em teste</DescricaoRPS>
			<DDDPrestador>011</DDDPrestador>
			<TelefonePrestador>80804040</TelefonePrestador>
			<DDDTomador>011</DDDTomador>
			<TelefoneTomador>20203030</TelefoneTomador>
			<MotCancelamento></MotCancelamento>
			<Deducoes>
				<Deducao>
					<DeducaoPor>Valor</DeducaoPor>
					<TipoDeducao>Despesas com Materiais</TipoDeducao>
					<CPFCNPJReferencia></CPFCNPJReferencia>
					<NumeroNFReferencia>0</NumeroNFReferencia>
					<ValorTotalReferencia>0.00</ValorTotalReferencia>
					<PercentualDeduzir>0.00</PercentualDeduzir>
					<ValorDeduzir>0.00</ValorDeduzir>
				</Deducao>
			</Deducoes>
			<Itens>
				<Item>
					<DiscriminacaoServico>Descricao do Servico ...</DiscriminacaoServico>
					<Quantidade>1</Quantidade>
					<ValorUnitario>12000.1200</ValorUnitario>
					<ValorTotal>12000.12</ValorTotal>
				</Item>
			</Itens>
		</RPS>
	</Lote>
</ns1:ReqEnvioLoteRPS>
