<?xml version="1.0" encoding="ISO-8859-1"?>
<ns1:RetornoEnvioLoteRPS xmlns:ns1="lote" xmlns:tipos="tp" xmlns:xsi="http://www.w3.org/2001/XMLSchema-instance" xsi:schemaLocation="lote RetornoEnvioLoteRPS.xsd ">
  <Cabecalho>
    <CodCidade>427</CodCidade>
    <Sucesso>true</Sucesso>
    <NumeroLote>27025</NumeroLote>
    <CPFCNPJRemetente>33372251010380</CPFCNPJRemetente>
    <DataEnvioLote>2010-02-16T16:10:54.0Z</DataEnvioLote>
    <QtdNotasProcessadas>0</QtdNotasProcessadas>
    <TempoProcessamento>0</TempoProcessamento>
    <ValorTotalServicos>0</ValorTotalServicos>
    <ValorTotalDeducoes>0</ValorTotalDeducoes>
    <Versao>1</Versao>
    <Assincrono>S</Assincrono>
  </Cabecalho>
</ns1:RetornoEnvioLoteRPS>
