<?xml version="1.0" encoding="ISO-8859-1"?>
<ns1:RetornoEnvioLoteRPS xmlns:ns1="lote" xmlns:tipos="tp" xmlns:xsi="http://www.w3.org/2001/XMLSchema-instance" xsi:schemaLocation="lote RetornoEnvioLoteRPS.xsd ">
  <Cabecalho>
    <CodCidade>427</CodCidade>
    <Sucesso>false</Sucesso>
    <NumeroLote>15316</NumeroLote>
    <CPFCNPJRemetente>04933610000107</CPFCNPJRemetente>
    <DataEnvioLote>2009-12-09T11:42:39.0Z</DataEnvioLote>
    <QtdNotasProcessadas>0</QtdNotasProcessadas>
    <TempoProcessamento>0</TempoProcessamento>
    <ValorTotalServicos>0</ValorTotalServicos>
    <ValorTotalDeducoes>0</ValorTotalDeducoes>
    <Versao>1</Versao>
    <Assincrono>N</Assincrono>
  </Cabecalho>
  <Alertas />
  <Erros>
    <Erro>
      <Codigo>335</Codigo>
      <Descricao>Numero do RPS deve ser subsequente ao anterior enviado.Foi enviado o RPS 2 para ser convertido, porem o proximo RPS deve ser o 3.</Descricao>
      <ChaveRPS>
        <InscricaoPrestador>0044252</InscricaoPrestador>
        <SerieRPS>NF</SerieRPS>
        <NumeroRPS>2</NumeroRPS>
        <DataEmissaoRPS>2009-11-01T00:00:00</DataEmissaoRPS>
        <RazaoSocialPrestador>REMETENTE DE TESTE</RazaoSocialPrestador>
      </ChaveRPS>
    </Erro>
  </Erros>
  <ChavesNFSeRPS />
</ns1:RetornoEnvioLoteRPS>

