<?xml version="1.0" encoding="ISO-8859-1"?>
<ns1:RetornoEnvioLoteRPS xmlns:ns1="lote" xmlns:tipos="tp" xmlns:xsi="http://www.w3.org/2001/XMLSchema-instance" xsi:schemaLocation="lote RetornoEnvioLoteRPS.xsd ">
  <Cabecalho>
    <CodCidade>427</CodCidade>
    <Sucesso>true</Sucesso>
    <NumeroLote>15295</NumeroLote>
    <CPFCNPJRemetente>04933610000107</CPFCNPJRemetente>
    <DataEnvioLote>2009-12-09T10:36:42.0Z</DataEnvioLote>
    <QtdNotasProcessadas>1</QtdNotasProcessadas>
    <TempoProcessamento>2</TempoProcessamento>
    <ValorTotalServicos>100.0000</ValorTotalServicos>
    <ValorTotalDeducoes>0</ValorTotalDeducoes>
    <Versao>1</Versao>
    <Assincrono>N</Assincrono>
  </Cabecalho>
</ns1:RetornoEnvioLoteRPS>