<?xml version="1.0" encoding="ISO-8859-1"?>
<ns1:RetornoEnvioLoteRPS xmlns:ns1="lote" xmlns:tipos="tp" xmlns:xsi="http://www.w3.org/2001/XMLSchema-instance" xsi:schemaLocation="lote RetornoEnvioLoteRPS.xsd ">
  <Cabecalho>
    <CodCidade>427</CodCidade>
    <Sucesso>true</Sucesso>
    <NumeroLote>21241</NumeroLote>
    <CPFCNPJRemetente>22934020000172</CPFCNPJRemetente>
    <DataEnvioLote>2010-01-29T18:16:12.0Z</DataEnvioLote>
    <QtdNotasProcessadas>7</QtdNotasProcessadas>
    <TempoProcessamento>0</TempoProcessamento>
    <ValorTotalServicos>15078.0000</ValorTotalServicos>
    <ValorTotalDeducoes>22.00</ValorTotalDeducoes>
    <Versao>1</Versao>
    <Assincrono>N</Assincrono>
  </Cabecalho>
  <Alertas />
  <Erros />
  <ChavesNFSeRPS>
    <ChaveNFSeRPS>
      <ChaveNFe>
        <InscricaoPrestador>0984309</InscricaoPrestador>
        <NumeroNFe>81</NumeroNFe>
        <CodigoVerificacao>57b5eb7d</CodigoVerificacao>
        <RazaoSocialPrestador>MARIS ENSINO SUPERIO</RazaoSocialPrestador>
      </ChaveNFe>
      <ChaveRPS>
        <InscricaoPrestador>0984309</InscricaoPrestador>
        <SerieRPS>NF</SerieRPS>
        <NumeroRPS>4</NumeroRPS>
        <DataEmissaoRPS>2010-01-01T09:55:19</DataEmissaoRPS>
        <RazaoSocialPrestador>MARIS ENSINO SUPERIO</RazaoSocialPrestador>
      </ChaveRPS>
    </ChaveNFSeRPS>
    <ChaveNFSeRPS>
      <ChaveNFe>
        <InscricaoPrestador>0984309</InscricaoPrestador>
        <NumeroNFe>82</NumeroNFe>
        <CodigoVerificacao>820fe991</CodigoVerificacao>
        <RazaoSocialPrestador>MARIS ENSINO SUPERIO</RazaoSocialPrestador>
      </ChaveNFe>
      <ChaveRPS>
        <InscricaoPrestador>0984309</InscricaoPrestador>
        <SerieRPS>NF</SerieRPS>
        <NumeroRPS>5</NumeroRPS>
        <DataEmissaoRPS>2010-01-01T10:19:47</DataEmissaoRPS>
        <RazaoSocialPrestador>MARIS ENSINO SUPERIO</RazaoSocialPrestador>
      </ChaveRPS>
    </ChaveNFSeRPS>
    <ChaveNFSeRPS>
      <ChaveNFe>
        <InscricaoPrestador>0984309</InscricaoPrestador>
        <NumeroNFe>83</NumeroNFe>
        <CodigoVerificacao>e5399ee2</CodigoVerificacao>
        <RazaoSocialPrestador>MARIS ENSINO SUPERIO</RazaoSocialPrestador>
      </ChaveNFe>
      <ChaveRPS>
        <InscricaoPrestador>0984309</InscricaoPrestador>
        <SerieRPS>NF</SerieRPS>
        <NumeroRPS>6</NumeroRPS>
        <DataEmissaoRPS>2010-01-01T10:31:02</DataEmissaoRPS>
        <RazaoSocialPrestador>MARIS ENSINO SUPERIO</RazaoSocialPrestador>
      </ChaveRPS>
    </ChaveNFSeRPS>
    <ChaveNFSeRPS>
      <ChaveNFe>
        <InscricaoPrestador>0984309</InscricaoPrestador>
        <NumeroNFe>84</NumeroNFe>
        <CodigoVerificacao>e98c4d8e</CodigoVerificacao>
        <RazaoSocialPrestador>MARIS ENSINO SUPERIO</RazaoSocialPrestador>
      </ChaveNFe>
      <ChaveRPS>
        <InscricaoPrestador>0984309</InscricaoPrestador>
        <SerieRPS>NF</SerieRPS>
        <NumeroRPS>7</NumeroRPS>
        <DataEmissaoRPS>2010-01-01T10:31:34</DataEmissaoRPS>
        <RazaoSocialPrestador>MARIS ENSINO SUPERIO</RazaoSocialPrestador>
      </ChaveRPS>
    </ChaveNFSeRPS>
    <ChaveNFSeRPS>
      <ChaveNFe>
        <InscricaoPrestador>0984309</InscricaoPrestador>
        <NumeroNFe>85</NumeroNFe>
        <CodigoVerificacao>5f278c72</CodigoVerificacao>
        <RazaoSocialPrestador>MARIS ENSINO SUPERIO</RazaoSocialPrestador>
      </ChaveNFe>
      <ChaveRPS>
        <InscricaoPrestador>0984309</InscricaoPrestador>
        <SerieRPS>NF</SerieRPS>
        <NumeroRPS>8</NumeroRPS>
        <DataEmissaoRPS>2010-01-01T10:32:05</DataEmissaoRPS>
        <RazaoSocialPrestador>MARIS ENSINO SUPERIO</RazaoSocialPrestador>
      </ChaveRPS>
    </ChaveNFSeRPS>
    <ChaveNFSeRPS>
      <ChaveNFe>
        <InscricaoPrestador>0984309</InscricaoPrestador>
        <NumeroNFe>86</NumeroNFe>
        <CodigoVerificacao>3b16089b</CodigoVerificacao>
        <RazaoSocialPrestador>MARIS ENSINO SUPERIO</RazaoSocialPrestador>
      </ChaveNFe>
      <ChaveRPS>
        <InscricaoPrestador>0984309</InscricaoPrestador>
        <SerieRPS>NF</SerieRPS>
        <NumeroRPS>9</NumeroRPS>
        <DataEmissaoRPS>2010-01-01T14:46:23</DataEmissaoRPS>
        <RazaoSocialPrestador>MARIS ENSINO SUPERIO</RazaoSocialPrestador>
      </ChaveRPS>
    </ChaveNFSeRPS>
    <ChaveNFSeRPS>
      <ChaveNFe>
        <InscricaoPrestador>0984309</InscricaoPrestador>
        <NumeroNFe>87</NumeroNFe>
        <CodigoVerificacao>5f19b0b3</CodigoVerificacao>
        <RazaoSocialPrestador>MARIS ENSINO SUPERIO</RazaoSocialPrestador>
      </ChaveNFe>
      <ChaveRPS>
        <InscricaoPrestador>0984309</InscricaoPrestador>
        <SerieRPS>NF</SerieRPS>
        <NumeroRPS>10</NumeroRPS>
        <DataEmissaoRPS>2010-01-01T14:47:11</DataEmissaoRPS>
        <RazaoSocialPrestador>MARIS ENSINO SUPERIO</RazaoSocialPrestador>
      </ChaveRPS>
    </ChaveNFSeRPS>
  </ChavesNFSeRPS>
</ns1:RetornoEnvioLoteRPS>

