<?xml version="1.0" encoding="ISO-8859-1"?>
<ns1:RetornoEnvioLoteRPS xmlns:ns1="lote" xmlns:tipos="tp" xmlns:xsi="http://www.w3.org/2001/XMLSchema-instance" xsi:schemaLocation="lote RetornoEnvioLoteRPS.xsd ">
  <Cabecalho>
    <CodCidade>427</CodCidade>
    <Sucesso>true</Sucesso>
    <NumeroLote>21589</NumeroLote>
    <CPFCNPJRemetente>22934020000172</CPFCNPJRemetente>
    <DataEnvioLote>2010-02-03T09:49:20.0Z</DataEnvioLote>
    <QtdNotasProcessadas>1</QtdNotasProcessadas>
    <TempoProcessamento>0</TempoProcessamento>
    <ValorTotalServicos>800.0000</ValorTotalServicos>
    <ValorTotalDeducoes>200.00</ValorTotalDeducoes>
    <Versao>1</Versao>
    <Assincrono>N</Assincrono>
  </Cabecalho>
  <Alertas />
  <Erros />
  <ChavesNFSeRPS>
    <ChaveNFSeRPS>
      <ChaveNFe>
        <InscricaoPrestador>0984309</InscricaoPrestador>
        <NumeroNFe>90</NumeroNFe>
        <CodigoVerificacao>1ce808a2</CodigoVerificacao>
        <RazaoSocialPrestador>MARIS ENSINO SUPERIO</RazaoSocialPrestador>
      </ChaveNFe>
      <ChaveRPS>
        <InscricaoPrestador>0984309</InscricaoPrestador>
        <SerieRPS>NF</SerieRPS>
        <NumeroRPS>13</NumeroRPS>
        <DataEmissaoRPS>2010-01-01T18:47:03</DataEmissaoRPS>
        <RazaoSocialPrestador>MARIS ENSINO SUPERIO</RazaoSocialPrestador>
      </ChaveRPS>
    </ChaveNFSeRPS>
  </ChavesNFSeRPS>
</ns1:RetornoEnvioLoteRPS>
