<?xml version="1.0" encoding="ISO-8859-1"?>
<ns1:RetornoConsultaLote xmlns:ns1="http://localhost/WsNFe" xmlns:p="http://www.w3.org/2000/09/xmldsig#" xmlns:tipos="http://localhost/WsNFe/xsd" xmlns:xsi="http://www.w3.org/2001/XMLSchema-instance" xsi:schemaLocation="http://localhost/WsNFe RetornoConsultaLote_v01.xsd http://localhost/WsNFe/xsd xsd/Tipos_v01.xsd http://www.w3.org/2000/09/xmldsig# xsd/xmldsig-core-schema_v01.xsd ">
  <Cabecalho>
    <CodCidade>5869</CodCidade>
    <Sucesso>true</Sucesso>
    <NumeroLote>23370</NumeroLote>
    <CPFCNPJRemetente>07457750000136</CPFCNPJRemetente>
    <RazaoSocialRemetente>SG DA COSTA CONTABILIDADE-ME</RazaoSocialRemetente>
    <DataEnvioLote>2010-03-03T00:00:00</DataEnvioLote>
    <QtdNotasProcessadas>1</QtdNotasProcessadas>
    <TempoProcessamento>0</TempoProcessamento>
    <ValorTotalServicos>100</ValorTotalServicos>
    <ValorTotalDeducoes>0</ValorTotalDeducoes>
    <Versao>1</Versao>
  </Cabecalho>
  <Alertas />
  <Erros />
  <ListaNFSe>
    <ConsultaNFSe>
      <InscricaoPrestador>261998</InscricaoPrestador>
      <NumeroNFe>1</NumeroNFe>
      <CodigoVerificacao>5fbcbb0b</CodigoVerificacao>
      <SerieRPS>NF</SerieRPS>
      <NumeroRPS>1</NumeroRPS>
      <DataEmissaoRPS>2010-03-01 00:00:00.0</DataEmissaoRPS>
      <RazaoSocialPrestador>SG DA COSTA CONTABILIDADE-ME</RazaoSocialPrestador>
      <TipoRecolhimento>A</TipoRecolhimento>
      <ValorDeduzir>0</ValorDeduzir>
      <ValorTotal>100</ValorTotal>
      <Aliquota>5</Aliquota>
    </ConsultaNFSe>
  </ListaNFSe>
</ns1:RetornoConsultaLote>

