<?xml version="1.0" encoding="ISO-8859-1"?>
<ns1:RetornoConsultaLote xmlns:ns1="http://localhost/WsNFe" xmlns:p="http://www.w3.org/2000/09/xmldsig#" xmlns:tipos="http://localhost/WsNFe/xsd" xmlns:xsi="http://www.w3.org/2001/XMLSchema-instance" xsi:schemaLocation="http://localhost/WsNFe RetornoConsultaLote_v01.xsd http://localhost/WsNFe/xsd xsd/Tipos_v01.xsd http://www.w3.org/2000/09/xmldsig# xsd/xmldsig-core-schema_v01.xsd ">
  <Cabecalho>
    <CodCidade>5869</CodCidade>
    <Sucesso>false</Sucesso>
    <NumeroLote>23366</NumeroLote>
    <CPFCNPJRemetente>07457750000136</CPFCNPJRemetente>
    <RazaoSocialRemetente>SG DA COSTA CONTABILIDADE-ME</RazaoSocialRemetente>
    <DataEnvioLote>2010-03-03T00:00:00</DataEnvioLote>
    <QtdNotasProcessadas>0</QtdNotasProcessadas>
    <TempoProcessamento>0</TempoProcessamento>
    <ValorTotalServicos>0</ValorTotalServicos>
    <ValorTotalDeducoes>0</ValorTotalDeducoes>
    <Versao>1</Versao>
  </Cabecalho>
  <Alertas />
  <Erros>
    <Erro>
      <Codigo>1405</Codigo>
      <Descricao>Assinatura Digital Invalida.O lote RPS nao foi assinado.</Descricao>
    </Erro>
    <Erro>
      <Codigo>1430</Codigo>
      <Descricao>Contribuinte nao credenciado. Faca o credenciamento no site da NFSe.</Descricao>
      <ChaveRPS>
        <InscricaoPrestador>261998</InscricaoPrestador>
        <SerieRPS>NF</SerieRPS>
        <NumeroRPS>1</NumeroRPS>
        <DataEmissaoRPS>2009-11-21T15:30:00</DataEmissaoRPS>
        <RazaoSocialPrestador>EMPRESA MODELO</RazaoSocialPrestador>
      </ChaveRPS>
    </Erro>
  </Erros>
  <ListaNFSe />
</ns1:RetornoConsultaLote>

