<?xml version="1.0" encoding="UTF-8"?>
<ns1:RetornoCancelamentoNFSe xmlns:ns1="http://localhost:8080/WsNFe2/lote" xmlns:tipos="http://localhost:8080/WsNFe2/tp" xmlns:xsi="http://www.w3.org/2001/XMLSchema-instance" xsi:schemaLocation="http://localhost:8080/WsNFe2/lote http://localhost:8080/WsNFe2/xsd/RetornoCancelamentoNFSe.xsd">
  <Cabecalho>
    <CodCidade>6291</CodCidade>
    <Sucesso>true</Sucesso>
    <CPFCNPJRemetente>56028251000139</CPFCNPJRemetente>
    <Versao>1</Versao>
  </Cabecalho>
  <NotasCanceladas>
    <Nota>
      <InscricaoMunicipalPrestador>000099210</InscricaoMunicipalPrestador>
      <NumeroNota>5</NumeroNota>
      <CodigoVerificacao>f4bfffea6f177a887e3b87265b94de8bf4c3346f</CodigoVerificacao>
    </Nota>
    <Nota>
      <InscricaoMunicipalPrestador>000099210</InscricaoMunicipalPrestador>
      <NumeroNota>5</NumeroNota>
      <CodigoVerificacao>f4bfffea6f177a887e3b87265b94de8bf4c3346f</CodigoVerificacao>
    </Nota>
    <Nota>
      <InscricaoMunicipalPrestador>000099210</InscricaoMunicipalPrestador>
      <NumeroNota>5</NumeroNota>
      <CodigoVerificacao>f4bfffea6f177a887e3b87265b94de8bf4c3346f</CodigoVerificacao>
    </Nota>
    <Nota>
      <InscricaoMunicipalPrestador>000099210</InscricaoMunicipalPrestador>
      <NumeroNota>5</NumeroNota>
      <CodigoVerificacao>f4bfffea6f177a887e3b87265b94de8bf4c3346f</CodigoVerificacao>
    </Nota>
    <Nota>
      <InscricaoMunicipalPrestador>000099210</InscricaoMunicipalPrestador>
      <NumeroNota>5</NumeroNota>
      <CodigoVerificacao>f4bfffea6f177a887e3b87265b94de8bf4c3346f</CodigoVerificacao>
    </Nota>
  </NotasCanceladas>
  <Alertas />
  <Erros />
</ns1:RetornoCancelamentoNFSe>

