<?xml version="1.0" encoding="UTF-8"?>
<ns1:ReqConsultaNFSeRPS xmlns:ns1="http://localhost:8080/WsNFe2/lote" xmlns:tipos="http://localhost:8080/WsNFe2/tp" xmlns:xsi="http://www.w3.org/2001/XMLSchema-instance" xsi:schemaLocation="http://localhost:8080/WsNFe2/lote http://localhost:8080/WsNFe2/xsd/ReqConsultaNFSeRPS.xsd"><Cabecalho><CodCidade>6291</CodCidade><CPFCNPJRemetente>46020301000188</CPFCNPJRemetente><transacao>true</transacao><Versao>1</Versao></Cabecalho><Lote Id="lote:1ABCDZ"><NotaConsulta><Nota Id="nota:1"><InscricaoMunicipalPrestador>000528943</InscricaoMunicipalPrestador><NumeroNota>1</NumeroNota><CodigoVerificacao>bc1df385</CodigoVerificacao></Nota><Nota Id="nota:2"><InscricaoMunicipalPrestador>000528943</InscricaoMunicipalPrestador><NumeroNota>2</NumeroNota><CodigoVerificacao>88dece97</CodigoVerificacao></Nota><Nota Id="nota:3"><InscricaoMunicipalPrestador>000528943</InscricaoMunicipalPrestador><NumeroNota>3</NumeroNota><CodigoVerificacao>8c647d75</CodigoVerificacao></Nota><Nota Id="nota:4"><InscricaoMunicipalPrestador>000528943</InscricaoMunicipalPrestador><NumeroNota>4</NumeroNota><CodigoVerificacao>e0a8f38c</CodigoVerificacao></Nota></NotaConsulta><RPSConsulta><RPS Id="rps:974"><InscricaoMunicipalPrestador>000528943</InscricaoMunicipalPrestador><NumeroRPS>974</NumeroRPS><SeriePrestacao>99</SeriePrestacao></RPS><RPS Id="rps:975"><InscricaoMunicipalPrestador>000528943</InscricaoMunicipalPrestador><NumeroRPS>975</NumeroRPS><SeriePrestacao>99</SeriePrestacao></RPS><RPS Id="rps:976"><InscricaoMunicipalPrestador>000528943</InscricaoMunicipalPrestador><NumeroRPS>976</NumeroRPS><SeriePrestacao>99</SeriePrestacao></RPS><RPS Id="rps:977"><InscricaoMunicipalPrestador>000528943</InscricaoMunicipalPrestador><NumeroRPS>977</NumeroRPS><SeriePrestacao>99</SeriePrestacao></RPS></RPSConsulta></Lote></ns1:ReqConsultaNFSeRPS>
