<?xml version="1.0" encoding="UTF-8"?>
<ns1:ReqEnvioLoteRPS xmlns:ns1="http://localhost:8080/WsNFe2/lote"
	xmlns:tipos="http://localhost:8080/WsNFe2/tp" xmlns:xsi="http://www.w3.org/2001/XMLSchema-instance"
	xsi:schemaLocation="http://localhost:8080/WsNFe2/lote http://localhost:8080/WsNFe2/xsd/ReqEnvioLoteRPS.xsd">
	<Cabecalho>
		<CodCidade>6291</CodCidade>
		<CPFCNPJRemetente>02646676000182</CPFCNPJRemetente>
		<RazaoSocialRemetente>EMPRESA RESP. MODELO</RazaoSocialRemetente>
		<transacao></transacao>
		<dtInicio>2009-10-01</dtInicio>
		<dtFim>2009-10-01</dtFim>
		<QtdRPS>2</QtdRPS>
		<ValorTotalServicos>11.00</ValorTotalServicos>
		<ValorTotalDeducoes>0.00</ValorTotalDeducoes>
		<Versao>1</Versao>
		<MetodoEnvio>WS</MetodoEnvio>
	</Cabecalho>
	<Lote Id="lote:1ABCDZ">
		<RPS Id="rps:109">
			<Assinatura>02bc34ff87f8112295e56901832a4a87b5c4fb6a</Assinatura>
			<InscricaoMunicipalPrestador>0370835</InscricaoMunicipalPrestador>
			<RazaoSocialPrestador>EMPRESA MODELO</RazaoSocialPrestador>
			<TipoRPS>RPS</TipoRPS>
			<SerieRPS>NF</SerieRPS>
			<NumeroRPS>109</NumeroRPS>
			<DataEmissaoRPS>2009-10-01T00:00:00</DataEmissaoRPS>
			<SituacaoRPS>N</SituacaoRPS>
			<SerieRPSSubstituido></SerieRPSSubstituido>
			<NumeroRPSSubstituido>0</NumeroRPSSubstituido>
			<NumeroNFSeSubstituida>0</NumeroNFSeSubstituida>
			<DataEmissaoNFSeSubstituida>1900-01-01</DataEmissaoNFSeSubstituida>
			<SeriePrestacao>99</SeriePrestacao>
			<InscricaoMunicipalTomador>0000000</InscricaoMunicipalTomador>
			<CPFCNPJTomador>27394162000108</CPFCNPJTomador>
			<RazaoSocialTomador>EMPRESA DE TESTE</RazaoSocialTomador>
			<TipoLogradouroTomador>RUA</TipoLogradouroTomador>
			<LogradouroTomador>TESTE</LogradouroTomador>
			<NumeroEnderecoTomador>9</NumeroEnderecoTomador>
			<TipoBairroTomador>BAIRRO</TipoBairroTomador>
			<BairroTomador>TESTE</BairroTomador>
			<CidadeTomador>0006291</CidadeTomador>
			<CidadeTomadorDescricao>CAMPINAS</CidadeTomadorDescricao>
			<CEPTomador>05010040</CEPTomador>
			<EmailTomador>ab@bol.com.br</EmailTomador>
			<CodigoAtividade>412040000</CodigoAtividade>
			<AliquotaAtividade>5.00</AliquotaAtividade>
			<TipoRecolhimento>R</TipoRecolhimento>
			<MunicipioPrestacao>0006291</MunicipioPrestacao>
			<MunicipioPrestacaoDescricao>CAMPINAS</MunicipioPrestacaoDescricao>
			<Operacao>A</Operacao>
			<Tributacao>T</Tributacao>
			<ValorPIS>0.00</ValorPIS>
			<ValorCOFINS>0.00</ValorCOFINS>
			<ValorINSS>0.00</ValorINSS>
			<ValorIR>0.00</ValorIR>
			<ValorCSLL>0.00</ValorCSLL>
			<AliquotaPIS>0.00</AliquotaPIS>
			<AliquotaCOFINS>0.00</AliquotaCOFINS>
			<AliquotaINSS>0.00</AliquotaINSS>
			<AliquotaIR>0.00</AliquotaIR>
			<AliquotaCSLL>0.00</AliquotaCSLL>
			<DescricaoRPS>TESTE</DescricaoRPS>
			<DDDPrestador>035</DDDPrestador>
			<TelefonePrestador>40405050</TelefonePrestador>
			<DDDTomador>035</DDDTomador>
			<TelefoneTomador>40405050</TelefoneTomador>
			<MotCancelamento></MotCancelamento>
			<Deducoes />
			<Itens>
				<Item>
					<DiscriminacaoServico>TESTE</DiscriminacaoServico>
					<Quantidade>1</Quantidade>
					<ValorUnitario>1.00</ValorUnitario>
					<ValorTotal>1.00</ValorTotal>
				</Item>
			</Itens>
		</RPS>
		<RPS Id="rps:109">
			<Assinatura>528a3566c3ec0745a1b612f59357a46d02879186</Assinatura>
			<InscricaoMunicipalPrestador>0370835</InscricaoMunicipalPrestador>
			<RazaoSocialPrestador>EMPRESA MODELO</RazaoSocialPrestador>
			<TipoRPS>RPS</TipoRPS>
			<SerieRPS>NF</SerieRPS>
			<NumeroRPS>109</NumeroRPS>
			<DataEmissaoRPS>2009-10-01T00:00:00</DataEmissaoRPS>
			<SituacaoRPS>N</SituacaoRPS>
			<SerieRPSSubstituido></SerieRPSSubstituido>
			<NumeroRPSSubstituido>0</NumeroRPSSubstituido>
			<NumeroNFSeSubstituida>0</NumeroNFSeSubstituida>
			<DataEmissaoNFSeSubstituida>1900-01-01</DataEmissaoNFSeSubstituida>
			<SeriePrestacao>99</SeriePrestacao>
			<InscricaoMunicipalTomador>0000000</InscricaoMunicipalTomador>
			<CPFCNPJTomador>27394162000108</CPFCNPJTomador>
			<RazaoSocialTomador>Empresa de teste</RazaoSocialTomador>
			<TipoLogradouroTomador>RUA</TipoLogradouroTomador>
			<LogradouroTomador>RUA</LogradouroTomador>
			<NumeroEnderecoTomador>103</NumeroEnderecoTomador>
			<TipoBairroTomador>BAIRRO</TipoBairroTomador>
			<BairroTomador>BAIRRO</BairroTomador>
			<CidadeTomador>0006291</CidadeTomador>
			<CidadeTomadorDescricao>CAMPINAS</CidadeTomadorDescricao>
			<CEPTomador>05010040</CEPTomador>
			<EmailTomador>ab@bol.com.br</EmailTomador>
			<CodigoAtividade>412040000</CodigoAtividade>
			<AliquotaAtividade>4.00</AliquotaAtividade>
			<TipoRecolhimento>R</TipoRecolhimento>
			<MunicipioPrestacao>0006291</MunicipioPrestacao>
			<MunicipioPrestacaoDescricao>CAMPINAS</MunicipioPrestacaoDescricao>
			<Operacao>A</Operacao>
			<Tributacao>T</Tributacao>
			<ValorPIS>0.00</ValorPIS>
			<ValorCOFINS>0.00</ValorCOFINS>
			<ValorINSS>0.00</ValorINSS>
			<ValorIR>0.00</ValorIR>
			<ValorCSLL>0.00</ValorCSLL>
			<AliquotaPIS>0.00</AliquotaPIS>
			<AliquotaCOFINS>0.00</AliquotaCOFINS>
			<AliquotaINSS>0.00</AliquotaINSS>
			<AliquotaIR>0.00</AliquotaIR>
			<AliquotaCSLL>0.00</AliquotaCSLL>
			<DescricaoRPS>TESTE</DescricaoRPS>
			<DDDPrestador>035</DDDPrestador>
			<TelefonePrestador>40405050</TelefonePrestador>
			<DDDTomador>035</DDDTomador>
			<TelefoneTomador>40405050</TelefoneTomador>
			<MotCancelamento></MotCancelamento>
			<Deducoes />
			<Itens>
				<Item>
					<DiscriminacaoServico>TESTE</DiscriminacaoServico>
					<Quantidade>1</Quantidade>
					<ValorUnitario>10.00</ValorUnitario>
					<ValorTotal>10.00</ValorTotal>
				</Item>
			</Itens>
		</RPS>
	</Lote>
</ns1:ReqEnvioLoteRPS>
