<ns1:ReqEnvioLoteRPS xmlns:ns1="http://localhost:8080/WsNFe2/lote" xmlns:tipos="http://localhost:8080/WsNFe2/tp" xmlns:xsi="http://www.w3.org/2001/XMLSchema-instance" xsi:schemaLocation="http://localhost:8080/WsNFe2/lote http://localhost:8080/WsNFe2/xsd/ReqEnvioLoteRPS.xsd"><Cabecalho><CodCidade>6291</CodCidade><CPFCNPJRemetente>22693291801</CPFCNPJRemetente><RazaoSocialRemetente>EMPRESA RESP. MODELO</RazaoSocialRemetente><transacao></transacao><dtInicio>2009-10-01</dtInicio><dtFim>2009-10-01</dtFim><QtdRPS>2</QtdRPS><ValorTotalServicos>172.00</ValorTotalServicos><ValorTotalDeducoes>18.00</ValorTotalDeducoes><Versao>1</Versao><MetodoEnvio>DLL</MetodoEnvio><VersaoComponente>1.0.0.3</VersaoComponente></Cabecalho><Lote Id="lote:1ABCDZ"><RPS Id="rps:1"><Assinatura>30fcf28dfa0e50fae49c95da3cd3c18d8006377c</Assinatura><InscricaoMunicipalPrestador>0871834</InscricaoMunicipalPrestador><RazaoSocialPrestador>EMPRESA MODELO</RazaoSocialPrestador><TipoRPS>RPS</TipoRPS><SerieRPS>NF</SerieRPS><NumeroRPS>1</NumeroRPS><DataEmissaoRPS>2009-10-01T00:00:00</DataEmissaoRPS><SituacaoRPS>N</SituacaoRPS><SerieRPSSubstituido></SerieRPSSubstituido><NumeroRPSSubstituido>0</NumeroRPSSubstituido><NumeroNFSeSubstituida>0</NumeroNFSeSubstituida><DataEmissaoNFSeSubstituida>1900-01-01</DataEmissaoNFSeSubstituida><SeriePrestacao>99</SeriePrestacao><InscricaoMunicipalTomador>0000000</InscricaoMunicipalTomador><CPFCNPJTomador>00000000191</CPFCNPJTomador><RazaoSocialTomador>MODELO</RazaoSocialTomador><TipoLogradouroTomador>RUA</TipoLogradouroTomador><LogradouroTomador>Rua do Canada</LogradouroTomador><NumeroEnderecoTomador>09</NumeroEnderecoTomador><TipoBairroTomador>Bairro</TipoBairroTomador><BairroTomador>Centro</BairroTomador><CidadeTomador>0001219</CidadeTomador><CidadeTomadorDescricao>Teresina</CidadeTomadorDescricao><CEPTomador>05010040</CEPTomador><EmailTomador>ab@bol.com.br</EmailTomador><CodigoAtividade>431340000</CodigoAtividade><AliquotaAtividade>5.00</AliquotaAtividade><TipoRecolhimento>A</TipoRecolhimento><MunicipioPrestacao>0001219</MunicipioPrestacao><MunicipioPrestacaoDescricao>Teresina</MunicipioPrestacaoDescricao><Operacao>A</Operacao><Tributacao>T</Tributacao><ValorPIS>0.00</ValorPIS><ValorCOFINS>0.00</ValorCOFINS><ValorINSS>0.00</ValorINSS><ValorIR>0.00</ValorIR><ValorCSLL>0.00</ValorCSLL><AliquotaPIS>0.00</AliquotaPIS><AliquotaCOFINS>0.00</AliquotaCOFINS><AliquotaINSS>0.00</AliquotaINSS><AliquotaIR>0.00</AliquotaIR><AliquotaCSLL>0.00</AliquotaCSLL><DescricaoRPS>RPS Modelo para NFSe</DescricaoRPS><DDDPrestador>035</DDDPrestador><TelefonePrestador>045686060</TelefonePrestador><DDDTomador>035</DDDTomador><TelefoneTomador>045685050</TelefoneTomador><MotCancelamento></MotCancelamento><Deducoes></Deducoes><Itens><Item><DiscriminacaoServico>Diversos</DiscriminacaoServico><Quantidade>1</Quantidade><ValorUnitario>10.00</ValorUnitario><ValorTotal>10.00</ValorTotal></Item></Itens></RPS><RPS Id="rps:2"><Assinatura>fe694570a1fa918257114a42b346a699fcd2c418</Assinatura><InscricaoMunicipalPrestador>0871834</InscricaoMunicipalPrestador><RazaoSocialPrestador>EMPRESA MODELO</RazaoSocialPrestador><TipoRPS>RPS</TipoRPS><SerieRPS>NF</SerieRPS><NumeroRPS>2</NumeroRPS><DataEmissaoRPS>2009-10-01T00:00:00</DataEmissaoRPS><SituacaoRPS>N</SituacaoRPS><SerieRPSSubstituido></SerieRPSSubstituido><NumeroRPSSubstituido>0</NumeroRPSSubstituido><NumeroNFSeSubstituida>0</NumeroNFSeSubstituida><DataEmissaoNFSeSubstituida>1900-01-01</DataEmissaoNFSeSubstituida><SeriePrestacao>99</SeriePrestacao><InscricaoMunicipalTomador>0000000</InscricaoMunicipalTomador><CPFCNPJTomador>00000000191</CPFCNPJTomador><RazaoSocialTomador>MODELO</RazaoSocialTomador><TipoLogradouroTomador>Rua</TipoLogradouroTomador><LogradouroTomador>Rua da Casa Verde</LogradouroTomador><NumeroEnderecoTomador>56</NumeroEnderecoTomador><TipoBairroTomador>Bairro</TipoBairroTomador><BairroTomador>Nova Cidade</BairroTomador><CidadeTomador>0001219</CidadeTomador><CidadeTomadorDescricao>Teresina</CidadeTomadorDescricao><CEPTomador>37900000</CEPTomador><EmailTomador>dsf@dsfnet.com.br</EmailTomador><CodigoAtividade>431340000</CodigoAtividade><AliquotaAtividade>5.00</AliquotaAtividade><TipoRecolhimento>A</TipoRecolhimento><MunicipioPrestacao>0001219</MunicipioPrestacao><MunicipioPrestacaoDescricao>Teresina</MunicipioPrestacaoDescricao><Operacao>A</Operacao><Tributacao>T</Tributacao><ValorPIS>0.00</ValorPIS><ValorCOFINS>0.00</ValorCOFINS><ValorINSS>0.00</ValorINSS><ValorIR>0.00</ValorIR><ValorCSLL>0.00</ValorCSLL><AliquotaPIS>0.00</AliquotaPIS><AliquotaCOFINS>0.00</AliquotaCOFINS><AliquotaINSS>0.00</AliquotaINSS><AliquotaIR>0.00</AliquotaIR><AliquotaCSLL>0.00</AliquotaCSLL><DescricaoRPS>RPS entregue como Modelo</DescricaoRPS><DDDPrestador>038</DDDPrestador><TelefonePrestador>56263030</TelefonePrestador><DDDTomador>038</DDDTomador><TelefoneTomador>56269898</TelefoneTomador><MotCancelamento></MotCancelamento><Deducoes><Deducao><DeducaoPor>Percentual</DeducaoPor><TipoDeducao></TipoDeducao><CPFCNPJReferencia></CPFCNPJReferencia><NumeroNFReferencia>0</NumeroNFReferencia><ValorTotalReferencia>0.00</ValorTotalReferencia><PercentualDeduzir>10.00</PercentualDeduzir><ValorDeduzir>0.00</ValorDeduzir></Deducao></Deducoes><Itens><Item><DiscriminacaoServico>Servico Modelo</DiscriminacaoServico><Quantidade>2</Quantidade><ValorUnitario>10.00</ValorUnitario><ValorTotal>20.00</ValorTotal></Item><Item><DiscriminacaoServico>Servico Modelo 2</DiscriminacaoServico><Quantidade>4</Quantidade><ValorUnitario>40.00</ValorUnitario><ValorTotal>160.00</ValorTotal></Item></Itens></RPS></Lote></ns1:ReqEnvioLoteRPS>