<?xml version="1.0" encoding="ISO-8859-1"?>
<ns1:RetornoEnvioLoteRPS xmlns:ns1="lote" xmlns:tipos="tp" xmlns:xsi="http://www.w3.org/2001/XMLSchema-instance" xsi:schemaLocation="lote RetornoEnvioLoteRPS.xsd ">
  <Cabecalho>
    <CodCidade>6291</CodCidade>
    <Sucesso>false</Sucesso>
    <NumeroLote>12342</NumeroLote>
    <CPFCNPJRemetente>22693291801</CPFCNPJRemetente>
    <DataEnvioLote>2009-11-12T17:46:02.0Z</DataEnvioLote>
    <QtdNotasProcessadas>0</QtdNotasProcessadas>
    <TempoProcessamento>0</TempoProcessamento>
    <ValorTotalServicos>0</ValorTotalServicos>
    <ValorTotalDeducoes>0</ValorTotalDeducoes>
    <Versao>1</Versao>
    <Assincrono>N</Assincrono>
  </Cabecalho>
  <Alertas />
  <Erros>
    <Erro>
      <Codigo>335</Codigo>
      <Descricao>Numero do RPS deve ser subsequente ao anterior enviado.Foi enviado o RPS 114 para ser convertido, porem o proximo RPS deve ser o 116.</Descricao>
      <ChaveRPS>
        <InscricaoPrestador>0370835</InscricaoPrestador>
        <SerieRPS>NF</SerieRPS>
        <NumeroRPS>114</NumeroRPS>
        <DataEmissaoRPS>2009-10-01T18:40:46</DataEmissaoRPS>
        <RazaoSocialPrestador>CONSTRUTORA SOUSA E LIMA LTDA</RazaoSocialPrestador>
      </ChaveRPS>
    </Erro>
  </Erros>
  <ChavesNFSeRPS />
</ns1:RetornoEnvioLoteRPS>

