<?xml version="1.0"?>
<ns1:ReqEnvioLoteRPS xmlns:ns1="http://localhost:8080/WsNFe2/lote"
	xmlns:tipos="http://localhost:8080/WsNFe2/tp" xmlns:xsi="http://www.w3.org/2001/XMLSchema-instance"
	xsi:schemaLocation=" http://localhost:8080/WsNFe2/lote http://localhost:8080/WsNFe2/xsd/ReqEnvioLoteRPS.xsd">
	<Cabecalho>
		<CodCidade>6291</CodCidade>
		<CPFCNPJRemetente>22693291801</CPFCNPJRemetente>
		<RazaoSocialRemetente>Luciano Vettoretti Leite</RazaoSocialRemetente>
		<transacao>true</transacao>
		<dtInicio>2009-10-01</dtInicio>
		<dtFim>2009-10-01</dtFim>
		<QtdRPS>1</QtdRPS>
		<ValorTotalServicos>200.00</ValorTotalServicos>
		<ValorTotalDeducoes>0.00</ValorTotalDeducoes>
		<Versao>1</Versao>
		<MetodoEnvio>WS</MetodoEnvio>
		
	</Cabecalho>
	<Lote>
		<RPS>
			<Assinatura>6d75afb43e575c726d86e90594067fce1a5a9739</Assinatura>
			<InscricaoMunicipalPrestador>0370835</InscricaoMunicipalPrestador>
			<RazaoSocialPrestador>CONSTRUTORA SOUSA E LIMA LTDA</RazaoSocialPrestador>
			<TipoRPS>RPS</TipoRPS>
			<SerieRPS>NF</SerieRPS>
			<NumeroRPS>114</NumeroRPS>
			<DataEmissaoRPS>2009-10-01T18:40:46</DataEmissaoRPS>
			<SituacaoRPS>N</SituacaoRPS>
			<SerieRPSSubstituido>
			</SerieRPSSubstituido>
			<NumeroRPSSubstituido>0</NumeroRPSSubstituido>
			<NumeroNFSeSubstituida>0</NumeroNFSeSubstituida>
			<DataEmissaoNFSeSubstituida>1900-01-01</DataEmissaoNFSeSubstituida>
			<SeriePrestacao>99</SeriePrestacao>
			<InscricaoMunicipalTomador>0000000</InscricaoMunicipalTomador>
			<CPFCNPJTomador>06321135000135</CPFCNPJTomador>
			<RazaoSocialTomador>A J DE AGUIAR LTDA ME</RazaoSocialTomador>
			<TipoLogradouroTomador>Rua</TipoLogradouroTomador>
			<LogradouroTomador>DESEMBARGADOR DO VALE</LogradouroTomador>
			<NumeroEnderecoTomador>932</NumeroEnderecoTomador>
			<TipoBairroTomador>Bairro</TipoBairroTomador>
			<BairroTomador>Perdizes</BairroTomador>
			<CidadeTomador>0007107</CidadeTomador>
			<CidadeTomadorDescricao>
			</CidadeTomadorDescricao>
			<CEPTomador>05010040</CEPTomador>
			<EmailTomador>regifelix@gmail.com</EmailTomador>
			<CodigoAtividade>851390000</CodigoAtividade>
			<AliquotaAtividade>3.00</AliquotaAtividade>
			<TipoRecolhimento>A</TipoRecolhimento>
			<MunicipioPrestacao>0001219</MunicipioPrestacao>
			<MunicipioPrestacaoDescricao>
			</MunicipioPrestacaoDescricao>
			<Operacao>A</Operacao>
			<Tributacao>T</Tributacao>
			<ValorPIS>0.00</ValorPIS>
			<ValorCOFINS>0.00</ValorCOFINS>
			<ValorINSS>0.00</ValorINSS>
			<ValorIR>0.00</ValorIR>
			<ValorCSLL>0.00</ValorCSLL>
			<AliquotaPIS>0.0000</AliquotaPIS>
			<AliquotaCOFINS>0.0000</AliquotaCOFINS>
			<AliquotaINSS>0.0000</AliquotaINSS>
			<AliquotaIR>0.0000</AliquotaIR>
			<AliquotaCSLL>0.0000</AliquotaCSLL>
			<DescricaoRPS></DescricaoRPS>
			<DDDPrestador>86</DDDPrestador>
			<TelefonePrestador>32227106</TelefonePrestador>
			<DDDTomador>11</DDDTomador>
			<TelefoneTomador>80665592</TelefoneTomador>
			<MotCancelamento></MotCancelamento>
			<Deducoes />
			<Itens>
				<Item>
					<DiscriminacaoServico>SERVICO DE PRESTACAO</DiscriminacaoServico>
					<Quantidade>20</Quantidade>
					<ValorUnitario>10.00</ValorUnitario>
					<ValorTotal>200.00</ValorTotal>
				</Item>
			</Itens>
		</RPS>
	</Lote>
</ns1:ReqEnvioLoteRPS>

