<?xml version="1.0" encoding="UTF-8"?>
<ns1:ReqEnvioLoteRPS xmlns:ns1="http://localhost:8080/WsNFe2/lote"
	xmlns:tipos="http://localhost:8080/WsNFe2/tp" xmlns:xsi="http://www.w3.org/2001/XMLSchema-instance"
	xsi:schemaLocation="http://localhost:8080/WsNFe2/lote http://localhost:8080/WsNFe2/xsd/ReqEnvioLoteRPS.xsd">
	<Cabecalho>
		<CodCidade>6291</CodCidade>
		<CPFCNPJRemetente>28785966843</CPFCNPJRemetente>
		<RazaoSocialRemetente>EMPRESA RESP. MODELO</RazaoSocialRemetente>
		<transacao></transacao>
		<dtInicio>2010-12-02</dtInicio>
		<dtFim>2010-12-02</dtFim>
		<QtdRPS>1</QtdRPS>
		<ValorTotalServicos>10.00</ValorTotalServicos>
		<ValorTotalDeducoes>0.00</ValorTotalDeducoes>
		<Versao>1</Versao>
		<MetodoEnvio>WS</MetodoEnvio>
	</Cabecalho>
	<Lote Id="lote:1ABCDZ">
		<RPS Id="rps:1261137">
			<Assinatura>bc8ce5e0460c301c0cd2a73052873524032d2ac9</Assinatura>
			<InscricaoMunicipalPrestador>0317330</InscricaoMunicipalPrestador>
			<RazaoSocialPrestador>EMPRESA MODELO</RazaoSocialPrestador>
			<TipoRPS>RPS</TipoRPS>
			<SerieRPS>NF</SerieRPS>
			<NumeroRPS>1261137</NumeroRPS>
			<DataEmissaoRPS>2010-12-02T00:00:00</DataEmissaoRPS>
			<SituacaoRPS>N</SituacaoRPS>
			<SerieRPSSubstituido></SerieRPSSubstituido>
			<NumeroRPSSubstituido>0</NumeroRPSSubstituido>
			<NumeroNFSeSubstituida>0</NumeroNFSeSubstituida>
			<DataEmissaoNFSeSubstituida>1900-01-01</DataEmissaoNFSeSubstituida>
			<SeriePrestacao>99</SeriePrestacao>
			<InscricaoMunicipalTomador>0000000</InscricaoMunicipalTomador>
			<CPFCNPJTomador>77777777777</CPFCNPJTomador>
			<RazaoSocialTomador>INTERNATIONAL CORPORATION</RazaoSocialTomador>
			<DocTomadorEstrangeiro>CI 45684568598</DocTomadorEstrangeiro>
			<TipoLogradouroTomador>Rua</TipoLogradouroTomador>
			<LogradouroTomador>Treena Street</LogradouroTomador>
			<NumeroEnderecoTomador>10695</NumeroEnderecoTomador>
			<ComplementoEnderecoTomador>Suite 101</ComplementoEnderecoTomador>
			<TipoBairroTomador>-</TipoBairroTomador>
			<BairroTomador>-</BairroTomador>
			<CidadeTomador>0009999</CidadeTomador>
			<CidadeTomadorDescricao>ESTADOS UNIDOS</CidadeTomadorDescricao>
			<CEPTomador>00000000</CEPTomador>
			<EmailTomador>corp@pont.com</EmailTomador>
			<CodigoAtividade>829979900</CodigoAtividade>
			<AliquotaAtividade>5.00</AliquotaAtividade>
			<TipoRecolhimento>A</TipoRecolhimento>
			<MunicipioPrestacao>0006291</MunicipioPrestacao>
			<MunicipioPrestacaoDescricao>CAMPINAS</MunicipioPrestacaoDescricao>
			<Operacao>A</Operacao>
			<Tributacao>T</Tributacao>
			<ValorPIS>0.00</ValorPIS>
			<ValorCOFINS>0.00</ValorCOFINS>
			<ValorINSS>0.00</ValorINSS>
			<ValorIR>0.00</ValorIR>
			<ValorCSLL>0.00</ValorCSLL>
			<AliquotaPIS>0.0000</AliquotaPIS>
			<AliquotaCOFINS>0.0000</AliquotaCOFINS>
			<AliquotaINSS>0.0000</AliquotaINSS>
			<AliquotaIR>0.0000</AliquotaIR>
			<AliquotaCSLL>0.0000</AliquotaCSLL>
			<DescricaoRPS>RPS DE TESTE DE TOMADOR ESTRANGEIRO</DescricaoRPS>
			<DDDPrestador>00</DDDPrestador>
			<TelefonePrestador>00000000</TelefonePrestador>
			<DDDTomador>00</DDDTomador>
			<TelefoneTomador>00000000</TelefoneTomador>
			<MotCancelamento></MotCancelamento>
			<CPFCNPJIntermediario></CPFCNPJIntermediario>
			<Deducoes />
			<Itens>
				<Item>
					<DiscriminacaoServico>SERVICO 01</DiscriminacaoServico>
					<Quantidade>1.0000</Quantidade>
					<ValorUnitario>10.0000</ValorUnitario>
					<ValorTotal>10.00</ValorTotal>
					<Tributavel>S</Tributavel>
				</Item>
			</Itens>
		</RPS>
	</Lote>
</ns1:ReqEnvioLoteRPS>
