<?xml version="1.0" encoding="UTF-8"?>
<ns1:RetornoCancelamentoNFSe xmlns:ns1="http://localhost:8080/WsNFe2/lote" xmlns:tipos="http://localhost:8080/WsNFe2/tp" xmlns:xsi="http://www.w3.org/2001/XMLSchema-instance" xsi:schemaLocation="http://localhost:8080/WsNFe2/lote http://localhost:8080/WsNFe2/xsd/RetornoCancelamentoNFSe.xsd">
  <Cabecalho>
    <CodCidade>7145</CodCidade>
    <Sucesso>true</Sucesso>
    <CPFCNPJRemetente>02852715000106</CPFCNPJRemetente>
    <Versao>1</Versao>
  </Cabecalho>
  <NotasCanceladas>
    <Nota>
      <InscricaoMunicipalPrestador>000132683</InscricaoMunicipalPrestador>
      <NumeroNota>3</NumeroNota>
      <CodigoVerificacao>c3afc8488f6bc2e29787a0d2991482061210a82b</CodigoVerificacao>
      <MotivoCancelamento>teste de cancelamento</MotivoCancelamento>
    </Nota>
  </NotasCanceladas>
  <Alertas />
  <Erros />
</ns1:RetornoCancelamentoNFSe>

