<?xml version="1.0" encoding="UTF-8"?>
<ns1:RetornoCancelamentoNFSe xmlns:ns1="http://localhost:8080/WsNFe2/lote" xmlns:tipos="http://localhost:8080/WsNFe2/tp" xmlns:xsi="http://www.w3.org/2001/XMLSchema-instance" xsi:schemaLocation="http://localhost:8080/WsNFe2/lote http://localhost:8080/WsNFe2/xsd/RetornoCancelamentoNFSe.xsd">
  <Cabecalho>
    <CodCidade>7145</CodCidade>
    <Sucesso>true</Sucesso>
    <CPFCNPJRemetente>02852715000106</CPFCNPJRemetente>
    <Versao>1</Versao>
  </Cabecalho>
  <NotasCanceladas />
  <Alertas>
    <Alerta>
      <Codigo>1304</Codigo>
      <Descricao>NFSe nao localizada na base de dados para cancelamento.</Descricao>
      <ChaveNFe>
        <InscricaoPrestador>000132683</InscricaoPrestador>
        <NumeroNFe>2446</NumeroNFe>
        <CodigoVerificacao>98d0e61d9396b60e5a847a361cb9264e4b6d0c9f</CodigoVerificacao>
        <RazaoSocialPrestador />
      </ChaveNFe>
    </Alerta>
  </Alertas>
  <Erros />
</ns1:RetornoCancelamentoNFSe>

