<?xml version="1.0" encoding="UTF-8"?>
<ns1:RetornoConsultaLote  xmlns:ns1="http://localhost:8080/WsNFe2/lote" xmlns:tipos="http://localhost:8080/WsNFe2/tp" xmlns:xsi="http://www.w3.org/2001/XMLSchema-instance" xsi:schemaLocation="http://localhost:8080/WsNFe2/lote http://localhost:8080/WsNFe2/xsd/RetornoConsultaLote.xsd">
  <Cabecalho>
    <CodCidade>921</CodCidade>
    <Sucesso>false</Sucesso>
    <NumeroLote>152594</NumeroLote>
    <CPFCNPJRemetente>41795326387</CPFCNPJRemetente>
    <RazaoSocialRemetente>ABDON CLEMENTINO DE MARINHO</RazaoSocialRemetente>
    <DataEnvioLote>2010-07-31T00:00:00</DataEnvioLote>
    <QtdNotasProcessadas>0</QtdNotasProcessadas>
    <TempoProcessamento>0</TempoProcessamento>
    <ValorTotalServicos>0</ValorTotalServicos>
    <ValorTotalDeducoes>0</ValorTotalDeducoes>
    <Versao>1</Versao>
  </Cabecalho>
  <Alertas />
  <Erros>
    <Erro>
      <Codigo>1430</Codigo>
      <Descricao>Contribuinte nao credenciado. Faca o credenciamento no site da NFSe.</Descricao>
      <ChaveRPS>
        <InscricaoPrestador>00045781003</InscricaoPrestador>
        <SerieRPS>NF</SerieRPS>
        <NumeroRPS>1</NumeroRPS>
        <DataEmissaoRPS>2010-07-01T00:00:51</DataEmissaoRPS>
        <RazaoSocialPrestador>ABDON MARINHO ADVOGADOS ASSOCIADOS S/C</RazaoSocialPrestador>
      </ChaveRPS>
    </Erro>
  </Erros>
  <ListaNFSe />
</ns1:RetornoConsultaLote>

