<?xml version="1.0" encoding="UTF-8"?>
<ns1:RetornoConsultaLote  xmlns:ns1="http://localhost:8080/WsNFe2/lote" xmlns:tipos="http://localhost:8080/WsNFe2/tp" xmlns:xsi="http://www.w3.org/2001/XMLSchema-instance" xsi:schemaLocation="http://localhost:8080/WsNFe2/lote http://localhost:8080/WsNFe2/xsd/RetornoConsultaLote.xsd">
  <Cabecalho>
    <CodCidade>921</CodCidade>
    <Sucesso>true</Sucesso>
    <NumeroLote>152596</NumeroLote>
    <CPFCNPJRemetente>41795326387</CPFCNPJRemetente>
    <RazaoSocialRemetente>ABDON CLEMENTINO DE MARINHO</RazaoSocialRemetente>
    <DataEnvioLote>2010-07-31T00:00:00</DataEnvioLote>
    <QtdNotasProcessadas>1</QtdNotasProcessadas>
    <TempoProcessamento>0</TempoProcessamento>
    <ValorTotalServicos>100</ValorTotalServicos>
    <ValorTotalDeducoes>0</ValorTotalDeducoes>
    <Versao>1</Versao>
  </Cabecalho>
  <Alertas />
  <Erros />
  <ListaNFSe>
    <ConsultaNFSe>
      <InscricaoPrestador>00045781003</InscricaoPrestador>
      <NumeroNFe>2</NumeroNFe>
      <CodigoVerificacao>f597dfcd</CodigoVerificacao>
      <SerieRPS>NF</SerieRPS>
      <NumeroRPS>2</NumeroRPS>
      <DataEmissaoRPS>2010-07-01T00:00:00</DataEmissaoRPS>
      <RazaoSocialPrestador>ABDON MARINHO ADVOGADOS ASSOCIADOS S/C</RazaoSocialPrestador>
      <TipoRecolhimento>A</TipoRecolhimento>
      <ValorDeduzir>0</ValorDeduzir>
      <ValorTotal>100</ValorTotal>
      <Aliquota>5</Aliquota>
    </ConsultaNFSe>
  </ListaNFSe>
</ns1:RetornoConsultaLote>

