<?xml version="1.0" encoding="UTF-8"?>
<ns1:ReqConsultaNFSeRPS xmlns:ns1="http://localhost:8080/WsNFe2/lote" xmlns:tipos="http://localhost:8080/WsNFe2/tp" xmlns:xsi="http://www.w3.org/2001/XMLSchema-instance" xsi:schemaLocation="http://localhost:8080/WsNFe2/lote http://localhost:8080/WsNFe2/xsd/ReqConsultaNFSeRPS.xsd"><Cabecalho><CodCidade>1219</CodCidade><CPFCNPJRemetente>28785966843</CPFCNPJRemetente><transacao>true</transacao><Versao>1</Versao></Cabecalho><Lote Id="lote:1ABCDZ"><NotaConsulta><Nota Id="nota:4"><InscricaoMunicipalPrestador>0317330</InscricaoMunicipalPrestador><NumeroNota>4</NumeroNota><CodigoVerificacao>0a2a2f0f</CodigoVerificacao></Nota><Nota Id="nota:5"><InscricaoMunicipalPrestador>0317330</InscricaoMunicipalPrestador><NumeroNota>5</NumeroNota><CodigoVerificacao>b56baf21</CodigoVerificacao></Nota></NotaConsulta><RPSConsulta><RPS Id="rps:38676"><InscricaoMunicipalPrestador>0317330</InscricaoMunicipalPrestador><NumeroRPS>38676</NumeroRPS><SeriePrestacao>99</SeriePrestacao></RPS><RPS Id="rps:38677"><InscricaoMunicipalPrestador>0317330</InscricaoMunicipalPrestador><NumeroRPS>38677</NumeroRPS><SeriePrestacao>99</SeriePrestacao></RPS></RPSConsulta></Lote></ns1:ReqConsultaNFSeRPS>
