<?xml version="1.0" encoding="UTF-8"?>
<ns1:RetornoConsultaNFSeRPS xmlns:ns1="http://localhost:8080/WsNFe2/lote" xmlns:tipos="http://localhost:8080/WsNFe2/tp" xmlns:xsi="http://www.w3.org/2001/XMLSchema-instance" xsi:schemaLocation="http://localhost:8080/WsNFe2/lote http://localhost:8080/WsNFe2/xsd/RetornoConsultaNFSeRPS.xsd">
  <Cabecalho>
    <CodCidade>1219</CodCidade>
    <CPFCNPJRemetente>28785966843</CPFCNPJRemetente>
    <transacao>true</transacao>
    <Versao>1</Versao>
  </Cabecalho>
  <NotasConsultadas>
    <Nota>
      <NumeroNota>4</NumeroNota>
      <DataProcessamento>2009-10-01T00:00:00</DataProcessamento>
      <NumeroLote>9157</NumeroLote>
      <CodigoVerificacao>0a2a2f0f</CodigoVerificacao>
      <Assinatura>39b3eb6f8ebc6c640991fdb3f5dfc428faf02e8d</Assinatura>
      <InscricaoMunicipalPrestador>0317330</InscricaoMunicipalPrestador>
      <RazaoSocialPrestador>SERASA S.A</RazaoSocialPrestador>
      <TipoRPS>RPS</TipoRPS>
      <SerieRPS>NF</SerieRPS>
      <NumeroRPS>38671</NumeroRPS>
      <DataEmissaoRPS>2009-10-01T00:00:00</DataEmissaoRPS>
      <SituacaoRPS>N</SituacaoRPS>
      <SerieRPSSubstituido />
      <NumeroRPSSubstituido>0</NumeroRPSSubstituido>
      <NumeroNFSeSubstituida>0</NumeroNFSeSubstituida>
      <DataEmissaoNFSeSubstituida>1900-01-01T00:00:00</DataEmissaoNFSeSubstituida>
      <SeriePrestacao>99</SeriePrestacao>
      <InscricaoMunicipalTomador />
      <CPFCNPJTomador>08764130000102</CPFCNPJTomador>
      <RazaoSocialTomador>S P DISTRIBUIDORA LTDA</RazaoSocialTomador>
      <TipoLogradouroTomador />
      <LogradouroTomador>R UM</LogradouroTomador>
      <NumeroEnderecoTomador>16</NumeroEnderecoTomador>
      <ComplementoEnderecoTomador />
      <TipoBairroTomador>Bairro</TipoBairroTomador>
      <BairroTomador />
      <CidadeTomador>937</CidadeTomador>
      <CidadeTomadorDescricao>TIMON</CidadeTomadorDescricao>
      <CEPTomador>65631160</CEPTomador>
      <EmailTomador>saullo@ludoonline.com.br</EmailTomador>
      <CodigoAtividade>829979900</CodigoAtividade>
      <AliquotaAtividade>5</AliquotaAtividade>
      <TipoRecolhimento>A</TipoRecolhimento>
      <MunicipioPrestacao>1219</MunicipioPrestacao>
      <MunicipioPrestacaoDescricao>TERESINA</MunicipioPrestacaoDescricao>
      <Operacao>A</Operacao>
      <Tributacao>T</Tributacao>
      <ValorPIS>0</ValorPIS>
      <ValorCOFINS>0</ValorCOFINS>
      <ValorINSS>0</ValorINSS>
      <ValorIR>0</ValorIR>
      <ValorCSLL>0</ValorCSLL>
      <AliquotaPIS>0</AliquotaPIS>
      <AliquotaCOFINS>0</AliquotaCOFINS>
      <AliquotaINSS>0</AliquotaINSS>
      <AliquotaIR>0</AliquotaIR>
      <AliquotaCSLL>0</AliquotaCSLL>
      <DescricaoRPS />
      <DDDPrestador>11</DDDPrestador>
      <TelefonePrestador>28479378</TelefonePrestador>
      <DDDTomador>99</DDDTomador>
      <TelefoneTomador>32123211</TelefoneTomador>
      <MotCancelamento />
      <Deducoes />
      <Itens>
        <Item>
          <DiscriminacaoServico>teste</DiscriminacaoServico>
          <Quantidade>1</Quantidade>
          <ValorUnitario>16.86</ValorUnitario>
          <ValorTotal>16.86</ValorTotal>
          <Tributavel>S</Tributavel>
        </Item>
      </Itens>
    </Nota>
    <Nota>
      <NumeroNota>5</NumeroNota>
      <DataProcessamento>2009-10-01T00:00:00</DataProcessamento>
      <NumeroLote>9157</NumeroLote>
      <CodigoVerificacao>b56baf21</CodigoVerificacao>
      <Assinatura>1516483e370d53bff23d526138dae64a0d0ba9e4</Assinatura>
      <InscricaoMunicipalPrestador>0317330</InscricaoMunicipalPrestador>
      <RazaoSocialPrestador>SERASA S.A</RazaoSocialPrestador>
      <TipoRPS>RPS</TipoRPS>
      <SerieRPS>NF</SerieRPS>
      <NumeroRPS>38672</NumeroRPS>
      <DataEmissaoRPS>2009-10-01T00:00:00</DataEmissaoRPS>
      <SituacaoRPS>C</SituacaoRPS>
      <SerieRPSSubstituido />
      <NumeroRPSSubstituido>0</NumeroRPSSubstituido>
      <NumeroNFSeSubstituida>0</NumeroNFSeSubstituida>
      <DataEmissaoNFSeSubstituida>1900-01-01T00:00:00</DataEmissaoNFSeSubstituida>
      <SeriePrestacao>99</SeriePrestacao>
      <InscricaoMunicipalTomador />
      <CPFCNPJTomador>08764130000102</CPFCNPJTomador>
      <RazaoSocialTomador>S P DISTRIBUIDORA LTDA</RazaoSocialTomador>
      <TipoLogradouroTomador />
      <LogradouroTomador>R UM</LogradouroTomador>
      <NumeroEnderecoTomador>16</NumeroEnderecoTomador>
      <ComplementoEnderecoTomador />
      <TipoBairroTomador>Bairro</TipoBairroTomador>
      <BairroTomador />
      <CidadeTomador>937</CidadeTomador>
      <CidadeTomadorDescricao>TIMON</CidadeTomadorDescricao>
      <CEPTomador>65631160</CEPTomador>
      <EmailTomador>saullo@ludoonline.com.br</EmailTomador>
      <CodigoAtividade>829979900</CodigoAtividade>
      <AliquotaAtividade>5</AliquotaAtividade>
      <TipoRecolhimento>A</TipoRecolhimento>
      <MunicipioPrestacao>1219</MunicipioPrestacao>
      <MunicipioPrestacaoDescricao>TERESINA</MunicipioPrestacaoDescricao>
      <Operacao>A</Operacao>
      <Tributacao>T</Tributacao>
      <ValorPIS>0</ValorPIS>
      <ValorCOFINS>0</ValorCOFINS>
      <ValorINSS>0</ValorINSS>
      <ValorIR>0</ValorIR>
      <ValorCSLL>0</ValorCSLL>
      <AliquotaPIS>0</AliquotaPIS>
      <AliquotaCOFINS>0</AliquotaCOFINS>
      <AliquotaINSS>0</AliquotaINSS>
      <AliquotaIR>0</AliquotaIR>
      <AliquotaCSLL>0</AliquotaCSLL>
      <DescricaoRPS />
      <DDDPrestador>11</DDDPrestador>
      <TelefonePrestador>28479378</TelefonePrestador>
      <DDDTomador>99</DDDTomador>
      <TelefoneTomador>32123211</TelefoneTomador>
      <MotCancelamento>teste de cancelamento</MotCancelamento>
      <Deducoes />
      <Itens>
        <Item>
          <DiscriminacaoServico>teste</DiscriminacaoServico>
          <Quantidade>1</Quantidade>
          <ValorUnitario>16.86</ValorUnitario>
          <ValorTotal>16.86</ValorTotal>
          <Tributavel>S</Tributavel>
        </Item>
      </Itens>
    </Nota>
    <Nota>
      <NumeroNota>8</NumeroNota>
      <DataProcessamento>2009-10-02T00:00:00</DataProcessamento>
      <NumeroLote>9358</NumeroLote>
      <CodigoVerificacao>fefe7a4a</CodigoVerificacao>
      <Assinatura>8ed526f8461ae4016bf4b2a5e76e20f135dddffd</Assinatura>
      <InscricaoMunicipalPrestador>0317330</InscricaoMunicipalPrestador>
      <RazaoSocialPrestador>SERASA S.A</RazaoSocialPrestador>
      <TipoRPS>RPS</TipoRPS>
      <SerieRPS>NF</SerieRPS>
      <NumeroRPS>38676</NumeroRPS>
      <DataEmissaoRPS>2009-10-02T00:00:00</DataEmissaoRPS>
      <SituacaoRPS>N</SituacaoRPS>
      <SerieRPSSubstituido />
      <NumeroRPSSubstituido>0</NumeroRPSSubstituido>
      <NumeroNFSeSubstituida>0</NumeroNFSeSubstituida>
      <DataEmissaoNFSeSubstituida>1900-01-01T00:00:00</DataEmissaoNFSeSubstituida>
      <SeriePrestacao>99</SeriePrestacao>
      <InscricaoMunicipalTomador />
      <CPFCNPJTomador>13075853372</CPFCNPJTomador>
      <RazaoSocialTomador>AGENOR RIBEIRO DE CARVALHO</RazaoSocialTomador>
      <TipoLogradouroTomador />
      <LogradouroTomador>R RUI BARBOSA</LogradouroTomador>
      <NumeroEnderecoTomador>146</NumeroEnderecoTomador>
      <ComplementoEnderecoTomador />
      <TipoBairroTomador>Bairro</TipoBairroTomador>
      <BairroTomador />
      <CidadeTomador>1219</CidadeTomador>
      <CidadeTomadorDescricao>TERESINA</CidadeTomadorDescricao>
      <CEPTomador>64001090</CEPTomador>
      <EmailTomador>agenoribeiro2@hotmail.com</EmailTomador>
      <CodigoAtividade>829979900</CodigoAtividade>
      <AliquotaAtividade>5</AliquotaAtividade>
      <TipoRecolhimento>A</TipoRecolhimento>
      <MunicipioPrestacao>1219</MunicipioPrestacao>
      <MunicipioPrestacaoDescricao>TERESINA</MunicipioPrestacaoDescricao>
      <Operacao>A</Operacao>
      <Tributacao>T</Tributacao>
      <ValorPIS>0</ValorPIS>
      <ValorCOFINS>0</ValorCOFINS>
      <ValorINSS>0</ValorINSS>
      <ValorIR>0</ValorIR>
      <ValorCSLL>0</ValorCSLL>
      <AliquotaPIS>0</AliquotaPIS>
      <AliquotaCOFINS>0</AliquotaCOFINS>
      <AliquotaINSS>0</AliquotaINSS>
      <AliquotaIR>0</AliquotaIR>
      <AliquotaCSLL>0</AliquotaCSLL>
      <DescricaoRPS />
      <DDDPrestador>11</DDDPrestador>
      <TelefonePrestador>28479378</TelefonePrestador>
      <DDDTomador>86</DDDTomador>
      <TelefoneTomador>30845421</TelefoneTomador>
      <MotCancelamento />
      <Deducoes />
      <Itens>
        <Item>
          <DiscriminacaoServico>teste</DiscriminacaoServico>
          <Quantidade>1</Quantidade>
          <ValorUnitario>170</ValorUnitario>
          <ValorTotal>170</ValorTotal>
          <Tributavel>S</Tributavel>
        </Item>
      </Itens>
    </Nota>
    <Nota>
      <NumeroNota>9</NumeroNota>
      <DataProcessamento>2009-10-02T00:00:00</DataProcessamento>
      <NumeroLote>9446</NumeroLote>
      <CodigoVerificacao>7e0d5f97</CodigoVerificacao>
      <Assinatura>6dfab2fb1875e2c98fc48753e1d33bec831139fd</Assinatura>
      <InscricaoMunicipalPrestador>0317330</InscricaoMunicipalPrestador>
      <RazaoSocialPrestador>SERASA S.A</RazaoSocialPrestador>
      <TipoRPS>RPS</TipoRPS>
      <SerieRPS>NF</SerieRPS>
      <NumeroRPS>38677</NumeroRPS>
      <DataEmissaoRPS>2009-10-02T00:00:00</DataEmissaoRPS>
      <SituacaoRPS>N</SituacaoRPS>
      <SerieRPSSubstituido />
      <NumeroRPSSubstituido>0</NumeroRPSSubstituido>
      <NumeroNFSeSubstituida>0</NumeroNFSeSubstituida>
      <DataEmissaoNFSeSubstituida>1900-01-01T00:00:00</DataEmissaoNFSeSubstituida>
      <SeriePrestacao>99</SeriePrestacao>
      <InscricaoMunicipalTomador />
      <CPFCNPJTomador>08764130000102</CPFCNPJTomador>
      <RazaoSocialTomador>S P DISTRIBUIDORA LTDA</RazaoSocialTomador>
      <TipoLogradouroTomador />
      <LogradouroTomador>R UM</LogradouroTomador>
      <NumeroEnderecoTomador>16</NumeroEnderecoTomador>
      <ComplementoEnderecoTomador />
      <TipoBairroTomador>Bairro</TipoBairroTomador>
      <BairroTomador />
      <CidadeTomador>937</CidadeTomador>
      <CidadeTomadorDescricao>TIMON</CidadeTomadorDescricao>
      <CEPTomador>65631160</CEPTomador>
      <EmailTomador>saullo@ludoonline.com.br</EmailTomador>
      <CodigoAtividade>829979900</CodigoAtividade>
      <AliquotaAtividade>5</AliquotaAtividade>
      <TipoRecolhimento>A</TipoRecolhimento>
      <MunicipioPrestacao>1219</MunicipioPrestacao>
      <MunicipioPrestacaoDescricao>TERESINA</MunicipioPrestacaoDescricao>
      <Operacao>A</Operacao>
      <Tributacao>T</Tributacao>
      <ValorPIS>0</ValorPIS>
      <ValorCOFINS>0</ValorCOFINS>
      <ValorINSS>0</ValorINSS>
      <ValorIR>0</ValorIR>
      <ValorCSLL>0</ValorCSLL>
      <AliquotaPIS>0</AliquotaPIS>
      <AliquotaCOFINS>0</AliquotaCOFINS>
      <AliquotaINSS>0</AliquotaINSS>
      <AliquotaIR>0</AliquotaIR>
      <AliquotaCSLL>0</AliquotaCSLL>
      <DescricaoRPS />
      <DDDPrestador>11</DDDPrestador>
      <TelefonePrestador>28479378</TelefonePrestador>
      <DDDTomador>99</DDDTomador>
      <TelefoneTomador>32123211</TelefoneTomador>
      <MotCancelamento />
      <Deducoes />
      <Itens>
        <Item>
          <DiscriminacaoServico>teste</DiscriminacaoServico>
          <Quantidade>1</Quantidade>
          <ValorUnitario>16.86</ValorUnitario>
          <ValorTotal>16.86</ValorTotal>
          <Tributavel>S</Tributavel>
        </Item>
      </Itens>
    </Nota>
  </NotasConsultadas>
  <Alertas />
  <Erros />
</ns1:RetornoConsultaNFSeRPS>

