<?xml version="1.0" encoding="UTF-8"?>
<ns1:ReqConsultaNFSeRPS xmlns:ns1="http://localhost:8080/WsNFe2/lote" xmlns:tipos="http://localhost:8080/WsNFe2/tp" xmlns:xsi="http://www.w3.org/2001/XMLSchema-instance" xsi:schemaLocation="http://localhost:8080/WsNFe2/lote http://localhost:8080/WsNFe2/xsd/ReqConsultaNFSeRPS.xsd"><Cabecalho><CodCidade>921</CodCidade><CPFCNPJRemetente>41795326387</CPFCNPJRemetente><transacao>true</transacao><Versao>1</Versao></Cabecalho><Lote Id="lote:1ABCDZ"><NotaConsulta><Nota Id="nota:3"><InscricaoMunicipalPrestador>00045781003</InscricaoMunicipalPrestador><NumeroNota>3</NumeroNota><CodigoVerificacao>7a179658</CodigoVerificacao></Nota></NotaConsulta><RPSConsulta><RPS Id="rps:1"><InscricaoMunicipalPrestador>00045781003</InscricaoMunicipalPrestador><NumeroRPS>1</NumeroRPS><SeriePrestacao>99</SeriePrestacao></RPS></RPSConsulta></Lote></ns1:ReqConsultaNFSeRPS>
