<?xml version="1.0" encoding="UTF-8"?>
<ns1:RetornoConsultaNFSeRPS xmlns:ns1="http://localhost:8080/WsNFe2/lote" xmlns:tipos="http://localhost:8080/WsNFe2/tp" xmlns:xsi="http://www.w3.org/2001/XMLSchema-instance" xsi:schemaLocation="http://localhost:8080/WsNFe2/lote http://localhost:8080/WsNFe2/xsd/RetornoConsultaNFSeRPS.xsd">
  <Cabecalho>
    <CodCidade>921</CodCidade>
    <CPFCNPJRemetente>41795326387</CPFCNPJRemetente>
    <transacao>true</transacao>
    <Versao>1</Versao>
  </Cabecalho>
  <NotasConsultadas>
    <Nota>
      <NumeroNota>1</NumeroNota>
      <DataProcessamento>2010-07-01T00:00:00</DataProcessamento>
      <NumeroLote>152595</NumeroLote>
      <CodigoVerificacao>c2039c94</CodigoVerificacao>
      <Assinatura>81c310f30c8bc3b750400098567dca1c0522e0ff</Assinatura>
      <InscricaoMunicipalPrestador>00045781003</InscricaoMunicipalPrestador>
      <RazaoSocialPrestador>ABDON MARINHO ADVOGADOS ASSOCIADOS S/C</RazaoSocialPrestador>
      <TipoRPS>RPS</TipoRPS>
      <SerieRPS>NF</SerieRPS>
      <NumeroRPS>1</NumeroRPS>
      <DataEmissaoRPS>2010-07-01T00:00:00</DataEmissaoRPS>
      <SituacaoRPS>N</SituacaoRPS>
      <SerieRPSSubstituido />
      <NumeroRPSSubstituido>0</NumeroRPSSubstituido>
      <NumeroNFSeSubstituida>0</NumeroNFSeSubstituida>
      <DataEmissaoNFSeSubstituida>1900-01-01T00:00:00</DataEmissaoNFSeSubstituida>
      <SeriePrestacao>99</SeriePrestacao>
      <InscricaoMunicipalTomador />
      <CPFCNPJTomador>04515766000160</CPFCNPJTomador>
      <RazaoSocialTomador>susbstituto</RazaoSocialTomador>
      <TipoLogradouroTomador>Rua</TipoLogradouroTomador>
      <LogradouroTomador>TESTE</LogradouroTomador>
      <NumeroEnderecoTomador>12</NumeroEnderecoTomador>
      <ComplementoEnderecoTomador />
      <TipoBairroTomador>Bairro</TipoBairroTomador>
      <BairroTomador />
      <CidadeTomador>921</CidadeTomador>
      <CidadeTomadorDescricao>SAO LUIS</CidadeTomadorDescricao>
      <CEPTomador>26000000</CEPTomador>
      <EmailTomador>teste@teste.com</EmailTomador>
      <CodigoAtividade>691170100</CodigoAtividade>
      <AliquotaAtividade>5</AliquotaAtividade>
      <TipoRecolhimento>R</TipoRecolhimento>
      <MunicipioPrestacao>921</MunicipioPrestacao>
      <MunicipioPrestacaoDescricao>SAO LUIS</MunicipioPrestacaoDescricao>
      <Operacao>A</Operacao>
      <Tributacao>T</Tributacao>
      <ValorPIS>0</ValorPIS>
      <ValorCOFINS>0</ValorCOFINS>
      <ValorINSS>0</ValorINSS>
      <ValorIR>0</ValorIR>
      <ValorCSLL>0</ValorCSLL>
      <AliquotaPIS>0</AliquotaPIS>
      <AliquotaCOFINS>0</AliquotaCOFINS>
      <AliquotaINSS>0</AliquotaINSS>
      <AliquotaIR>0</AliquotaIR>
      <AliquotaCSLL>0</AliquotaCSLL>
      <DescricaoRPS />
      <DDDPrestador>98</DDDPrestador>
      <TelefonePrestador>32356772</TelefonePrestador>
      <DDDTomador>21</DDDTomador>
      <TelefoneTomador>12345678</TelefoneTomador>
      <MotCancelamento />
      <Deducoes />
      <Itens>
        <Item>
          <DiscriminacaoServico>teste</DiscriminacaoServico>
          <Quantidade>1</Quantidade>
          <ValorUnitario>100</ValorUnitario>
          <ValorTotal>100</ValorTotal>
          <Tributavel>S</Tributavel>
        </Item>
      </Itens>
    </Nota>
  </NotasConsultadas>
  <Alertas>
    <Alerta>
      <Codigo>1407</Codigo>
      <Descricao>NFSe nao localizada na base de dados Nota : 3</Descricao>
      <ChaveRPS>
        <InscricaoPrestador />
        <SerieRPS />
        <NumeroRPS />
        <DataEmissaoRPS />
        <RazaoSocialPrestador />
      </ChaveRPS>
      <ChaveNFe>
        <InscricaoPrestador />
        <NumeroNFe>3</NumeroNFe>
        <CodigoVerificacao>7a179658</CodigoVerificacao>
        <RazaoSocialPrestador />
      </ChaveNFe>
    </Alerta>
  </Alertas>
  <Erros />
</ns1:RetornoConsultaNFSeRPS>

