<?xml version="1.0" encoding="UTF-8"?>
<ns1:RetornoCancelamentoNFSe xmlns:ns1="http://localhost:8080/WsNFe2/lote" xmlns:tipos="http://localhost:8080/WsNFe2/tp" xmlns:xsi="http://www.w3.org/2001/XMLSchema-instance" xsi:schemaLocation="http://localhost:8080/WsNFe2/lote http://localhost:8080/WsNFe2/xsd/RetornoCancelamentoNFSe.xsd">
  <Cabecalho>
    <CodCidade>9051</CodCidade>
    <Sucesso>true</Sucesso>
    <CPFCNPJRemetente>01577956000113</CPFCNPJRemetente>
    <Versao>1</Versao>
  </Cabecalho>
  <NotasCanceladas>
    <Nota>
      <InscricaoMunicipalPrestador>00042643009</InscricaoMunicipalPrestador>
      <NumeroNota>5</NumeroNota>
      <CodigoVerificacao>ee4a34a2221b4ff9a3bef68eaaea892f390f02c5</CodigoVerificacao>
    </Nota>
    <Nota>
      <InscricaoMunicipalPrestador>00042643009</InscricaoMunicipalPrestador>
      <NumeroNota>5</NumeroNota>
      <CodigoVerificacao>ee4a34a2221b4ff9a3bef68eaaea892f390f02c5</CodigoVerificacao>
    </Nota>
    <Nota>
      <InscricaoMunicipalPrestador>00042643009</InscricaoMunicipalPrestador>
      <NumeroNota>5</NumeroNota>
      <CodigoVerificacao>ee4a34a2221b4ff9a3bef68eaaea892f390f02c5</CodigoVerificacao>
    </Nota>
    <Nota>
      <InscricaoMunicipalPrestador>00042643009</InscricaoMunicipalPrestador>
      <NumeroNota>5</NumeroNota>
      <CodigoVerificacao>ee4a34a2221b4ff9a3bef68eaaea892f390f02c5</CodigoVerificacao>
    </Nota>
    <Nota>
      <InscricaoMunicipalPrestador>00042643009</InscricaoMunicipalPrestador>
      <NumeroNota>5</NumeroNota>
      <CodigoVerificacao>ee4a34a2221b4ff9a3bef68eaaea892f390f02c5</CodigoVerificacao>
    </Nota>
  </NotasCanceladas>
  <Alertas />
  <Erros />
</ns1:RetornoCancelamentoNFSe>

