<?xml version="1.0" encoding="UTF-8"?>
<ns1:ReqConsultaNFSeRPS xmlns:ns1="http://localhost:8080/WsNFe2/lote" xmlns:tipos="http://localhost:8080/WsNFe2/tp" xmlns:xsi="http://www.w3.org/2001/XMLSchema-instance" xsi:schemaLocation="http://localhost:8080/WsNFe2/lote http://localhost:8080/WsNFe2/xsd/ReqConsultaNFSeRPS.xsd"><Cabecalho><CodCidade>9051</CodCidade><CPFCNPJRemetente>03315918000118</CPFCNPJRemetente><transacao>true</transacao><Versao>1</Versao></Cabecalho><Lote Id="lote:1ABCDZ"><NotaConsulta><Nota Id="nota:1"><InscricaoMunicipalPrestador>00002738007</InscricaoMunicipalPrestador><NumeroNota>1</NumeroNota><CodigoVerificacao>8d6b841a</CodigoVerificacao></Nota><Nota Id="nota:2"><InscricaoMunicipalPrestador>00002738007</InscricaoMunicipalPrestador><NumeroNota>2</NumeroNota><CodigoVerificacao>bd73befd</CodigoVerificacao></Nota><Nota Id="nota:3"><InscricaoMunicipalPrestador>00002738007</InscricaoMunicipalPrestador><NumeroNota>3</NumeroNota><CodigoVerificacao>038589ca</CodigoVerificacao></Nota></NotaConsulta><RPSConsulta><RPS Id="rps:197"><InscricaoMunicipalPrestador>00002738007</InscricaoMunicipalPrestador><NumeroRPS>197</NumeroRPS><SeriePrestacao>99</SeriePrestacao></RPS><RPS Id="rps:198"><InscricaoMunicipalPrestador>00002738007</InscricaoMunicipalPrestador><NumeroRPS>198</NumeroRPS><SeriePrestacao>99</SeriePrestacao></RPS><RPS Id="rps:199"><InscricaoMunicipalPrestador>00002738007</InscricaoMunicipalPrestador><NumeroRPS>199</NumeroRPS><SeriePrestacao>99</SeriePrestacao></RPS></RPSConsulta></Lote></ns1:ReqConsultaNFSeRPS>
