<?xml version="1.0" encoding="UTF-8"?>
<ns1:RetornoConsultaNFSeRPS xmlns:ns1="http://localhost:8080/WsNFe2/lote" xmlns:tipos="http://localhost:8080/WsNFe2/tp" xmlns:xsi="http://www.w3.org/2001/XMLSchema-instance" xsi:schemaLocation="http://localhost:8080/WsNFe2/lote http://localhost:8080/WsNFe2/xsd/RetornoConsultaNFSeRPS.xsd">
  <Cabecalho>
    <CodCidade>9051</CodCidade>
    <CPFCNPJRemetente>03315918000118</CPFCNPJRemetente>
    <transacao>true</transacao>
    <Versao>1</Versao>
  </Cabecalho>
  <NotasConsultadas>
    <Nota>
      <NumeroNota>1</NumeroNota>
      <DataProcessamento>2010-02-03T00:00:00</DataProcessamento>
      <NumeroLote>21602</NumeroLote>
      <CodigoVerificacao>8d6b841a</CodigoVerificacao>
      <Assinatura>6db2fb68deb63fde15994dc922ddb2b8e125a46f</Assinatura>
      <InscricaoMunicipalPrestador>00002738007</InscricaoMunicipalPrestador>
      <RazaoSocialPrestador>UNIMED DE CAMPO GRANDE MS COOPERATIVA DE TRABALHO MEDICO</RazaoSocialPrestador>
      <TipoRPS>RPS</TipoRPS>
      <SerieRPS>NF</SerieRPS>
      <NumeroRPS>1</NumeroRPS>
      <DataEmissaoRPS>2010-02-03T00:00:00</DataEmissaoRPS>
      <SituacaoRPS>N</SituacaoRPS>
      <SerieRPSSubstituido />
      <NumeroRPSSubstituido>0</NumeroRPSSubstituido>
      <NumeroNFSeSubstituida>0</NumeroNFSeSubstituida>
      <DataEmissaoNFSeSubstituida>1900-01-01T00:00:00</DataEmissaoNFSeSubstituida>
      <SeriePrestacao>99</SeriePrestacao>
      <InscricaoMunicipalTomador />
      <CPFCNPJTomador>15747247115</CPFCNPJTomador>
      <RazaoSocialTomador>SILVIO DA SILVA SILVESTRE JUNI</RazaoSocialTomador>
      <TipoLogradouroTomador>Rua</TipoLogradouroTomador>
      <LogradouroTomador>RUA PADRE JOAO CRIPPA,1390</LogradouroTomador>
      <NumeroEnderecoTomador>0</NumeroEnderecoTomador>
      <ComplementoEnderecoTomador />
      <TipoBairroTomador>Bairro</TipoBairroTomador>
      <BairroTomador />
      <CidadeTomador>9051</CidadeTomador>
      <CidadeTomadorDescricao>CAMPO GRANDE</CidadeTomadorDescricao>
      <CEPTomador>79002339</CEPTomador>
      <EmailTomador />
      <CodigoAtividade>655020000</CodigoAtividade>
      <AliquotaAtividade>0</AliquotaAtividade>
      <TipoRecolhimento>A</TipoRecolhimento>
      <MunicipioPrestacao>9051</MunicipioPrestacao>
      <MunicipioPrestacaoDescricao>CAMPO GRANDE</MunicipioPrestacaoDescricao>
      <Operacao>B</Operacao>
      <Tributacao>F</Tributacao>
      <ValorPIS>0</ValorPIS>
      <ValorCOFINS>0</ValorCOFINS>
      <ValorINSS>0</ValorINSS>
      <ValorIR>0</ValorIR>
      <ValorCSLL>0</ValorCSLL>
      <AliquotaPIS>0</AliquotaPIS>
      <AliquotaCOFINS>0</AliquotaCOFINS>
      <AliquotaINSS>0</AliquotaINSS>
      <AliquotaIR>0</AliquotaIR>
      <AliquotaCSLL>0</AliquotaCSLL>
      <DescricaoRPS />
      <DDDPrestador>067</DDDPrestador>
      <TelefonePrestador>33892400</TelefonePrestador>
      <DDDTomador>67</DDDTomador>
      <TelefoneTomador>33255552</TelefoneTomador>
      <MotCancelamento />
      <CPFCNPJIntermediario />
      <Deducoes />
      <Itens>
        <Item>
          <DiscriminacaoServico>MENSALIDADE BASICA ATOS PRINCIPAIS</DiscriminacaoServico>
          <Quantidade>4</Quantidade>
          <ValorUnitario>193.82</ValorUnitario>
          <ValorTotal>775.28</ValorTotal>
          <Tributavel>S</Tributavel>
        </Item>
        <Item>
          <DiscriminacaoServico>MENSALIDADE BASICA ATOS AUXILIARES</DiscriminacaoServico>
          <Quantidade>4</Quantidade>
          <ValorUnitario>193.74</ValorUnitario>
          <ValorTotal>774.96</ValorTotal>
          <Tributavel>S</Tributavel>
        </Item>
      </Itens>
    </Nota>
    <Nota>
      <NumeroNota>2</NumeroNota>
      <DataProcessamento>2010-02-03T00:00:00</DataProcessamento>
      <NumeroLote>21602</NumeroLote>
      <CodigoVerificacao>bd73befd</CodigoVerificacao>
      <Assinatura>11e67d7dc021afa975714b7e8da9884bd3938d6f</Assinatura>
      <InscricaoMunicipalPrestador>00002738007</InscricaoMunicipalPrestador>
      <RazaoSocialPrestador>UNIMED DE CAMPO GRANDE MS COOPERATIVA DE TRABALHO MEDICO</RazaoSocialPrestador>
      <TipoRPS>RPS</TipoRPS>
      <SerieRPS>NF</SerieRPS>
      <NumeroRPS>2</NumeroRPS>
      <DataEmissaoRPS>2010-02-03T00:00:00</DataEmissaoRPS>
      <SituacaoRPS>N</SituacaoRPS>
      <SerieRPSSubstituido />
      <NumeroRPSSubstituido>0</NumeroRPSSubstituido>
      <NumeroNFSeSubstituida>0</NumeroNFSeSubstituida>
      <DataEmissaoNFSeSubstituida>1900-01-01T00:00:00</DataEmissaoNFSeSubstituida>
      <SeriePrestacao>99</SeriePrestacao>
      <InscricaoMunicipalTomador />
      <CPFCNPJTomador>03943747115</CPFCNPJTomador>
      <RazaoSocialTomador>AURELIANO ALVES BARBOSA</RazaoSocialTomador>
      <TipoLogradouroTomador>Rua</TipoLogradouroTomador>
      <LogradouroTomador>R ESPIRITO SANTO,530</LogradouroTomador>
      <NumeroEnderecoTomador>0</NumeroEnderecoTomador>
      <ComplementoEnderecoTomador />
      <TipoBairroTomador>Bairro</TipoBairroTomador>
      <BairroTomador />
      <CidadeTomador>9051</CidadeTomador>
      <CidadeTomadorDescricao>CAMPO GRANDE</CidadeTomadorDescricao>
      <CEPTomador>79020080</CEPTomador>
      <EmailTomador />
      <CodigoAtividade>655020000</CodigoAtividade>
      <AliquotaAtividade>0</AliquotaAtividade>
      <TipoRecolhimento>A</TipoRecolhimento>
      <MunicipioPrestacao>9051</MunicipioPrestacao>
      <MunicipioPrestacaoDescricao>CAMPO GRANDE</MunicipioPrestacaoDescricao>
      <Operacao>B</Operacao>
      <Tributacao>F</Tributacao>
      <ValorPIS>0</ValorPIS>
      <ValorCOFINS>0</ValorCOFINS>
      <ValorINSS>0</ValorINSS>
      <ValorIR>0</ValorIR>
      <ValorCSLL>0</ValorCSLL>
      <AliquotaPIS>0</AliquotaPIS>
      <AliquotaCOFINS>0</AliquotaCOFINS>
      <AliquotaINSS>0</AliquotaINSS>
      <AliquotaIR>0</AliquotaIR>
      <AliquotaCSLL>0</AliquotaCSLL>
      <DescricaoRPS />
      <DDDPrestador>067</DDDPrestador>
      <TelefonePrestador>33892400</TelefonePrestador>
      <DDDTomador>067</DDDTomador>
      <TelefoneTomador>3828704</TelefoneTomador>
      <MotCancelamento />
      <CPFCNPJIntermediario />
      <Deducoes />
      <Itens>
        <Item>
          <DiscriminacaoServico>MENSALIDADE BASICA ATOS PRINCIPAIS</DiscriminacaoServico>
          <Quantidade>2</Quantidade>
          <ValorUnitario>129.22</ValorUnitario>
          <ValorTotal>258.44</ValorTotal>
          <Tributavel>S</Tributavel>
        </Item>
        <Item>
          <DiscriminacaoServico>MENSALIDADE BASICA ATOS AUXILIARES</DiscriminacaoServico>
          <Quantidade>2</Quantidade>
          <ValorUnitario>129.18</ValorUnitario>
          <ValorTotal>258.36</ValorTotal>
          <Tributavel>S</Tributavel>
        </Item>
      </Itens>
    </Nota>
    <Nota>
      <NumeroNota>3</NumeroNota>
      <DataProcessamento>2010-02-03T00:00:00</DataProcessamento>
      <NumeroLote>21602</NumeroLote>
      <CodigoVerificacao>038589ca</CodigoVerificacao>
      <Assinatura>3001581cf573c435ad9bfd07a1c0e54e1c7a2d64</Assinatura>
      <InscricaoMunicipalPrestador>00002738007</InscricaoMunicipalPrestador>
      <RazaoSocialPrestador>UNIMED DE CAMPO GRANDE MS COOPERATIVA DE TRABALHO MEDICO</RazaoSocialPrestador>
      <TipoRPS>RPS</TipoRPS>
      <SerieRPS>NF</SerieRPS>
      <NumeroRPS>3</NumeroRPS>
      <DataEmissaoRPS>2010-02-03T00:00:00</DataEmissaoRPS>
      <SituacaoRPS>N</SituacaoRPS>
      <SerieRPSSubstituido />
      <NumeroRPSSubstituido>0</NumeroRPSSubstituido>
      <NumeroNFSeSubstituida>0</NumeroNFSeSubstituida>
      <DataEmissaoNFSeSubstituida>1900-01-01T00:00:00</DataEmissaoNFSeSubstituida>
      <SeriePrestacao>99</SeriePrestacao>
      <InscricaoMunicipalTomador />
      <CPFCNPJTomador>59546115134</CPFCNPJTomador>
      <RazaoSocialTomador>MARIA LUCIA SCAFFA CHELOTTI</RazaoSocialTomador>
      <TipoLogradouroTomador>Rua</TipoLogradouroTomador>
      <LogradouroTomador>R AMAZONAS,2783</LogradouroTomador>
      <NumeroEnderecoTomador>0</NumeroEnderecoTomador>
      <ComplementoEnderecoTomador />
      <TipoBairroTomador>Bairro</TipoBairroTomador>
      <BairroTomador />
      <CidadeTomador>9051</CidadeTomador>
      <CidadeTomadorDescricao>CAMPO GRANDE</CidadeTomadorDescricao>
      <CEPTomador>79022130</CEPTomador>
      <EmailTomador />
      <CodigoAtividade>655020000</CodigoAtividade>
      <AliquotaAtividade>0</AliquotaAtividade>
      <TipoRecolhimento>A</TipoRecolhimento>
      <MunicipioPrestacao>9051</MunicipioPrestacao>
      <MunicipioPrestacaoDescricao>CAMPO GRANDE</MunicipioPrestacaoDescricao>
      <Operacao>B</Operacao>
      <Tributacao>F</Tributacao>
      <ValorPIS>0</ValorPIS>
      <ValorCOFINS>0</ValorCOFINS>
      <ValorINSS>0</ValorINSS>
      <ValorIR>0</ValorIR>
      <ValorCSLL>0</ValorCSLL>
      <AliquotaPIS>0</AliquotaPIS>
      <AliquotaCOFINS>0</AliquotaCOFINS>
      <AliquotaINSS>0</AliquotaINSS>
      <AliquotaIR>0</AliquotaIR>
      <AliquotaCSLL>0</AliquotaCSLL>
      <DescricaoRPS />
      <DDDPrestador>067</DDDPrestador>
      <TelefonePrestador>33892400</TelefonePrestador>
      <DDDTomador>067</DDDTomador>
      <TelefoneTomador>7262376</TelefoneTomador>
      <MotCancelamento />
      <CPFCNPJIntermediario />
      <Deducoes />
      <Itens>
        <Item>
          <DiscriminacaoServico>MENSALIDADE BASICA ATOS PRINCIPAIS</DiscriminacaoServico>
          <Quantidade>2</Quantidade>
          <ValorUnitario>97.17</ValorUnitario>
          <ValorTotal>194.34</ValorTotal>
          <Tributavel>S</Tributavel>
        </Item>
        <Item>
          <DiscriminacaoServico>MENSALIDADE BASICA ATOS AUXILIARES</DiscriminacaoServico>
          <Quantidade>2</Quantidade>
          <ValorUnitario>97.14</ValorUnitario>
          <ValorTotal>194.28</ValorTotal>
          <Tributavel>S</Tributavel>
        </Item>
      </Itens>
    </Nota>
    <Nota>
      <NumeroNota>197</NumeroNota>
      <DataProcessamento>2010-03-17T00:00:00</DataProcessamento>
      <NumeroLote>37681</NumeroLote>
      <CodigoVerificacao>80984556</CodigoVerificacao>
      <Assinatura>77074f730ec8cc7d445dfcabed2b285ad025d80d</Assinatura>
      <InscricaoMunicipalPrestador>00002738007</InscricaoMunicipalPrestador>
      <RazaoSocialPrestador>UNIMED CAMPO GRANDE MS COOPERATIVA DE TRABALHO MEDICO</RazaoSocialPrestador>
      <TipoRPS>RPS</TipoRPS>
      <SerieRPS>NF</SerieRPS>
      <NumeroRPS>197</NumeroRPS>
      <DataEmissaoRPS>2010-03-17T00:00:00</DataEmissaoRPS>
      <SituacaoRPS>N</SituacaoRPS>
      <SerieRPSSubstituido />
      <NumeroRPSSubstituido>0</NumeroRPSSubstituido>
      <NumeroNFSeSubstituida>0</NumeroNFSeSubstituida>
      <DataEmissaoNFSeSubstituida>1900-01-01T00:00:00</DataEmissaoNFSeSubstituida>
      <SeriePrestacao>99</SeriePrestacao>
      <InscricaoMunicipalTomador />
      <CPFCNPJTomador>60949830178</CPFCNPJTomador>
      <RazaoSocialTomador>JOSIANE ROCHA</RazaoSocialTomador>
      <TipoLogradouroTomador>Rua</TipoLogradouroTomador>
      <LogradouroTomador>R. PADRE JULIAO URQUIZA,72</LogradouroTomador>
      <NumeroEnderecoTomador>0</NumeroEnderecoTomador>
      <ComplementoEnderecoTomador />
      <TipoBairroTomador>Bairro</TipoBairroTomador>
      <BairroTomador />
      <CidadeTomador>9051</CidadeTomador>
      <CidadeTomadorDescricao>CAMPO GRANDE</CidadeTomadorDescricao>
      <CEPTomador>79074050</CEPTomador>
      <EmailTomador />
      <CodigoAtividade>655020000</CodigoAtividade>
      <AliquotaAtividade>0</AliquotaAtividade>
      <TipoRecolhimento>A</TipoRecolhimento>
      <MunicipioPrestacao>9051</MunicipioPrestacao>
      <MunicipioPrestacaoDescricao>CAMPO GRANDE</MunicipioPrestacaoDescricao>
      <Operacao>B</Operacao>
      <Tributacao>F</Tributacao>
      <ValorPIS>0</ValorPIS>
      <ValorCOFINS>0</ValorCOFINS>
      <ValorINSS>0</ValorINSS>
      <ValorIR>0</ValorIR>
      <ValorCSLL>0</ValorCSLL>
      <AliquotaPIS>0</AliquotaPIS>
      <AliquotaCOFINS>0</AliquotaCOFINS>
      <AliquotaINSS>0</AliquotaINSS>
      <AliquotaIR>0</AliquotaIR>
      <AliquotaCSLL>0</AliquotaCSLL>
      <DescricaoRPS />
      <DDDPrestador>067</DDDPrestador>
      <TelefonePrestador>33892400</TelefonePrestador>
      <DDDTomador>067</DDDTomador>
      <TelefoneTomador>00000000</TelefoneTomador>
      <MotCancelamento />
      <CPFCNPJIntermediario />
      <Deducoes />
      <Itens>
        <Item>
          <DiscriminacaoServico>MENSALIDADE BASICA ATOS PRINCIPAIS</DiscriminacaoServico>
          <Quantidade>1</Quantidade>
          <ValorUnitario>12600.06</ValorUnitario>
          <ValorTotal>12600.06</ValorTotal>
          <Tributavel>S</Tributavel>
        </Item>
      </Itens>
    </Nota>
    <Nota>
      <NumeroNota>198</NumeroNota>
      <DataProcessamento>2010-03-17T00:00:00</DataProcessamento>
      <NumeroLote>37681</NumeroLote>
      <CodigoVerificacao>1acd2a32</CodigoVerificacao>
      <Assinatura>c1e2511390d404f990cbad1c72833a29538c55c1</Assinatura>
      <InscricaoMunicipalPrestador>00002738007</InscricaoMunicipalPrestador>
      <RazaoSocialPrestador>UNIMED CAMPO GRANDE MS COOPERATIVA DE TRABALHO MEDICO</RazaoSocialPrestador>
      <TipoRPS>RPS</TipoRPS>
      <SerieRPS>NF</SerieRPS>
      <NumeroRPS>198</NumeroRPS>
      <DataEmissaoRPS>2010-03-17T00:00:00</DataEmissaoRPS>
      <SituacaoRPS>N</SituacaoRPS>
      <SerieRPSSubstituido />
      <NumeroRPSSubstituido>0</NumeroRPSSubstituido>
      <NumeroNFSeSubstituida>0</NumeroNFSeSubstituida>
      <DataEmissaoNFSeSubstituida>1900-01-01T00:00:00</DataEmissaoNFSeSubstituida>
      <SeriePrestacao>99</SeriePrestacao>
      <InscricaoMunicipalTomador />
      <CPFCNPJTomador>98742132134</CPFCNPJTomador>
      <RazaoSocialTomador>ROSIMARA BARROS ALVES</RazaoSocialTomador>
      <TipoLogradouroTomador>Rua</TipoLogradouroTomador>
      <LogradouroTomador>HUGO PEREIRA DO VALE,217</LogradouroTomador>
      <NumeroEnderecoTomador>0</NumeroEnderecoTomador>
      <ComplementoEnderecoTomador />
      <TipoBairroTomador>Bairro</TipoBairroTomador>
      <BairroTomador />
      <CidadeTomador>9051</CidadeTomador>
      <CidadeTomadorDescricao>CAMPO GRANDE</CidadeTomadorDescricao>
      <CEPTomador>79033210</CEPTomador>
      <EmailTomador />
      <CodigoAtividade>655020000</CodigoAtividade>
      <AliquotaAtividade>0</AliquotaAtividade>
      <TipoRecolhimento>A</TipoRecolhimento>
      <MunicipioPrestacao>9051</MunicipioPrestacao>
      <MunicipioPrestacaoDescricao>CAMPO GRANDE</MunicipioPrestacaoDescricao>
      <Operacao>B</Operacao>
      <Tributacao>F</Tributacao>
      <ValorPIS>0</ValorPIS>
      <ValorCOFINS>0</ValorCOFINS>
      <ValorINSS>0</ValorINSS>
      <ValorIR>0</ValorIR>
      <ValorCSLL>0</ValorCSLL>
      <AliquotaPIS>0</AliquotaPIS>
      <AliquotaCOFINS>0</AliquotaCOFINS>
      <AliquotaINSS>0</AliquotaINSS>
      <AliquotaIR>0</AliquotaIR>
      <AliquotaCSLL>0</AliquotaCSLL>
      <DescricaoRPS />
      <DDDPrestador>067</DDDPrestador>
      <TelefonePrestador>33892400</TelefonePrestador>
      <DDDTomador>067</DDDTomador>
      <TelefoneTomador>00000000</TelefoneTomador>
      <MotCancelamento />
      <CPFCNPJIntermediario />
      <Deducoes />
      <Itens>
        <Item>
          <DiscriminacaoServico>MENSALIDADE BASICA ATOS AUXILIARES</DiscriminacaoServico>
          <Quantidade>1</Quantidade>
          <ValorUnitario>12600.06</ValorUnitario>
          <ValorTotal>12600.06</ValorTotal>
          <Tributavel>S</Tributavel>
        </Item>
      </Itens>
    </Nota>
    <Nota>
      <NumeroNota>199</NumeroNota>
      <DataProcessamento>2010-03-17T00:00:00</DataProcessamento>
      <NumeroLote>37682</NumeroLote>
      <CodigoVerificacao>986c3b98</CodigoVerificacao>
      <Assinatura>b71e92c82745e73cf21d0fafa424834a0312e0af</Assinatura>
      <InscricaoMunicipalPrestador>00002738007</InscricaoMunicipalPrestador>
      <RazaoSocialPrestador>UNIMED CAMPO GRANDE MS COOPERATIVA DE TRABALHO MEDICO</RazaoSocialPrestador>
      <TipoRPS>RPS</TipoRPS>
      <SerieRPS>NF</SerieRPS>
      <NumeroRPS>199</NumeroRPS>
      <DataEmissaoRPS>2010-03-17T00:00:00</DataEmissaoRPS>
      <SituacaoRPS>N</SituacaoRPS>
      <SerieRPSSubstituido />
      <NumeroRPSSubstituido>0</NumeroRPSSubstituido>
      <NumeroNFSeSubstituida>0</NumeroNFSeSubstituida>
      <DataEmissaoNFSeSubstituida>1900-01-01T00:00:00</DataEmissaoNFSeSubstituida>
      <SeriePrestacao>99</SeriePrestacao>
      <InscricaoMunicipalTomador />
      <CPFCNPJTomador>81601450125</CPFCNPJTomador>
      <RazaoSocialTomador>ANDRE LUIZ CARVALHO DOS ANJOS</RazaoSocialTomador>
      <TipoLogradouroTomador>Rua</TipoLogradouroTomador>
      <LogradouroTomador>AURIVERDE,55</LogradouroTomador>
      <NumeroEnderecoTomador>0</NumeroEnderecoTomador>
      <ComplementoEnderecoTomador />
      <TipoBairroTomador>Bairro</TipoBairroTomador>
      <BairroTomador />
      <CidadeTomador>9051</CidadeTomador>
      <CidadeTomadorDescricao>CAMPO GRANDE</CidadeTomadorDescricao>
      <CEPTomador>79042830</CEPTomador>
      <EmailTomador />
      <CodigoAtividade>655020000</CodigoAtividade>
      <AliquotaAtividade>0</AliquotaAtividade>
      <TipoRecolhimento>A</TipoRecolhimento>
      <MunicipioPrestacao>9051</MunicipioPrestacao>
      <MunicipioPrestacaoDescricao>CAMPO GRANDE</MunicipioPrestacaoDescricao>
      <Operacao>B</Operacao>
      <Tributacao>F</Tributacao>
      <ValorPIS>0</ValorPIS>
      <ValorCOFINS>0</ValorCOFINS>
      <ValorINSS>0</ValorINSS>
      <ValorIR>0</ValorIR>
      <ValorCSLL>0</ValorCSLL>
      <AliquotaPIS>0</AliquotaPIS>
      <AliquotaCOFINS>0</AliquotaCOFINS>
      <AliquotaINSS>0</AliquotaINSS>
      <AliquotaIR>0</AliquotaIR>
      <AliquotaCSLL>0</AliquotaCSLL>
      <DescricaoRPS />
      <DDDPrestador>067</DDDPrestador>
      <TelefonePrestador>33892400</TelefonePrestador>
      <DDDTomador>067</DDDTomador>
      <TelefoneTomador>00000000</TelefoneTomador>
      <MotCancelamento />
      <CPFCNPJIntermediario />
      <Deducoes />
      <Itens>
        <Item>
          <DiscriminacaoServico>MENSALIDADE BASICA ATOS PRINCIPAIS</DiscriminacaoServico>
          <Quantidade>1</Quantidade>
          <ValorUnitario>12600.06</ValorUnitario>
          <ValorTotal>12600.06</ValorTotal>
          <Tributavel>S</Tributavel>
        </Item>
      </Itens>
    </Nota>
  </NotasConsultadas>
  <Alertas />
  <Erros />
</ns1:RetornoConsultaNFSeRPS>

