<?xml version="1.0" encoding="UTF-8"?>
<ns1:ReqEnvioLoteRPS xmlns:ns1="http://localhost:8080/WsNFe2/lote"
	xmlns:tipos="http://localhost:8080/WsNFe2/tp" xmlns:xsi="http://www.w3.org/2001/XMLSchema-instance"
	xsi:schemaLocation="http://localhost:8080/WsNFe2/lote http://localhost:8080/WsNFe2/xsd/ReqEnvioLoteRPS.xsd">
	<Cabecalho>
		<CodCidade>5403</CodCidade>
		<CPFCNPJRemetente>00604122000197</CPFCNPJRemetente>
		<RazaoSocialRemetente>TRIVALE ADMINISTRACAO LTDA</RazaoSocialRemetente>
		<transacao></transacao>
		<dtInicio>2010-02-26</dtInicio>
		<dtFim>2010-02-26</dtFim>
		<QtdRPS>35</QtdRPS>
		<ValorTotalServicos>176063.07</ValorTotalServicos>
		<ValorTotalDeducoes>0.00</ValorTotalDeducoes>
		<Versao>1</Versao>
		<MetodoEnvio>WS</MetodoEnvio>
	</Cabecalho>
	<Lote Id="lote:1ABCDZ">
		<RPS Id="rps:1">
			<Assinatura>d302464d97624d27eb1c91a0de85dd13e8c1a58c</Assinatura>
			<InscricaoMunicipalPrestador>10517900</InscricaoMunicipalPrestador>
			<RazaoSocialPrestador>TRIVALE ADMINISTRACAO LTDA</RazaoSocialPrestador>
			<TipoRPS>RPS</TipoRPS>
			<SerieRPS>NF</SerieRPS>
			<NumeroRPS>1</NumeroRPS>
			<DataEmissaoRPS>2010-02-26T09:40:13</DataEmissaoRPS>
			<SituacaoRPS>N</SituacaoRPS>
			<SerieRPSSubstituido></SerieRPSSubstituido>
			<NumeroRPSSubstituido>0</NumeroRPSSubstituido>
			<NumeroNFSeSubstituida>0</NumeroNFSeSubstituida>
			<DataEmissaoNFSeSubstituida>1900-01-01</DataEmissaoNFSeSubstituida>
			<SeriePrestacao>99</SeriePrestacao>
			<InscricaoMunicipalTomador>0000000</InscricaoMunicipalTomador>
			<CPFCNPJTomador>62835632000203</CPFCNPJTomador>
			<RazaoSocialTomador>JOSE GERALDO VALENTIM</RazaoSocialTomador>
			<TipoLogradouroTomador>RUA</TipoLogradouroTomador>
			<LogradouroTomador>DANTE LAZZARI</LogradouroTomador>
			<NumeroEnderecoTomador>295</NumeroEnderecoTomador>
			<ComplementoEnderecoTomador></ComplementoEnderecoTomador>
			<TipoBairroTomador>BAIRRO</TipoBairroTomador>
			<BairroTomador>JD NOVA JAU</BairroTomador>
			<CidadeTomador>0006607</CidadeTomador>
			<CidadeTomadorDescricao>JAU</CidadeTomadorDescricao>
			<CEPTomador>17213450</CEPTomador>
			<EmailTomador>nilson.resende@valecard.com.br</EmailTomador>
			<CodigoAtividade>731900400</CodigoAtividade>
			<AliquotaAtividade>2.00</AliquotaAtividade>
			<TipoRecolhimento>A</TipoRecolhimento>
			<MunicipioPrestacao>0005403</MunicipioPrestacao>
			<MunicipioPrestacaoDescricao>UBERLANDIA</MunicipioPrestacaoDescricao>
			<Operacao>A</Operacao>
			<Tributacao>T</Tributacao>
			<ValorPIS>0.00</ValorPIS>
			<ValorCOFINS>0.00</ValorCOFINS>
			<ValorINSS>0.00</ValorINSS>
			<ValorIR>12.21</ValorIR>
			<ValorCSLL>0.00</ValorCSLL>
			<AliquotaPIS>0.0000</AliquotaPIS>
			<AliquotaCOFINS>0.0000</AliquotaCOFINS>
			<AliquotaINSS>0.0000</AliquotaINSS>
			<AliquotaIR>1.5000</AliquotaIR>
			<AliquotaCSLL>0.0000</AliquotaCSLL>
			<DescricaoRPS></DescricaoRPS>
			<DDDPrestador>34</DDDPrestador>
			<TelefonePrestador>32390500</TelefonePrestador>
			<DDDTomador>00</DDDTomador>
			<TelefoneTomador>00000000</TelefoneTomador>
			<MotCancelamento></MotCancelamento>
			<CPFCNPJIntermediario></CPFCNPJIntermediario>
			<Deducoes />
			<Itens>
				<Item>
					<DiscriminacaoServico>PRESTACAO SERV. GESTAO
						ESTABELECIMENTOS</DiscriminacaoServico>
					<Quantidade>1</Quantidade>
					<ValorUnitario>814.3400</ValorUnitario>
					<ValorTotal>814.34</ValorTotal>
					<Tributavel>S</Tributavel> 
				</Item>
			</Itens>
		</RPS>
		<RPS Id="rps:2">
			<Assinatura>e4b9cd1f9af3a02f5d260fd73b9d88ccc2a79c07</Assinatura>
			<InscricaoMunicipalPrestador>10517900</InscricaoMunicipalPrestador>
			<RazaoSocialPrestador>TRIVALE ADMINISTRACAO LTDA</RazaoSocialPrestador>
			<TipoRPS>RPS</TipoRPS>
			<SerieRPS>NF</SerieRPS>
			<NumeroRPS>2</NumeroRPS>
			<DataEmissaoRPS>2010-02-26T09:40:13</DataEmissaoRPS>
			<SituacaoRPS>N</SituacaoRPS>
			<SerieRPSSubstituido></SerieRPSSubstituido>
			<NumeroRPSSubstituido>0</NumeroRPSSubstituido>
			<NumeroNFSeSubstituida>0</NumeroNFSeSubstituida>
			<DataEmissaoNFSeSubstituida>1900-01-01</DataEmissaoNFSeSubstituida>
			<SeriePrestacao>99</SeriePrestacao>
			<InscricaoMunicipalTomador>0000000</InscricaoMunicipalTomador>
			<CPFCNPJTomador>50745611000137</CPFCNPJTomador>
			<RazaoSocialTomador>LINDO ANDREOTTI E CIA LTDA</RazaoSocialTomador>
			<TipoLogradouroTomador>AVENIDA</TipoLogradouroTomador>
			<LogradouroTomador>DO CAFE</LogradouroTomador>
			<NumeroEnderecoTomador>250</NumeroEnderecoTomador>
			<ComplementoEnderecoTomador></ComplementoEnderecoTomador>
			<TipoBairroTomador>BAIRRO</TipoBairroTomador>
			<BairroTomador>VL IVAN</BairroTomador>
			<CidadeTomador>0006607</CidadeTomador>
			<CidadeTomadorDescricao>JAU</CidadeTomadorDescricao>
			<CEPTomador>17208010</CEPTomador>
			<EmailTomador>nilson.resende@valecard.com.br</EmailTomador>
			<CodigoAtividade>731900400</CodigoAtividade>
			<AliquotaAtividade>2.00</AliquotaAtividade>
			<TipoRecolhimento>A</TipoRecolhimento>
			<MunicipioPrestacao>0005403</MunicipioPrestacao>
			<MunicipioPrestacaoDescricao>UBERLANDIA</MunicipioPrestacaoDescricao>
			<Operacao>A</Operacao>
			<Tributacao>T</Tributacao>
			<ValorPIS>0.00</ValorPIS>
			<ValorCOFINS>0.00</ValorCOFINS>
			<ValorINSS>0.00</ValorINSS>
			<ValorIR>33.77</ValorIR>
			<ValorCSLL>0.00</ValorCSLL>
			<AliquotaPIS>0.0000</AliquotaPIS>
			<AliquotaCOFINS>0.0000</AliquotaCOFINS>
			<AliquotaINSS>0.0000</AliquotaINSS>
			<AliquotaIR>1.5000</AliquotaIR>
			<AliquotaCSLL>0.0000</AliquotaCSLL>
			<DescricaoRPS></DescricaoRPS>
			<DDDPrestador>34</DDDPrestador>
			<TelefonePrestador>32390500</TelefonePrestador>
			<DDDTomador>00</DDDTomador>
			<TelefoneTomador>00000000</TelefoneTomador>
			<MotCancelamento></MotCancelamento>
			<CPFCNPJIntermediario></CPFCNPJIntermediario>
			<Deducoes />
			<Itens>
				<Item>
					<DiscriminacaoServico>PRESTACAO SERV. GESTAO
						ESTABELECIMENTOS</DiscriminacaoServico>
					<Quantidade>1</Quantidade>
					<ValorUnitario>2251.3500</ValorUnitario>
					<ValorTotal>2251.35</ValorTotal>
					<Tributavel>S</Tributavel> 
				</Item>
			</Itens>
		</RPS>
		<RPS Id="rps:3">
			<Assinatura>0f8382a4e7b3a83e5a77d59ed00bb5eb505a8c41</Assinatura>
			<InscricaoMunicipalPrestador>10517900</InscricaoMunicipalPrestador>
			<RazaoSocialPrestador>TRIVALE ADMINISTRACAO LTDA</RazaoSocialPrestador>
			<TipoRPS>RPS</TipoRPS>
			<SerieRPS>NF</SerieRPS>
			<NumeroRPS>3</NumeroRPS>
			<DataEmissaoRPS>2010-02-26T09:40:13</DataEmissaoRPS>
			<SituacaoRPS>N</SituacaoRPS>
			<SerieRPSSubstituido></SerieRPSSubstituido>
			<NumeroRPSSubstituido>0</NumeroRPSSubstituido>
			<NumeroNFSeSubstituida>0</NumeroNFSeSubstituida>
			<DataEmissaoNFSeSubstituida>1900-01-01</DataEmissaoNFSeSubstituida>
			<SeriePrestacao>99</SeriePrestacao>
			<InscricaoMunicipalTomador>0000000</InscricaoMunicipalTomador>
			<CPFCNPJTomador>50751908000458</CPFCNPJTomador>
			<RazaoSocialTomador>SUPERMERCADOS FURLANETTI LTDA</RazaoSocialTomador>
			<TipoLogradouroTomador>AVENIDA</TipoLogradouroTomador>
			<LogradouroTomador>FREDERICO OZANAN</LogradouroTomador>
			<NumeroEnderecoTomador>500</NumeroEnderecoTomador>
			<ComplementoEnderecoTomador></ComplementoEnderecoTomador>
			<TipoBairroTomador>BAIRRO</TipoBairroTomador>
			<BairroTomador>CENTRO</BairroTomador>
			<CidadeTomador>0006607</CidadeTomador>
			<CidadeTomadorDescricao>JAU</CidadeTomadorDescricao>
			<CEPTomador>17205000</CEPTomador>
			<EmailTomador>nilson.resende@valecard.com.br</EmailTomador>
			<CodigoAtividade>731900400</CodigoAtividade>
			<AliquotaAtividade>2.00</AliquotaAtividade>
			<TipoRecolhimento>A</TipoRecolhimento>
			<MunicipioPrestacao>0005403</MunicipioPrestacao>
			<MunicipioPrestacaoDescricao>UBERLANDIA</MunicipioPrestacaoDescricao>
			<Operacao>A</Operacao>
			<Tributacao>T</Tributacao>
			<ValorPIS>0.00</ValorPIS>
			<ValorCOFINS>0.00</ValorCOFINS>
			<ValorINSS>0.00</ValorINSS>
			<ValorIR>12.79</ValorIR>
			<ValorCSLL>0.00</ValorCSLL>
			<AliquotaPIS>0.0000</AliquotaPIS>
			<AliquotaCOFINS>0.0000</AliquotaCOFINS>
			<AliquotaINSS>0.0000</AliquotaINSS>
			<AliquotaIR>1.5000</AliquotaIR>
			<AliquotaCSLL>0.0000</AliquotaCSLL>
			<DescricaoRPS></DescricaoRPS>
			<DDDPrestador>34</DDDPrestador>
			<TelefonePrestador>32390500</TelefonePrestador>
			<DDDTomador>00</DDDTomador>
			<TelefoneTomador>00000000</TelefoneTomador>
			<MotCancelamento></MotCancelamento>
			<CPFCNPJIntermediario></CPFCNPJIntermediario>
			<Deducoes />
			<Itens>
				<Item>
					<DiscriminacaoServico>PRESTACAO SERV. GESTAO
						ESTABELECIMENTOS</DiscriminacaoServico>
					<Quantidade>1</Quantidade>
					<ValorUnitario>852.6400</ValorUnitario>
					<ValorTotal>852.64</ValorTotal>
					<Tributavel>S</Tributavel> 
				</Item>
			</Itens>
		</RPS>
		<RPS Id="rps:4">
			<Assinatura>53e6f47da009f6b9ebadb0b8050051fde8855e20</Assinatura>
			<InscricaoMunicipalPrestador>10517900</InscricaoMunicipalPrestador>
			<RazaoSocialPrestador>TRIVALE ADMINISTRACAO LTDA</RazaoSocialPrestador>
			<TipoRPS>RPS</TipoRPS>
			<SerieRPS>NF</SerieRPS>
			<NumeroRPS>4</NumeroRPS>
			<DataEmissaoRPS>2010-02-26T09:40:13</DataEmissaoRPS>
			<SituacaoRPS>N</SituacaoRPS>
			<SerieRPSSubstituido></SerieRPSSubstituido>
			<NumeroRPSSubstituido>0</NumeroRPSSubstituido>
			<NumeroNFSeSubstituida>0</NumeroNFSeSubstituida>
			<DataEmissaoNFSeSubstituida>1900-01-01</DataEmissaoNFSeSubstituida>
			<SeriePrestacao>99</SeriePrestacao>
			<InscricaoMunicipalTomador>0000000</InscricaoMunicipalTomador>
			<CPFCNPJTomador>06369759000122</CPFCNPJTomador>
			<RazaoSocialTomador>SUPERMERCADO CUCA DE PERUIBE LTDA</RazaoSocialTomador>
			<TipoLogradouroTomador>AVJOAO</TipoLogradouroTomador>
			<LogradouroTomador>ABEL</LogradouroTomador>
			<NumeroEnderecoTomador>1185</NumeroEnderecoTomador>
			<ComplementoEnderecoTomador></ComplementoEnderecoTomador>
			<TipoBairroTomador>BAIRRO</TipoBairroTomador>
			<BairroTomador>DOS PRADOS</BairroTomador>
			<CidadeTomador>0006853</CidadeTomador>
			<CidadeTomadorDescricao>PERUIBE</CidadeTomadorDescricao>
			<CEPTomador>11750000</CEPTomador>
			<EmailTomador>nilson.resende@valecard.com.br</EmailTomador>
			<CodigoAtividade>731900400</CodigoAtividade>
			<AliquotaAtividade>2.00</AliquotaAtividade>
			<TipoRecolhimento>A</TipoRecolhimento>
			<MunicipioPrestacao>0005403</MunicipioPrestacao>
			<MunicipioPrestacaoDescricao>UBERLANDIA</MunicipioPrestacaoDescricao>
			<Operacao>A</Operacao>
			<Tributacao>T</Tributacao>
			<ValorPIS>0.00</ValorPIS>
			<ValorCOFINS>0.00</ValorCOFINS>
			<ValorINSS>0.00</ValorINSS>
			<ValorIR>0.00</ValorIR>
			<ValorCSLL>0.00</ValorCSLL>
			<AliquotaPIS>0.0000</AliquotaPIS>
			<AliquotaCOFINS>0.0000</AliquotaCOFINS>
			<AliquotaINSS>0.0000</AliquotaINSS>
			<AliquotaIR>0.0000</AliquotaIR>
			<AliquotaCSLL>0.0000</AliquotaCSLL>
			<DescricaoRPS></DescricaoRPS>
			<DDDPrestador>34</DDDPrestador>
			<TelefonePrestador>32390500</TelefonePrestador>
			<DDDTomador>00</DDDTomador>
			<TelefoneTomador>00000000</TelefoneTomador>
			<MotCancelamento></MotCancelamento>
			<CPFCNPJIntermediario></CPFCNPJIntermediario>
			<Deducoes />
			<Itens>
				<Item>
					<DiscriminacaoServico>PRESTACAO SERV. GESTAO
						ESTABELECIMENTOS</DiscriminacaoServico>
					<Quantidade>1</Quantidade>
					<ValorUnitario>22.2300</ValorUnitario>
					<ValorTotal>22.23</ValorTotal>
					<Tributavel>S</Tributavel> 
				</Item>
			</Itens>
		</RPS>
		<RPS Id="rps:5">
			<Assinatura>24a01960c47e66db8740beab6bf735c3aa2608fd</Assinatura>
			<InscricaoMunicipalPrestador>10517900</InscricaoMunicipalPrestador>
			<RazaoSocialPrestador>TRIVALE ADMINISTRACAO LTDA</RazaoSocialPrestador>
			<TipoRPS>RPS</TipoRPS>
			<SerieRPS>NF</SerieRPS>
			<NumeroRPS>5</NumeroRPS>
			<DataEmissaoRPS>2010-02-26T09:40:13</DataEmissaoRPS>
			<SituacaoRPS>N</SituacaoRPS>
			<SerieRPSSubstituido></SerieRPSSubstituido>
			<NumeroRPSSubstituido>0</NumeroRPSSubstituido>
			<NumeroNFSeSubstituida>0</NumeroNFSeSubstituida>
			<DataEmissaoNFSeSubstituida>1900-01-01</DataEmissaoNFSeSubstituida>
			<SeriePrestacao>99</SeriePrestacao>
			<InscricaoMunicipalTomador>0000000</InscricaoMunicipalTomador>
			<CPFCNPJTomador>46473120000107</CPFCNPJTomador>
			<RazaoSocialTomador>L F GODOI CIA LTDA</RazaoSocialTomador>
			<TipoLogradouroTomador>AVCAPITAO</TipoLogradouroTomador>
			<LogradouroTomador>JOSE ANTONIO DE OLIVEIRA</LogradouroTomador>
			<NumeroEnderecoTomador>202</NumeroEnderecoTomador>
			<ComplementoEnderecoTomador></ComplementoEnderecoTomador>
			<TipoBairroTomador>BAIRRO</TipoBairroTomador>
			<BairroTomador>CENTRO</BairroTomador>
			<CidadeTomador>0006101</CidadeTomador>
			<CidadeTomadorDescricao>ADAMANTINA</CidadeTomadorDescricao>
			<CEPTomador>17800000</CEPTomador>
			<EmailTomador>nilson.resende@valecard.com.br</EmailTomador>
			<CodigoAtividade>731900400</CodigoAtividade>
			<AliquotaAtividade>2.00</AliquotaAtividade>
			<TipoRecolhimento>A</TipoRecolhimento>
			<MunicipioPrestacao>0005403</MunicipioPrestacao>
			<MunicipioPrestacaoDescricao>UBERLANDIA</MunicipioPrestacaoDescricao>
			<Operacao>A</Operacao>
			<Tributacao>T</Tributacao>
			<ValorPIS>0.00</ValorPIS>
			<ValorCOFINS>0.00</ValorCOFINS>
			<ValorINSS>0.00</ValorINSS>
			<ValorIR>21.69</ValorIR>
			<ValorCSLL>0.00</ValorCSLL>
			<AliquotaPIS>0.0000</AliquotaPIS>
			<AliquotaCOFINS>0.0000</AliquotaCOFINS>
			<AliquotaINSS>0.0000</AliquotaINSS>
			<AliquotaIR>1.5000</AliquotaIR>
			<AliquotaCSLL>0.0000</AliquotaCSLL>
			<DescricaoRPS></DescricaoRPS>
			<DDDPrestador>34</DDDPrestador>
			<TelefonePrestador>32390500</TelefonePrestador>
			<DDDTomador>00</DDDTomador>
			<TelefoneTomador>00000000</TelefoneTomador>
			<MotCancelamento></MotCancelamento>
			<CPFCNPJIntermediario></CPFCNPJIntermediario>
			<Deducoes />
			<Itens>
				<Item>
					<DiscriminacaoServico>PRESTACAO SERV. GESTAO
						ESTABELECIMENTOS</DiscriminacaoServico>
					<Quantidade>1</Quantidade>
					<ValorUnitario>1446.1400</ValorUnitario>
					<ValorTotal>1446.14</ValorTotal>
					<Tributavel>S</Tributavel> 
				</Item>
			</Itens>
		</RPS>
		<RPS Id="rps:6">
			<Assinatura>1eed58aad95cfbf8832b49a4b11f6d77882a84b4</Assinatura>
			<InscricaoMunicipalPrestador>10517900</InscricaoMunicipalPrestador>
			<RazaoSocialPrestador>TRIVALE ADMINISTRACAO LTDA</RazaoSocialPrestador>
			<TipoRPS>RPS</TipoRPS>
			<SerieRPS>NF</SerieRPS>
			<NumeroRPS>6</NumeroRPS>
			<DataEmissaoRPS>2010-02-26T09:40:13</DataEmissaoRPS>
			<SituacaoRPS>N</SituacaoRPS>
			<SerieRPSSubstituido></SerieRPSSubstituido>
			<NumeroRPSSubstituido>0</NumeroRPSSubstituido>
			<NumeroNFSeSubstituida>0</NumeroNFSeSubstituida>
			<DataEmissaoNFSeSubstituida>1900-01-01</DataEmissaoNFSeSubstituida>
			<SeriePrestacao>99</SeriePrestacao>
			<InscricaoMunicipalTomador>0000000</InscricaoMunicipalTomador>
			<CPFCNPJTomador>55204762000100</CPFCNPJTomador>
			<RazaoSocialTomador>SUPERMERCADO REDI LTDA</RazaoSocialTomador>
			<TipoLogradouroTomador>AVENIDA</TipoLogradouroTomador>
			<LogradouroTomador>DO CAFE</LogradouroTomador>
			<NumeroEnderecoTomador>327</NumeroEnderecoTomador>
			<ComplementoEnderecoTomador></ComplementoEnderecoTomador>
			<TipoBairroTomador>BAIRRO</TipoBairroTomador>
			<BairroTomador>CENTRO</BairroTomador>
			<CidadeTomador>0006607</CidadeTomador>
			<CidadeTomadorDescricao>JAU</CidadeTomadorDescricao>
			<CEPTomador>17208010</CEPTomador>
			<EmailTomador>nilson.resende@valecard.com.br</EmailTomador>
			<CodigoAtividade>731900400</CodigoAtividade>
			<AliquotaAtividade>2.00</AliquotaAtividade>
			<TipoRecolhimento>A</TipoRecolhimento>
			<MunicipioPrestacao>0005403</MunicipioPrestacao>
			<MunicipioPrestacaoDescricao>UBERLANDIA</MunicipioPrestacaoDescricao>
			<Operacao>A</Operacao>
			<Tributacao>T</Tributacao>
			<ValorPIS>0.00</ValorPIS>
			<ValorCOFINS>0.00</ValorCOFINS>
			<ValorINSS>0.00</ValorINSS>
			<ValorIR>19.14</ValorIR>
			<ValorCSLL>0.00</ValorCSLL>
			<AliquotaPIS>0.0000</AliquotaPIS>
			<AliquotaCOFINS>0.0000</AliquotaCOFINS>
			<AliquotaINSS>0.0000</AliquotaINSS>
			<AliquotaIR>1.5000</AliquotaIR>
			<AliquotaCSLL>0.0000</AliquotaCSLL>
			<DescricaoRPS></DescricaoRPS>
			<DDDPrestador>34</DDDPrestador>
			<TelefonePrestador>32390500</TelefonePrestador>
			<DDDTomador>00</DDDTomador>
			<TelefoneTomador>00000000</TelefoneTomador>
			<MotCancelamento></MotCancelamento>
			<CPFCNPJIntermediario></CPFCNPJIntermediario>
			<Deducoes />
			<Itens>
				<Item>
					<DiscriminacaoServico>PRESTACAO SERV. GESTAO
						ESTABELECIMENTOS</DiscriminacaoServico>
					<Quantidade>1</Quantidade>
					<ValorUnitario>1276.1300</ValorUnitario>
					<ValorTotal>1276.13</ValorTotal>
					<Tributavel>S</Tributavel> 
				</Item>
			</Itens>
		</RPS>
		<RPS Id="rps:7">
			<Assinatura>f9216fff5183b5addce0b18805bd9363fedc9103</Assinatura>
			<InscricaoMunicipalPrestador>10517900</InscricaoMunicipalPrestador>
			<RazaoSocialPrestador>TRIVALE ADMINISTRACAO LTDA</RazaoSocialPrestador>
			<TipoRPS>RPS</TipoRPS>
			<SerieRPS>NF</SerieRPS>
			<NumeroRPS>7</NumeroRPS>
			<DataEmissaoRPS>2010-02-26T09:40:13</DataEmissaoRPS>
			<SituacaoRPS>N</SituacaoRPS>
			<SerieRPSSubstituido></SerieRPSSubstituido>
			<NumeroRPSSubstituido>0</NumeroRPSSubstituido>
			<NumeroNFSeSubstituida>0</NumeroNFSeSubstituida>
			<DataEmissaoNFSeSubstituida>1900-01-01</DataEmissaoNFSeSubstituida>
			<SeriePrestacao>99</SeriePrestacao>
			<InscricaoMunicipalTomador>0000000</InscricaoMunicipalTomador>
			<CPFCNPJTomador>71880934000103</CPFCNPJTomador>
			<RazaoSocialTomador>SUPERMERCADO RAVAZI LTDA</RazaoSocialTomador>
			<TipoLogradouroTomador>R</TipoLogradouroTomador>
			<LogradouroTomador>AUDADE</LogradouroTomador>
			<NumeroEnderecoTomador>1330</NumeroEnderecoTomador>
			<ComplementoEnderecoTomador></ComplementoEnderecoTomador>
			<TipoBairroTomador>BAIRRO</TipoBairroTomador>
			<BairroTomador>VILA ENDO</BairroTomador>
			<CidadeTomador>0006101</CidadeTomador>
			<CidadeTomadorDescricao>ADAMANTINA</CidadeTomadorDescricao>
			<CEPTomador>17800000</CEPTomador>
			<EmailTomador>nilson.resende@valecard.com.br</EmailTomador>
			<CodigoAtividade>731900400</CodigoAtividade>
			<AliquotaAtividade>2.00</AliquotaAtividade>
			<TipoRecolhimento>A</TipoRecolhimento>
			<MunicipioPrestacao>0005403</MunicipioPrestacao>
			<MunicipioPrestacaoDescricao>UBERLANDIA</MunicipioPrestacaoDescricao>
			<Operacao>A</Operacao>
			<Tributacao>T</Tributacao>
			<ValorPIS>0.00</ValorPIS>
			<ValorCOFINS>0.00</ValorCOFINS>
			<ValorINSS>0.00</ValorINSS>
			<ValorIR>24.18</ValorIR>
			<ValorCSLL>0.00</ValorCSLL>
			<AliquotaPIS>0.0000</AliquotaPIS>
			<AliquotaCOFINS>0.0000</AliquotaCOFINS>
			<AliquotaINSS>0.0000</AliquotaINSS>
			<AliquotaIR>1.5000</AliquotaIR>
			<AliquotaCSLL>0.0000</AliquotaCSLL>
			<DescricaoRPS></DescricaoRPS>
			<DDDPrestador>34</DDDPrestador>
			<TelefonePrestador>32390500</TelefonePrestador>
			<DDDTomador>00</DDDTomador>
			<TelefoneTomador>00000000</TelefoneTomador>
			<MotCancelamento></MotCancelamento>
			<CPFCNPJIntermediario></CPFCNPJIntermediario>
			<Deducoes />
			<Itens>
				<Item>
					<DiscriminacaoServico>PRESTACAO SERV. GESTAO
						ESTABELECIMENTOS</DiscriminacaoServico>
					<Quantidade>1</Quantidade>
					<ValorUnitario>1612.4100</ValorUnitario>
					<ValorTotal>1612.41</ValorTotal>
					<Tributavel>S</Tributavel> 
				</Item>
			</Itens>
		</RPS>
		<RPS Id="rps:8">
			<Assinatura>d3ae9a49e2b955421823c68ae4707fadfe7f5e90</Assinatura>
			<InscricaoMunicipalPrestador>10517900</InscricaoMunicipalPrestador>
			<RazaoSocialPrestador>TRIVALE ADMINISTRACAO LTDA</RazaoSocialPrestador>
			<TipoRPS>RPS</TipoRPS>
			<SerieRPS>NF</SerieRPS>
			<NumeroRPS>8</NumeroRPS>
			<DataEmissaoRPS>2010-02-26T09:40:13</DataEmissaoRPS>
			<SituacaoRPS>N</SituacaoRPS>
			<SerieRPSSubstituido></SerieRPSSubstituido>
			<NumeroRPSSubstituido>0</NumeroRPSSubstituido>
			<NumeroNFSeSubstituida>0</NumeroNFSeSubstituida>
			<DataEmissaoNFSeSubstituida>1900-01-01</DataEmissaoNFSeSubstituida>
			<SeriePrestacao>99</SeriePrestacao>
			<InscricaoMunicipalTomador>0000000</InscricaoMunicipalTomador>
			<CPFCNPJTomador>62967294000182</CPFCNPJTomador>
			<RazaoSocialTomador>SUPERMECADO NOVO CUCA DE PRAIA GRANDE
				LTDA</RazaoSocialTomador>
			<TipoLogradouroTomador>AVENIDA</TipoLogradouroTomador>
			<LogradouroTomador>DOUTOR VICENTE DE CARVALHO</LogradouroTomador>
			<NumeroEnderecoTomador>445</NumeroEnderecoTomador>
			<ComplementoEnderecoTomador></ComplementoEnderecoTomador>
			<TipoBairroTomador>BAIRRO</TipoBairroTomador>
			<BairroTomador>CIDADE OCIAN</BairroTomador>
			<CidadeTomador>0006921</CidadeTomador>
			<CidadeTomadorDescricao>PRAIA GRANDE</CidadeTomadorDescricao>
			<CEPTomador>11704300</CEPTomador>
			<EmailTomador>nilson.resende@valecard.com.br</EmailTomador>
			<CodigoAtividade>731900400</CodigoAtividade>
			<AliquotaAtividade>2.00</AliquotaAtividade>
			<TipoRecolhimento>A</TipoRecolhimento>
			<MunicipioPrestacao>0005403</MunicipioPrestacao>
			<MunicipioPrestacaoDescricao>UBERLANDIA</MunicipioPrestacaoDescricao>
			<Operacao>A</Operacao>
			<Tributacao>T</Tributacao>
			<ValorPIS>0.00</ValorPIS>
			<ValorCOFINS>0.00</ValorCOFINS>
			<ValorINSS>0.00</ValorINSS>
			<ValorIR>0.00</ValorIR>
			<ValorCSLL>0.00</ValorCSLL>
			<AliquotaPIS>0.0000</AliquotaPIS>
			<AliquotaCOFINS>0.0000</AliquotaCOFINS>
			<AliquotaINSS>0.0000</AliquotaINSS>
			<AliquotaIR>0.0000</AliquotaIR>
			<AliquotaCSLL>0.0000</AliquotaCSLL>
			<DescricaoRPS></DescricaoRPS>
			<DDDPrestador>34</DDDPrestador>
			<TelefonePrestador>32390500</TelefonePrestador>
			<DDDTomador>00</DDDTomador>
			<TelefoneTomador>00000000</TelefoneTomador>
			<MotCancelamento></MotCancelamento>
			<CPFCNPJIntermediario></CPFCNPJIntermediario>
			<Deducoes />
			<Itens>
				<Item>
					<DiscriminacaoServico>PRESTACAO SERV. GESTAO
						ESTABELECIMENTOS</DiscriminacaoServico>
					<Quantidade>1</Quantidade>
					<ValorUnitario>1.3300</ValorUnitario>
					<ValorTotal>1.33</ValorTotal>
					<Tributavel>S</Tributavel> 
				</Item>
			</Itens>
		</RPS>
		<RPS Id="rps:9">
			<Assinatura>67c316c1ba669cabf6b0c8ad0a1c8f8e9503524a</Assinatura>
			<InscricaoMunicipalPrestador>10517900</InscricaoMunicipalPrestador>
			<RazaoSocialPrestador>TRIVALE ADMINISTRACAO LTDA</RazaoSocialPrestador>
			<TipoRPS>RPS</TipoRPS>
			<SerieRPS>NF</SerieRPS>
			<NumeroRPS>9</NumeroRPS>
			<DataEmissaoRPS>2010-02-26T09:40:13</DataEmissaoRPS>
			<SituacaoRPS>N</SituacaoRPS>
			<SerieRPSSubstituido></SerieRPSSubstituido>
			<NumeroRPSSubstituido>0</NumeroRPSSubstituido>
			<NumeroNFSeSubstituida>0</NumeroNFSeSubstituida>
			<DataEmissaoNFSeSubstituida>1900-01-01</DataEmissaoNFSeSubstituida>
			<SeriePrestacao>99</SeriePrestacao>
			<InscricaoMunicipalTomador>0000000</InscricaoMunicipalTomador>
			<CPFCNPJTomador>00380757000158</CPFCNPJTomador>
			<RazaoSocialTomador>SUPERMECADO CUCA DO LEBLON LTDA</RazaoSocialTomador>
			<TipoLogradouroTomador>RUA</TipoLogradouroTomador>
			<LogradouroTomador>AURINO PEREIRA BARBOSA</LogradouroTomador>
			<NumeroEnderecoTomador>240</NumeroEnderecoTomador>
			<ComplementoEnderecoTomador></ComplementoEnderecoTomador>
			<TipoBairroTomador>BAIRRO</TipoBairroTomador>
			<BairroTomador>JD LEBLON</BairroTomador>
			<CidadeTomador>0006921</CidadeTomador>
			<CidadeTomadorDescricao>PRAIA GRANDE</CidadeTomadorDescricao>
			<CEPTomador>11718020</CEPTomador>
			<EmailTomador>nilson.resende@valecard.com.br</EmailTomador>
			<CodigoAtividade>731900400</CodigoAtividade>
			<AliquotaAtividade>2.00</AliquotaAtividade>
			<TipoRecolhimento>A</TipoRecolhimento>
			<MunicipioPrestacao>0005403</MunicipioPrestacao>
			<MunicipioPrestacaoDescricao>UBERLANDIA</MunicipioPrestacaoDescricao>
			<Operacao>A</Operacao>
			<Tributacao>T</Tributacao>
			<ValorPIS>0.00</ValorPIS>
			<ValorCOFINS>0.00</ValorCOFINS>
			<ValorINSS>0.00</ValorINSS>
			<ValorIR>0.00</ValorIR>
			<ValorCSLL>0.00</ValorCSLL>
			<AliquotaPIS>0.0000</AliquotaPIS>
			<AliquotaCOFINS>0.0000</AliquotaCOFINS>
			<AliquotaINSS>0.0000</AliquotaINSS>
			<AliquotaIR>0.0000</AliquotaIR>
			<AliquotaCSLL>0.0000</AliquotaCSLL>
			<DescricaoRPS></DescricaoRPS>
			<DDDPrestador>34</DDDPrestador>
			<TelefonePrestador>32390500</TelefonePrestador>
			<DDDTomador>00</DDDTomador>
			<TelefoneTomador>00000000</TelefoneTomador>
			<MotCancelamento></MotCancelamento>
			<CPFCNPJIntermediario></CPFCNPJIntermediario>
			<Deducoes />
			<Itens>
				<Item>
					<DiscriminacaoServico>PRESTACAO SERV. GESTAO
						ESTABELECIMENTOS</DiscriminacaoServico>
					<Quantidade>1</Quantidade>
					<ValorUnitario>16.4800</ValorUnitario>
					<ValorTotal>16.48</ValorTotal>
					<Tributavel>S</Tributavel> 
				</Item>
			</Itens>
		</RPS>
		<RPS Id="rps:10">
			<Assinatura>2e3b830bff9d13a4adcdec69a8d91c4c08d53786</Assinatura>
			<InscricaoMunicipalPrestador>10517900</InscricaoMunicipalPrestador>
			<RazaoSocialPrestador>TRIVALE ADMINISTRACAO LTDA</RazaoSocialPrestador>
			<TipoRPS>RPS</TipoRPS>
			<SerieRPS>NF</SerieRPS>
			<NumeroRPS>10</NumeroRPS>
			<DataEmissaoRPS>2010-02-26T09:40:13</DataEmissaoRPS>
			<SituacaoRPS>N</SituacaoRPS>
			<SerieRPSSubstituido></SerieRPSSubstituido>
			<NumeroRPSSubstituido>0</NumeroRPSSubstituido>
			<NumeroNFSeSubstituida>0</NumeroNFSeSubstituida>
			<DataEmissaoNFSeSubstituida>1900-01-01</DataEmissaoNFSeSubstituida>
			<SeriePrestacao>99</SeriePrestacao>
			<InscricaoMunicipalTomador>0000000</InscricaoMunicipalTomador>
			<CPFCNPJTomador>01382493000134</CPFCNPJTomador>
			<RazaoSocialTomador>SUPERMECADO CUCA DO MELVI LTDA</RazaoSocialTomador>
			<TipoLogradouroTomador>R</TipoLogradouroTomador>
			<LogradouroTomador>ARGINAL</LogradouroTomador>
			<NumeroEnderecoTomador>4648</NumeroEnderecoTomador>
			<ComplementoEnderecoTomador></ComplementoEnderecoTomador>
			<TipoBairroTomador>BAIRRO</TipoBairroTomador>
			<BairroTomador>BALNEARIO ABC</BairroTomador>
			<CidadeTomador>0006921</CidadeTomador>
			<CidadeTomadorDescricao>PRAIA GRANDE</CidadeTomadorDescricao>
			<CEPTomador>11712000</CEPTomador>
			<EmailTomador>nilson.resende@valecard.com.br</EmailTomador>
			<CodigoAtividade>731900400</CodigoAtividade>
			<AliquotaAtividade>2.00</AliquotaAtividade>
			<TipoRecolhimento>A</TipoRecolhimento>
			<MunicipioPrestacao>0005403</MunicipioPrestacao>
			<MunicipioPrestacaoDescricao>UBERLANDIA</MunicipioPrestacaoDescricao>
			<Operacao>A</Operacao>
			<Tributacao>T</Tributacao>
			<ValorPIS>0.00</ValorPIS>
			<ValorCOFINS>0.00</ValorCOFINS>
			<ValorINSS>0.00</ValorINSS>
			<ValorIR>0.00</ValorIR>
			<ValorCSLL>0.00</ValorCSLL>
			<AliquotaPIS>0.0000</AliquotaPIS>
			<AliquotaCOFINS>0.0000</AliquotaCOFINS>
			<AliquotaINSS>0.0000</AliquotaINSS>
			<AliquotaIR>0.0000</AliquotaIR>
			<AliquotaCSLL>0.0000</AliquotaCSLL>
			<DescricaoRPS></DescricaoRPS>
			<DDDPrestador>34</DDDPrestador>
			<TelefonePrestador>32390500</TelefonePrestador>
			<DDDTomador>00</DDDTomador>
			<TelefoneTomador>00000000</TelefoneTomador>
			<MotCancelamento></MotCancelamento>
			<CPFCNPJIntermediario></CPFCNPJIntermediario>
			<Deducoes />
			<Itens>
				<Item>
					<DiscriminacaoServico>PRESTACAO SERV. GESTAO
						ESTABELECIMENTOS</DiscriminacaoServico>
					<Quantidade>1</Quantidade>
					<ValorUnitario>29.3400</ValorUnitario>
					<ValorTotal>29.34</ValorTotal>
					<Tributavel>S</Tributavel> 
				</Item>
			</Itens>
		</RPS>
		<RPS Id="rps:11">
			<Assinatura>dc85f29a19d73e4e381e5e39d88c3e3fadef0306</Assinatura>
			<InscricaoMunicipalPrestador>10517900</InscricaoMunicipalPrestador>
			<RazaoSocialPrestador>TRIVALE ADMINISTRACAO LTDA</RazaoSocialPrestador>
			<TipoRPS>RPS</TipoRPS>
			<SerieRPS>NF</SerieRPS>
			<NumeroRPS>11</NumeroRPS>
			<DataEmissaoRPS>2010-02-26T09:40:13</DataEmissaoRPS>
			<SituacaoRPS>N</SituacaoRPS>
			<SerieRPSSubstituido></SerieRPSSubstituido>
			<NumeroRPSSubstituido>0</NumeroRPSSubstituido>
			<NumeroNFSeSubstituida>0</NumeroNFSeSubstituida>
			<DataEmissaoNFSeSubstituida>1900-01-01</DataEmissaoNFSeSubstituida>
			<SeriePrestacao>99</SeriePrestacao>
			<InscricaoMunicipalTomador>0000000</InscricaoMunicipalTomador>
			<CPFCNPJTomador>58198896000145</CPFCNPJTomador>
			<RazaoSocialTomador>PANIFICADORA QUELUZ LTDA ME</RazaoSocialTomador>
			<TipoLogradouroTomador>AVENIDA</TipoLogradouroTomador>
			<LogradouroTomador>CONSELHEIRO RODRIGUES ALVES</LogradouroTomador>
			<NumeroEnderecoTomador>171</NumeroEnderecoTomador>
			<ComplementoEnderecoTomador></ComplementoEnderecoTomador>
			<TipoBairroTomador>BAIRRO</TipoBairroTomador>
			<BairroTomador>MACUCO</BairroTomador>
			<CidadeTomador>0007071</CidadeTomador>
			<CidadeTomadorDescricao>SANTOS</CidadeTomadorDescricao>
			<CEPTomador>11015201</CEPTomador>
			<EmailTomador>nilson.resende@valecard.com.br</EmailTomador>
			<CodigoAtividade>731900400</CodigoAtividade>
			<AliquotaAtividade>2.00</AliquotaAtividade>
			<TipoRecolhimento>A</TipoRecolhimento>
			<MunicipioPrestacao>0005403</MunicipioPrestacao>
			<MunicipioPrestacaoDescricao>UBERLANDIA</MunicipioPrestacaoDescricao>
			<Operacao>A</Operacao>
			<Tributacao>T</Tributacao>
			<ValorPIS>0.00</ValorPIS>
			<ValorCOFINS>0.00</ValorCOFINS>
			<ValorINSS>0.00</ValorINSS>
			<ValorIR>29.38</ValorIR>
			<ValorCSLL>0.00</ValorCSLL>
			<AliquotaPIS>0.0000</AliquotaPIS>
			<AliquotaCOFINS>0.0000</AliquotaCOFINS>
			<AliquotaINSS>0.0000</AliquotaINSS>
			<AliquotaIR>1.5000</AliquotaIR>
			<AliquotaCSLL>0.0000</AliquotaCSLL>
			<DescricaoRPS></DescricaoRPS>
			<DDDPrestador>34</DDDPrestador>
			<TelefonePrestador>32390500</TelefonePrestador>
			<DDDTomador>00</DDDTomador>
			<TelefoneTomador>00000000</TelefoneTomador>
			<MotCancelamento></MotCancelamento>
			<CPFCNPJIntermediario></CPFCNPJIntermediario>
			<Deducoes />
			<Itens>
				<Item>
					<DiscriminacaoServico>PRESTACAO SERV. GESTAO
						ESTABELECIMENTOS</DiscriminacaoServico>
					<Quantidade>1</Quantidade>
					<ValorUnitario>1959.2700</ValorUnitario>
					<ValorTotal>1959.27</ValorTotal>
					<Tributavel>S</Tributavel> 
				</Item>
			</Itens>
		</RPS>
		<RPS Id="rps:12">
			<Assinatura>07cac8b9126d9f5e07ed2e1f550c8d6356d62eee</Assinatura>
			<InscricaoMunicipalPrestador>10517900</InscricaoMunicipalPrestador>
			<RazaoSocialPrestador>TRIVALE ADMINISTRACAO LTDA</RazaoSocialPrestador>
			<TipoRPS>RPS</TipoRPS>
			<SerieRPS>NF</SerieRPS>
			<NumeroRPS>12</NumeroRPS>
			<DataEmissaoRPS>2010-02-26T09:40:13</DataEmissaoRPS>
			<SituacaoRPS>N</SituacaoRPS>
			<SerieRPSSubstituido></SerieRPSSubstituido>
			<NumeroRPSSubstituido>0</NumeroRPSSubstituido>
			<NumeroNFSeSubstituida>0</NumeroNFSeSubstituida>
			<DataEmissaoNFSeSubstituida>1900-01-01</DataEmissaoNFSeSubstituida>
			<SeriePrestacao>99</SeriePrestacao>
			<InscricaoMunicipalTomador>0000000</InscricaoMunicipalTomador>
			<CPFCNPJTomador>06957694000136</CPFCNPJTomador>
			<RazaoSocialTomador>ECONOMICO COMERCIO DE ALIMENTOS LTDA</RazaoSocialTomador>
			<TipoLogradouroTomador>PASSAGEM</TipoLogradouroTomador>
			<LogradouroTomador>PAULO ELEUTERIO FILHO</LogradouroTomador>
			<NumeroEnderecoTomador>355</NumeroEnderecoTomador>
			<ComplementoEnderecoTomador></ComplementoEnderecoTomador>
			<TipoBairroTomador>BAIRRO</TipoBairroTomador>
			<BairroTomador>CASTANHEIRA</BairroTomador>
			<CidadeTomador>0000427</CidadeTomador>
			<CidadeTomadorDescricao>BELEM</CidadeTomadorDescricao>
			<CEPTomador>66645095</CEPTomador>
			<EmailTomador>nilson.resende@valecard.com.br</EmailTomador>
			<CodigoAtividade>731900400</CodigoAtividade>
			<AliquotaAtividade>2.00</AliquotaAtividade>
			<TipoRecolhimento>A</TipoRecolhimento>
			<MunicipioPrestacao>0005403</MunicipioPrestacao>
			<MunicipioPrestacaoDescricao>UBERLANDIA</MunicipioPrestacaoDescricao>
			<Operacao>A</Operacao>
			<Tributacao>T</Tributacao>
			<ValorPIS>0.00</ValorPIS>
			<ValorCOFINS>0.00</ValorCOFINS>
			<ValorINSS>0.00</ValorINSS>
			<ValorIR>12.51</ValorIR>
			<ValorCSLL>0.00</ValorCSLL>
			<AliquotaPIS>0.0000</AliquotaPIS>
			<AliquotaCOFINS>0.0000</AliquotaCOFINS>
			<AliquotaINSS>0.0000</AliquotaINSS>
			<AliquotaIR>1.5000</AliquotaIR>
			<AliquotaCSLL>0.0000</AliquotaCSLL>
			<DescricaoRPS></DescricaoRPS>
			<DDDPrestador>34</DDDPrestador>
			<TelefonePrestador>32390500</TelefonePrestador>
			<DDDTomador>00</DDDTomador>
			<TelefoneTomador>00000000</TelefoneTomador>
			<MotCancelamento></MotCancelamento>
			<CPFCNPJIntermediario></CPFCNPJIntermediario>
			<Deducoes />
			<Itens>
				<Item>
					<DiscriminacaoServico>PRESTACAO SERV. GESTAO
						ESTABELECIMENTOS</DiscriminacaoServico>
					<Quantidade>1</Quantidade>
					<ValorUnitario>834.2600</ValorUnitario>
					<ValorTotal>834.26</ValorTotal>
					<Tributavel>S</Tributavel> 
				</Item>
			</Itens>
		</RPS>
		<RPS Id="rps:13">
			<Assinatura>e2ee969d43f8ad1d22cded4fa11d78ada2a5476b</Assinatura>
			<InscricaoMunicipalPrestador>10517900</InscricaoMunicipalPrestador>
			<RazaoSocialPrestador>TRIVALE ADMINISTRACAO LTDA</RazaoSocialPrestador>
			<TipoRPS>RPS</TipoRPS>
			<SerieRPS>NF</SerieRPS>
			<NumeroRPS>13</NumeroRPS>
			<DataEmissaoRPS>2010-02-26T09:40:13</DataEmissaoRPS>
			<SituacaoRPS>N</SituacaoRPS>
			<SerieRPSSubstituido></SerieRPSSubstituido>
			<NumeroRPSSubstituido>0</NumeroRPSSubstituido>
			<NumeroNFSeSubstituida>0</NumeroNFSeSubstituida>
			<DataEmissaoNFSeSubstituida>1900-01-01</DataEmissaoNFSeSubstituida>
			<SeriePrestacao>99</SeriePrestacao>
			<InscricaoMunicipalTomador>0000000</InscricaoMunicipalTomador>
			<CPFCNPJTomador>52534484000152</CPFCNPJTomador>
			<RazaoSocialTomador>SUPERMERCADO SAO RAFAEL LTDA</RazaoSocialTomador>
			<TipoLogradouroTomador>R7</TipoLogradouroTomador>
			<LogradouroTomador>DE SETEMBRO</LogradouroTomador>
			<NumeroEnderecoTomador>2423</NumeroEnderecoTomador>
			<ComplementoEnderecoTomador></ComplementoEnderecoTomador>
			<TipoBairroTomador>BAIRRO</TipoBairroTomador>
			<BairroTomador>CENTRO</BairroTomador>
			<CidadeTomador>0007179</CidadeTomador>
			<CidadeTomadorDescricao>TARABAI</CidadeTomadorDescricao>
			<CEPTomador>19210000</CEPTomador>
			<EmailTomador>nilson.resende@valecard.com.br</EmailTomador>
			<CodigoAtividade>731900400</CodigoAtividade>
			<AliquotaAtividade>2.00</AliquotaAtividade>
			<TipoRecolhimento>A</TipoRecolhimento>
			<MunicipioPrestacao>0005403</MunicipioPrestacao>
			<MunicipioPrestacaoDescricao>UBERLANDIA</MunicipioPrestacaoDescricao>
			<Operacao>A</Operacao>
			<Tributacao>T</Tributacao>
			<ValorPIS>0.00</ValorPIS>
			<ValorCOFINS>0.00</ValorCOFINS>
			<ValorINSS>0.00</ValorINSS>
			<ValorIR>12.64</ValorIR>
			<ValorCSLL>0.00</ValorCSLL>
			<AliquotaPIS>0.0000</AliquotaPIS>
			<AliquotaCOFINS>0.0000</AliquotaCOFINS>
			<AliquotaINSS>0.0000</AliquotaINSS>
			<AliquotaIR>1.5000</AliquotaIR>
			<AliquotaCSLL>0.0000</AliquotaCSLL>
			<DescricaoRPS></DescricaoRPS>
			<DDDPrestador>34</DDDPrestador>
			<TelefonePrestador>32390500</TelefonePrestador>
			<DDDTomador>00</DDDTomador>
			<TelefoneTomador>00000000</TelefoneTomador>
			<MotCancelamento></MotCancelamento>
			<CPFCNPJIntermediario></CPFCNPJIntermediario>
			<Deducoes />
			<Itens>
				<Item>
					<DiscriminacaoServico>PRESTACAO SERV. GESTAO
						ESTABELECIMENTOS</DiscriminacaoServico>
					<Quantidade>1</Quantidade>
					<ValorUnitario>842.8100</ValorUnitario>
					<ValorTotal>842.81</ValorTotal>
					<Tributavel>S</Tributavel> 
				</Item>
			</Itens>
		</RPS>
		<RPS Id="rps:14">
			<Assinatura>f221a8eb476566511410dcc76c93105c147613a9</Assinatura>
			<InscricaoMunicipalPrestador>10517900</InscricaoMunicipalPrestador>
			<RazaoSocialPrestador>TRIVALE ADMINISTRACAO LTDA</RazaoSocialPrestador>
			<TipoRPS>RPS</TipoRPS>
			<SerieRPS>NF</SerieRPS>
			<NumeroRPS>14</NumeroRPS>
			<DataEmissaoRPS>2010-02-26T09:40:13</DataEmissaoRPS>
			<SituacaoRPS>N</SituacaoRPS>
			<SerieRPSSubstituido></SerieRPSSubstituido>
			<NumeroRPSSubstituido>0</NumeroRPSSubstituido>
			<NumeroNFSeSubstituida>0</NumeroNFSeSubstituida>
			<DataEmissaoNFSeSubstituida>1900-01-01</DataEmissaoNFSeSubstituida>
			<SeriePrestacao>99</SeriePrestacao>
			<InscricaoMunicipalTomador>0000000</InscricaoMunicipalTomador>
			<CPFCNPJTomador>07443925000156</CPFCNPJTomador>
			<RazaoSocialTomador>COMERCIAL DE GENEROS ALIM PRECO BAIXO
				LTDA - ME</RazaoSocialTomador>
			<TipoLogradouroTomador>RODOVIA</TipoLogradouroTomador>
			<LogradouroTomador>BR-316</LogradouroTomador>
			<NumeroEnderecoTomador>1171</NumeroEnderecoTomador>
			<ComplementoEnderecoTomador></ComplementoEnderecoTomador>
			<TipoBairroTomador>BAIRRO</TipoBairroTomador>
			<BairroTomador>LEVILANDIA</BairroTomador>
			<CidadeTomador>0000415</CidadeTomador>
			<CidadeTomadorDescricao>ANANINDEUA</CidadeTomadorDescricao>
			<CEPTomador>67030000</CEPTomador>
			<EmailTomador>nilson.resende@valecard.com.br</EmailTomador>
			<CodigoAtividade>731900400</CodigoAtividade>
			<AliquotaAtividade>2.00</AliquotaAtividade>
			<TipoRecolhimento>A</TipoRecolhimento>
			<MunicipioPrestacao>0005403</MunicipioPrestacao>
			<MunicipioPrestacaoDescricao>UBERLANDIA</MunicipioPrestacaoDescricao>
			<Operacao>A</Operacao>
			<Tributacao>T</Tributacao>
			<ValorPIS>0.00</ValorPIS>
			<ValorCOFINS>0.00</ValorCOFINS>
			<ValorINSS>0.00</ValorINSS>
			<ValorIR>21.14</ValorIR>
			<ValorCSLL>0.00</ValorCSLL>
			<AliquotaPIS>0.0000</AliquotaPIS>
			<AliquotaCOFINS>0.0000</AliquotaCOFINS>
			<AliquotaINSS>0.0000</AliquotaINSS>
			<AliquotaIR>1.5000</AliquotaIR>
			<AliquotaCSLL>0.0000</AliquotaCSLL>
			<DescricaoRPS></DescricaoRPS>
			<DDDPrestador>34</DDDPrestador>
			<TelefonePrestador>32390500</TelefonePrestador>
			<DDDTomador>00</DDDTomador>
			<TelefoneTomador>00000000</TelefoneTomador>
			<MotCancelamento></MotCancelamento>
			<CPFCNPJIntermediario></CPFCNPJIntermediario>
			<Deducoes />
			<Itens>
				<Item>
					<DiscriminacaoServico>PRESTACAO SERV. GESTAO
						ESTABELECIMENTOS</DiscriminacaoServico>
					<Quantidade>1</Quantidade>
					<ValorUnitario>1409.6600</ValorUnitario>
					<ValorTotal>1409.66</ValorTotal>
					<Tributavel>S</Tributavel> 
				</Item>
			</Itens>
		</RPS>
		<RPS Id="rps:15">
			<Assinatura>2bb97d22c43233ab7afa8c5ece08cf1cd738b8b5</Assinatura>
			<InscricaoMunicipalPrestador>10517900</InscricaoMunicipalPrestador>
			<RazaoSocialPrestador>TRIVALE ADMINISTRACAO LTDA</RazaoSocialPrestador>
			<TipoRPS>RPS</TipoRPS>
			<SerieRPS>NF</SerieRPS>
			<NumeroRPS>15</NumeroRPS>
			<DataEmissaoRPS>2010-02-26T09:40:13</DataEmissaoRPS>
			<SituacaoRPS>N</SituacaoRPS>
			<SerieRPSSubstituido></SerieRPSSubstituido>
			<NumeroRPSSubstituido>0</NumeroRPSSubstituido>
			<NumeroNFSeSubstituida>0</NumeroNFSeSubstituida>
			<DataEmissaoNFSeSubstituida>1900-01-01</DataEmissaoNFSeSubstituida>
			<SeriePrestacao>99</SeriePrestacao>
			<InscricaoMunicipalTomador>0000000</InscricaoMunicipalTomador>
			<CPFCNPJTomador>00200957000181</CPFCNPJTomador>
			<RazaoSocialTomador>SUPERMERCADO TORRINHA SERVE LTDA</RazaoSocialTomador>
			<TipoLogradouroTomador>RMARIO</TipoLogradouroTomador>
			<LogradouroTomador>BATISTELA</LogradouroTomador>
			<NumeroEnderecoTomador>444</NumeroEnderecoTomador>
			<ComplementoEnderecoTomador></ComplementoEnderecoTomador>
			<TipoBairroTomador>BAIRRO</TipoBairroTomador>
			<BairroTomador>CENTRO</BairroTomador>
			<CidadeTomador>0007195</CidadeTomador>
			<CidadeTomadorDescricao>TORRINHA</CidadeTomadorDescricao>
			<CEPTomador>17360000</CEPTomador>
			<EmailTomador>nilson.resende@valecard.com.br</EmailTomador>
			<CodigoAtividade>731900400</CodigoAtividade>
			<AliquotaAtividade>2.00</AliquotaAtividade>
			<TipoRecolhimento>A</TipoRecolhimento>
			<MunicipioPrestacao>0005403</MunicipioPrestacao>
			<MunicipioPrestacaoDescricao>UBERLANDIA</MunicipioPrestacaoDescricao>
			<Operacao>A</Operacao>
			<Tributacao>T</Tributacao>
			<ValorPIS>0.00</ValorPIS>
			<ValorCOFINS>0.00</ValorCOFINS>
			<ValorINSS>0.00</ValorINSS>
			<ValorIR>12.01</ValorIR>
			<ValorCSLL>0.00</ValorCSLL>
			<AliquotaPIS>0.0000</AliquotaPIS>
			<AliquotaCOFINS>0.0000</AliquotaCOFINS>
			<AliquotaINSS>0.0000</AliquotaINSS>
			<AliquotaIR>1.5000</AliquotaIR>
			<AliquotaCSLL>0.0000</AliquotaCSLL>
			<DescricaoRPS></DescricaoRPS>
			<DDDPrestador>34</DDDPrestador>
			<TelefonePrestador>32390500</TelefonePrestador>
			<DDDTomador>00</DDDTomador>
			<TelefoneTomador>00000000</TelefoneTomador>
			<MotCancelamento></MotCancelamento>
			<CPFCNPJIntermediario></CPFCNPJIntermediario>
			<Deducoes />
			<Itens>
				<Item>
					<DiscriminacaoServico>PRESTACAO SERV. GESTAO
						ESTABELECIMENTOS</DiscriminacaoServico>
					<Quantidade>1</Quantidade>
					<ValorUnitario>800.8000</ValorUnitario>
					<ValorTotal>800.80</ValorTotal>
					<Tributavel>S</Tributavel> 
				</Item>
			</Itens>
		</RPS>
		<RPS Id="rps:16">
			<Assinatura>3a106fad864cafa09a5474ab55427dbe7e0683c7</Assinatura>
			<InscricaoMunicipalPrestador>10517900</InscricaoMunicipalPrestador>
			<RazaoSocialPrestador>TRIVALE ADMINISTRACAO LTDA</RazaoSocialPrestador>
			<TipoRPS>RPS</TipoRPS>
			<SerieRPS>NF</SerieRPS>
			<NumeroRPS>16</NumeroRPS>
			<DataEmissaoRPS>2010-02-26T09:40:13</DataEmissaoRPS>
			<SituacaoRPS>N</SituacaoRPS>
			<SerieRPSSubstituido></SerieRPSSubstituido>
			<NumeroRPSSubstituido>0</NumeroRPSSubstituido>
			<NumeroNFSeSubstituida>0</NumeroNFSeSubstituida>
			<DataEmissaoNFSeSubstituida>1900-01-01</DataEmissaoNFSeSubstituida>
			<SeriePrestacao>99</SeriePrestacao>
			<InscricaoMunicipalTomador>0000000</InscricaoMunicipalTomador>
			<CPFCNPJTomador>03458119000109</CPFCNPJTomador>
			<RazaoSocialTomador>SUPERMERCADO CUCA HUMAITA LTDA</RazaoSocialTomador>
			<TipoLogradouroTomador>AVENIDA</TipoLogradouroTomador>
			<LogradouroTomador>DOUTOR JOSE SINGER</LogradouroTomador>
			<NumeroEnderecoTomador>585</NumeroEnderecoTomador>
			<ComplementoEnderecoTomador></ComplementoEnderecoTomador>
			<TipoBairroTomador>BAIRRO</TipoBairroTomador>
			<BairroTomador>HUMAITA</BairroTomador>
			<CidadeTomador>0007121</CidadeTomador>
			<CidadeTomadorDescricao>SAO VICENTE</CidadeTomadorDescricao>
			<CEPTomador>11347000</CEPTomador>
			<EmailTomador>nilson.resende@valecard.com.br</EmailTomador>
			<CodigoAtividade>731900400</CodigoAtividade>
			<AliquotaAtividade>2.00</AliquotaAtividade>
			<TipoRecolhimento>A</TipoRecolhimento>
			<MunicipioPrestacao>0005403</MunicipioPrestacao>
			<MunicipioPrestacaoDescricao>UBERLANDIA</MunicipioPrestacaoDescricao>
			<Operacao>A</Operacao>
			<Tributacao>T</Tributacao>
			<ValorPIS>0.00</ValorPIS>
			<ValorCOFINS>0.00</ValorCOFINS>
			<ValorINSS>0.00</ValorINSS>
			<ValorIR>0.00</ValorIR>
			<ValorCSLL>0.00</ValorCSLL>
			<AliquotaPIS>0.0000</AliquotaPIS>
			<AliquotaCOFINS>0.0000</AliquotaCOFINS>
			<AliquotaINSS>0.0000</AliquotaINSS>
			<AliquotaIR>0.0000</AliquotaIR>
			<AliquotaCSLL>0.0000</AliquotaCSLL>
			<DescricaoRPS></DescricaoRPS>
			<DDDPrestador>34</DDDPrestador>
			<TelefonePrestador>32390500</TelefonePrestador>
			<DDDTomador>00</DDDTomador>
			<TelefoneTomador>00000000</TelefoneTomador>
			<MotCancelamento></MotCancelamento>
			<CPFCNPJIntermediario></CPFCNPJIntermediario>
			<Deducoes />
			<Itens>
				<Item>
					<DiscriminacaoServico>PRESTACAO SERV. GESTAO
						ESTABELECIMENTOS</DiscriminacaoServico>
					<Quantidade>1</Quantidade>
					<ValorUnitario>8.3200</ValorUnitario>
					<ValorTotal>8.32</ValorTotal>
					<Tributavel>S</Tributavel> 
				</Item>
			</Itens>
		</RPS>
		
	</Lote>
</ns1:ReqEnvioLoteRPS>
