<?xml version="1.0" encoding="UTF-8"?>
<ns1:RetornoEnvioLoteRPS xmlns:ns1="http://localhost:8080/WsNFe2/lote" xmlns:tipos="http://localhost:8080/WsNFe2/tp" xmlns:xsi="http://www.w3.org/2001/XMLSchema-instance" xsi:schemaLocation="http://localhost:8080/WsNFe2/lote http://localhost:8080/WsNFe2/xsd/RetornoEnvioLoteRPS.xsd ">
  <Cabecalho>
    <CodCidade>5403</CodCidade>
    <Sucesso>false</Sucesso>
    <NumeroLote>29955</NumeroLote>
    <CPFCNPJRemetente>00604122000197</CPFCNPJRemetente>
    <DataEnvioLote>2010-03-03T14:25:51.0Z</DataEnvioLote>
    <QtdNotasProcessadas>0</QtdNotasProcessadas>
    <TempoProcessamento>5</TempoProcessamento>
    <ValorTotalServicos>0.00</ValorTotalServicos>
    <ValorTotalDeducoes>0.00</ValorTotalDeducoes>
    <Versao>1</Versao>
    <Assincrono>N</Assincrono>
  </Cabecalho>
  <Alertas />
  <Erros>
    <Erro>
      <Codigo>1428</Codigo>
      <Descricao>Certificado Digital utilizado na assinatura do lote deve ser o mesmo do remetente do lote. CPF/CNPJ do Certificado diferente do remetente. Certificado Invalido.</Descricao>
      <ChaveRPS>
        <InscricaoPrestador>10517900</InscricaoPrestador>
        <SerieRPS>NF</SerieRPS>
        <NumeroRPS>84</NumeroRPS>
        <DataEmissaoRPS>2009-11-21T15:30:00</DataEmissaoRPS>
        <RazaoSocialPrestador>EMPRESA MODELO</RazaoSocialPrestador>
      </ChaveRPS>
    </Erro>
    <Erro>
      <Codigo>1430</Codigo>
      <Descricao>Contribuinte nao credenciado. Faca o credenciamento no site da NFSe.</Descricao>
      <ChaveRPS>
        <InscricaoPrestador>10517900</InscricaoPrestador>
        <SerieRPS>NF</SerieRPS>
        <NumeroRPS>84</NumeroRPS>
        <DataEmissaoRPS>2009-11-21T15:30:00</DataEmissaoRPS>
        <RazaoSocialPrestador>EMPRESA MODELO</RazaoSocialPrestador>
      </ChaveRPS>
    </Erro>
  </Erros>
  <ChavesNFSeRPS />
</ns1:RetornoEnvioLoteRPS>

