<?xml version="1.0" encoding="UTF-8"?>
<ns1:ReqConsultaNFSeRPS xmlns:ns1="http://localhost:8080/WsNFe2/lote" xmlns:tipos="http://localhost:8080/WsNFe2/tp" xmlns:xsi="http://www.w3.org/2001/XMLSchema-instance" xsi:schemaLocation="http://localhost:8080/WsNFe2/lote http://localhost:8080/WsNFe2/xsd/ReqConsultaNFSeRPS.xsd"><Cabecalho><CodCidade>5403</CodCidade><CPFCNPJRemetente>03007699000100</CPFCNPJRemetente><transacao>true</transacao><Versao>1</Versao></Cabecalho><Lote Id="lote:1ABCDZ"><NotaConsulta><Nota Id="nota:5"><InscricaoMunicipalPrestador>17418100</InscricaoMunicipalPrestador><NumeroNota>5</NumeroNota><CodigoVerificacao>a4ce97c1</CodigoVerificacao></Nota><Nota Id="nota:6"><InscricaoMunicipalPrestador>17418100</InscricaoMunicipalPrestador><NumeroNota>6</NumeroNota><CodigoVerificacao>26b1b58b</CodigoVerificacao></Nota><Nota Id="nota:7"><InscricaoMunicipalPrestador>17418100</InscricaoMunicipalPrestador><NumeroNota>7</NumeroNota><CodigoVerificacao>a4a0f323</CodigoVerificacao></Nota></NotaConsulta><RPSConsulta><RPS Id="rps:119"><InscricaoMunicipalPrestador>17418100</InscricaoMunicipalPrestador><NumeroRPS>119</NumeroRPS><SeriePrestacao>99</SeriePrestacao></RPS><RPS Id="rps:120"><InscricaoMunicipalPrestador>17418100</InscricaoMunicipalPrestador><NumeroRPS>120</NumeroRPS><SeriePrestacao>99</SeriePrestacao></RPS><RPS Id="rps:121"><InscricaoMunicipalPrestador>17418100</InscricaoMunicipalPrestador><NumeroRPS>121</NumeroRPS><SeriePrestacao>99</SeriePrestacao></RPS></RPSConsulta></Lote></ns1:ReqConsultaNFSeRPS>
