<?xml version="1.0" encoding="UTF-8"?>
<ns1:RetornoConsultaNFSeRPS xmlns:ns1="http://localhost:8080/WsNFe2/lote" xmlns:tipos="http://localhost:8080/WsNFe2/tp" xmlns:xsi="http://www.w3.org/2001/XMLSchema-instance" xsi:schemaLocation="http://localhost:8080/WsNFe2/lote http://localhost:8080/WsNFe2/xsd/RetornoConsultaNFSeRPS.xsd">
  <Cabecalho>
    <CodCidade>5403</CodCidade>
    <CPFCNPJRemetente>03007699000100</CPFCNPJRemetente>
    <transacao>true</transacao>
    <Versao>1</Versao>
  </Cabecalho>
  <NotasConsultadas>
    <Nota>
      <NumeroNota>5</NumeroNota>
      <DataProcessamento>2010-03-29T00:00:00</DataProcessamento>
      <NumeroLote>47644</NumeroLote>
      <CodigoVerificacao>a4ce97c1</CodigoVerificacao>
      <Assinatura>4261a36d3c6e8c5a0f23c385303d4e8919cc6d58</Assinatura>
      <InscricaoMunicipalPrestador>17418100</InscricaoMunicipalPrestador>
      <RazaoSocialPrestador>RP ADMINISTRACAO DE CONVENIOS LTDA</RazaoSocialPrestador>
      <TipoRPS>RPS</TipoRPS>
      <SerieRPS>NF</SerieRPS>
      <NumeroRPS>5</NumeroRPS>
      <DataEmissaoRPS>2010-03-29T00:00:00</DataEmissaoRPS>
      <SituacaoRPS>N</SituacaoRPS>
      <SerieRPSSubstituido />
      <NumeroRPSSubstituido>0</NumeroRPSSubstituido>
      <NumeroNFSeSubstituida>0</NumeroNFSeSubstituida>
      <DataEmissaoNFSeSubstituida>1900-01-01T00:00:00</DataEmissaoNFSeSubstituida>
      <SeriePrestacao>99</SeriePrestacao>
      <InscricaoMunicipalTomador />
      <CPFCNPJTomador>56894694000102</CPFCNPJTomador>
      <RazaoSocialTomador>CONDOMINIO EDIFICIO ARUANA - MIX</RazaoSocialTomador>
      <TipoLogradouroTomador>R</TipoLogradouroTomador>
      <LogradouroTomador>CAMPOS SALES</LogradouroTomador>
      <NumeroEnderecoTomador>001215</NumeroEnderecoTomador>
      <ComplementoEnderecoTomador />
      <TipoBairroTomador>BAIRRO</TipoBairroTomador>
      <BairroTomador />
      <CidadeTomador>6969</CidadeTomador>
      <CidadeTomadorDescricao>RIBEIRAO PRETO</CidadeTomadorDescricao>
      <CEPTomador>14015110</CEPTomador>
      <EmailTomador>nilson.resende@valecard.com.br</EmailTomador>
      <CodigoAtividade>661340000</CodigoAtividade>
      <AliquotaAtividade>2</AliquotaAtividade>
      <TipoRecolhimento>A</TipoRecolhimento>
      <MunicipioPrestacao>5403</MunicipioPrestacao>
      <MunicipioPrestacaoDescricao>UBERLANDIA</MunicipioPrestacaoDescricao>
      <Operacao>B</Operacao>
      <Tributacao>T</Tributacao>
      <ValorPIS>0</ValorPIS>
      <ValorCOFINS>0</ValorCOFINS>
      <ValorINSS>0</ValorINSS>
      <ValorIR>0</ValorIR>
      <ValorCSLL>0</ValorCSLL>
      <AliquotaPIS>0</AliquotaPIS>
      <AliquotaCOFINS>0</AliquotaCOFINS>
      <AliquotaINSS>0</AliquotaINSS>
      <AliquotaIR>0</AliquotaIR>
      <AliquotaCSLL>0</AliquotaCSLL>
      <DescricaoRPS />
      <DDDPrestador>34</DDDPrestador>
      <TelefonePrestador>32390500</TelefonePrestador>
      <DDDTomador>00</DDDTomador>
      <TelefoneTomador>00000000</TelefoneTomador>
      <MotCancelamento />
      <Deducoes />
      <Itens>
        <Item>
          <DiscriminacaoServico>VLR. A SER REPASSADO REF.CARGA ALIMENTACAO/REFEICAO</DiscriminacaoServico>
          <Quantidade>1</Quantidade>
          <ValorUnitario>500</ValorUnitario>
          <ValorTotal>500</ValorTotal>
          <Tributavel>S</Tributavel>
        </Item>
        <Item>
          <DiscriminacaoServico>PRESTACAO SERV GESTAO DE BENEFICIO - ALIMENTACAO/REFEICAO</DiscriminacaoServico>
          <Quantidade>1</Quantidade>
          <ValorUnitario>14.35</ValorUnitario>
          <ValorTotal>14.35</ValorTotal>
          <Tributavel>S</Tributavel>
        </Item>
      </Itens>
    </Nota>
    <Nota>
      <NumeroNota>6</NumeroNota>
      <DataProcessamento>2010-03-29T00:00:00</DataProcessamento>
      <NumeroLote>47644</NumeroLote>
      <CodigoVerificacao>26b1b58b</CodigoVerificacao>
      <Assinatura>4529192e9854f62d23c759adab6f8c39aab60f34</Assinatura>
      <InscricaoMunicipalPrestador>17418100</InscricaoMunicipalPrestador>
      <RazaoSocialPrestador>RP ADMINISTRACAO DE CONVENIOS LTDA</RazaoSocialPrestador>
      <TipoRPS>RPS</TipoRPS>
      <SerieRPS>NF</SerieRPS>
      <NumeroRPS>6</NumeroRPS>
      <DataEmissaoRPS>2010-03-29T00:00:00</DataEmissaoRPS>
      <SituacaoRPS>N</SituacaoRPS>
      <SerieRPSSubstituido />
      <NumeroRPSSubstituido>0</NumeroRPSSubstituido>
      <NumeroNFSeSubstituida>0</NumeroNFSeSubstituida>
      <DataEmissaoNFSeSubstituida>1900-01-01T00:00:00</DataEmissaoNFSeSubstituida>
      <SeriePrestacao>99</SeriePrestacao>
      <InscricaoMunicipalTomador />
      <CPFCNPJTomador>57723652000171</CPFCNPJTomador>
      <RazaoSocialTomador>CONDOMINIO EDIFICIO SAO JORGE- GOUVEA MARIN</RazaoSocialTomador>
      <TipoLogradouroTomador>R</TipoLogradouroTomador>
      <LogradouroTomador>AMERICO BRASILIENSE</LogradouroTomador>
      <NumeroEnderecoTomador>000284</NumeroEnderecoTomador>
      <ComplementoEnderecoTomador />
      <TipoBairroTomador>BAIRRO</TipoBairroTomador>
      <BairroTomador />
      <CidadeTomador>6969</CidadeTomador>
      <CidadeTomadorDescricao>RIBEIRAO PRETO</CidadeTomadorDescricao>
      <CEPTomador>14015050</CEPTomador>
      <EmailTomador>nilson.resende@valecard.com.br</EmailTomador>
      <CodigoAtividade>661340000</CodigoAtividade>
      <AliquotaAtividade>2</AliquotaAtividade>
      <TipoRecolhimento>A</TipoRecolhimento>
      <MunicipioPrestacao>5403</MunicipioPrestacao>
      <MunicipioPrestacaoDescricao>UBERLANDIA</MunicipioPrestacaoDescricao>
      <Operacao>B</Operacao>
      <Tributacao>T</Tributacao>
      <ValorPIS>0</ValorPIS>
      <ValorCOFINS>0</ValorCOFINS>
      <ValorINSS>0</ValorINSS>
      <ValorIR>0</ValorIR>
      <ValorCSLL>0</ValorCSLL>
      <AliquotaPIS>0</AliquotaPIS>
      <AliquotaCOFINS>0</AliquotaCOFINS>
      <AliquotaINSS>0</AliquotaINSS>
      <AliquotaIR>0</AliquotaIR>
      <AliquotaCSLL>0</AliquotaCSLL>
      <DescricaoRPS />
      <DDDPrestador>34</DDDPrestador>
      <TelefonePrestador>32390500</TelefonePrestador>
      <DDDTomador>00</DDDTomador>
      <TelefoneTomador>00000000</TelefoneTomador>
      <MotCancelamento />
      <Deducoes />
      <Itens>
        <Item>
          <DiscriminacaoServico>VLR. A SER REPASSADO REF.CARGA ALIMENTACAO/REFEICAO</DiscriminacaoServico>
          <Quantidade>1</Quantidade>
          <ValorUnitario>300</ValorUnitario>
          <ValorTotal>300</ValorTotal>
          <Tributavel>S</Tributavel>
        </Item>
        <Item>
          <DiscriminacaoServico>PRESTACAO SERV GESTAO DE BENEFICIO - ALIMENTACAO/REFEICAO</DiscriminacaoServico>
          <Quantidade>1</Quantidade>
          <ValorUnitario>8.61</ValorUnitario>
          <ValorTotal>8.61</ValorTotal>
          <Tributavel>S</Tributavel>
        </Item>
      </Itens>
    </Nota>
    <Nota>
      <NumeroNota>7</NumeroNota>
      <DataProcessamento>2010-03-29T00:00:00</DataProcessamento>
      <NumeroLote>47644</NumeroLote>
      <CodigoVerificacao>a4a0f323</CodigoVerificacao>
      <Assinatura>05db9299c36e98b2eabfb1b015b34113e34e80ae</Assinatura>
      <InscricaoMunicipalPrestador>17418100</InscricaoMunicipalPrestador>
      <RazaoSocialPrestador>RP ADMINISTRACAO DE CONVENIOS LTDA</RazaoSocialPrestador>
      <TipoRPS>RPS</TipoRPS>
      <SerieRPS>NF</SerieRPS>
      <NumeroRPS>7</NumeroRPS>
      <DataEmissaoRPS>2010-03-29T00:00:00</DataEmissaoRPS>
      <SituacaoRPS>N</SituacaoRPS>
      <SerieRPSSubstituido />
      <NumeroRPSSubstituido>0</NumeroRPSSubstituido>
      <NumeroNFSeSubstituida>0</NumeroNFSeSubstituida>
      <DataEmissaoNFSeSubstituida>1900-01-01T00:00:00</DataEmissaoNFSeSubstituida>
      <SeriePrestacao>99</SeriePrestacao>
      <InscricaoMunicipalTomador />
      <CPFCNPJTomador>60256724000122</CPFCNPJTomador>
      <RazaoSocialTomador>CONDOMINIO EDIFICIO ITAUNA - CAETANO</RazaoSocialTomador>
      <TipoLogradouroTomador>R</TipoLogradouroTomador>
      <LogradouroTomador>AMADOR BUENO</LogradouroTomador>
      <NumeroEnderecoTomador>000840</NumeroEnderecoTomador>
      <ComplementoEnderecoTomador />
      <TipoBairroTomador>BAIRRO</TipoBairroTomador>
      <BairroTomador />
      <CidadeTomador>6969</CidadeTomador>
      <CidadeTomadorDescricao>RIBEIRAO PRETO</CidadeTomadorDescricao>
      <CEPTomador>14070070</CEPTomador>
      <EmailTomador>nilson.resende@valecard.com.br</EmailTomador>
      <CodigoAtividade>661340000</CodigoAtividade>
      <AliquotaAtividade>2</AliquotaAtividade>
      <TipoRecolhimento>A</TipoRecolhimento>
      <MunicipioPrestacao>5403</MunicipioPrestacao>
      <MunicipioPrestacaoDescricao>UBERLANDIA</MunicipioPrestacaoDescricao>
      <Operacao>B</Operacao>
      <Tributacao>T</Tributacao>
      <ValorPIS>0</ValorPIS>
      <ValorCOFINS>0</ValorCOFINS>
      <ValorINSS>0</ValorINSS>
      <ValorIR>0</ValorIR>
      <ValorCSLL>0</ValorCSLL>
      <AliquotaPIS>0</AliquotaPIS>
      <AliquotaCOFINS>0</AliquotaCOFINS>
      <AliquotaINSS>0</AliquotaINSS>
      <AliquotaIR>0</AliquotaIR>
      <AliquotaCSLL>0</AliquotaCSLL>
      <DescricaoRPS />
      <DDDPrestador>34</DDDPrestador>
      <TelefonePrestador>32390500</TelefonePrestador>
      <DDDTomador>00</DDDTomador>
      <TelefoneTomador>00000000</TelefoneTomador>
      <MotCancelamento />
      <Deducoes />
      <Itens>
        <Item>
          <DiscriminacaoServico>VLR. A SER REPASSADO REF.CARGA ALIMENTACAO/REFEICAO</DiscriminacaoServico>
          <Quantidade>1</Quantidade>
          <ValorUnitario>400</ValorUnitario>
          <ValorTotal>400</ValorTotal>
          <Tributavel>S</Tributavel>
        </Item>
        <Item>
          <DiscriminacaoServico>PRESTACAO SERV GESTAO DE BENEFICIO - ALIMENTACAO/REFEICAO</DiscriminacaoServico>
          <Quantidade>1</Quantidade>
          <ValorUnitario>11.4</ValorUnitario>
          <ValorTotal>11.4</ValorTotal>
          <Tributavel>S</Tributavel>
        </Item>
      </Itens>
    </Nota>
    <Nota>
      <NumeroNota>119</NumeroNota>
      <DataProcessamento>2010-04-26T00:00:00</DataProcessamento>
      <NumeroLote>69968</NumeroLote>
      <CodigoVerificacao>3e60abd2</CodigoVerificacao>
      <Assinatura>d7e99beb1238e877e7dc28bcd495b3cf3968ae34</Assinatura>
      <InscricaoMunicipalPrestador>17418100</InscricaoMunicipalPrestador>
      <RazaoSocialPrestador>RP ADMINISTRACAO DE CONVENIOS LTDA</RazaoSocialPrestador>
      <TipoRPS>RPS</TipoRPS>
      <SerieRPS>NF</SerieRPS>
      <NumeroRPS>119</NumeroRPS>
      <DataEmissaoRPS>2010-04-26T00:00:00</DataEmissaoRPS>
      <SituacaoRPS>N</SituacaoRPS>
      <SerieRPSSubstituido />
      <NumeroRPSSubstituido>0</NumeroRPSSubstituido>
      <NumeroNFSeSubstituida>0</NumeroNFSeSubstituida>
      <DataEmissaoNFSeSubstituida>1900-01-01T00:00:00</DataEmissaoNFSeSubstituida>
      <SeriePrestacao>99</SeriePrestacao>
      <InscricaoMunicipalTomador />
      <CPFCNPJTomador>03983140000115</CPFCNPJTomador>
      <RazaoSocialTomador>CIASERV SERVICOS LTDA</RazaoSocialTomador>
      <TipoLogradouroTomador>AV</TipoLogradouroTomador>
      <LogradouroTomador>PRESIDENTE VARGAS</LogradouroTomador>
      <NumeroEnderecoTomador>002547</NumeroEnderecoTomador>
      <ComplementoEnderecoTomador />
      <TipoBairroTomador>BAIRRO</TipoBairroTomador>
      <BairroTomador />
      <CidadeTomador>6969</CidadeTomador>
      <CidadeTomadorDescricao>RIBEIRAO PRETO</CidadeTomadorDescricao>
      <CEPTomador>14020260</CEPTomador>
      <EmailTomador>nilson.resende@valecard.com.br</EmailTomador>
      <CodigoAtividade>661340000</CodigoAtividade>
      <AliquotaAtividade>2</AliquotaAtividade>
      <TipoRecolhimento>A</TipoRecolhimento>
      <MunicipioPrestacao>5403</MunicipioPrestacao>
      <MunicipioPrestacaoDescricao>UBERLANDIA</MunicipioPrestacaoDescricao>
      <Operacao>B</Operacao>
      <Tributacao>T</Tributacao>
      <ValorPIS>0</ValorPIS>
      <ValorCOFINS>0</ValorCOFINS>
      <ValorINSS>0</ValorINSS>
      <ValorIR>0</ValorIR>
      <ValorCSLL>0</ValorCSLL>
      <AliquotaPIS>0</AliquotaPIS>
      <AliquotaCOFINS>0</AliquotaCOFINS>
      <AliquotaINSS>0</AliquotaINSS>
      <AliquotaIR>0</AliquotaIR>
      <AliquotaCSLL>0</AliquotaCSLL>
      <DescricaoRPS />
      <DDDPrestador>34</DDDPrestador>
      <TelefonePrestador>32390500</TelefonePrestador>
      <DDDTomador>00</DDDTomador>
      <TelefoneTomador>00000000</TelefoneTomador>
      <MotCancelamento />
      <Deducoes />
      <Itens>
        <Item>
          <DiscriminacaoServico>VLR. A SER REPASSADO REF.CARGA ALIMENTACAO/REFEICAO</DiscriminacaoServico>
          <Quantidade>1</Quantidade>
          <ValorUnitario>40851.74</ValorUnitario>
          <ValorTotal>40851.74</ValorTotal>
          <Tributavel>N</Tributavel>
        </Item>
        <Item>
          <DiscriminacaoServico>PRESTACAO SERV GESTAO DE BENEFICIO - ALIMENTACAO/REFEICAO</DiscriminacaoServico>
          <Quantidade>1</Quantidade>
          <ValorUnitario>0.01</ValorUnitario>
          <ValorTotal>0.01</ValorTotal>
          <Tributavel>S</Tributavel>
        </Item>
      </Itens>
    </Nota>
    <Nota>
      <NumeroNota>120</NumeroNota>
      <DataProcessamento>2010-04-27T00:00:00</DataProcessamento>
      <NumeroLote>72128</NumeroLote>
      <CodigoVerificacao>2987f27a</CodigoVerificacao>
      <Assinatura>a2255cee753389e844b892088160ced3ed14c8f9</Assinatura>
      <InscricaoMunicipalPrestador>17418100</InscricaoMunicipalPrestador>
      <RazaoSocialPrestador>RP ADMINISTRACAO DE CONVENIOS LTDA</RazaoSocialPrestador>
      <TipoRPS>RPS</TipoRPS>
      <SerieRPS>NF</SerieRPS>
      <NumeroRPS>120</NumeroRPS>
      <DataEmissaoRPS>2010-04-27T00:00:00</DataEmissaoRPS>
      <SituacaoRPS>N</SituacaoRPS>
      <SerieRPSSubstituido />
      <NumeroRPSSubstituido>0</NumeroRPSSubstituido>
      <NumeroNFSeSubstituida>0</NumeroNFSeSubstituida>
      <DataEmissaoNFSeSubstituida>1900-01-01T00:00:00</DataEmissaoNFSeSubstituida>
      <SeriePrestacao>99</SeriePrestacao>
      <InscricaoMunicipalTomador />
      <CPFCNPJTomador>00774721000159</CPFCNPJTomador>
      <RazaoSocialTomador>AUTO POSTO ALPHA NEWS LTDA</RazaoSocialTomador>
      <TipoLogradouroTomador>AV</TipoLogradouroTomador>
      <LogradouroTomador>QUITO JUNQUEIRA</LogradouroTomador>
      <NumeroEnderecoTomador>000470</NumeroEnderecoTomador>
      <ComplementoEnderecoTomador />
      <TipoBairroTomador>BAIRRO</TipoBairroTomador>
      <BairroTomador />
      <CidadeTomador>6969</CidadeTomador>
      <CidadeTomadorDescricao>RIBEIRAO PRETO</CidadeTomadorDescricao>
      <CEPTomador>14085610</CEPTomador>
      <EmailTomador>nilson.resende@valecard.com.br</EmailTomador>
      <CodigoAtividade>661340000</CodigoAtividade>
      <AliquotaAtividade>2</AliquotaAtividade>
      <TipoRecolhimento>A</TipoRecolhimento>
      <MunicipioPrestacao>5403</MunicipioPrestacao>
      <MunicipioPrestacaoDescricao>UBERLANDIA</MunicipioPrestacaoDescricao>
      <Operacao>A</Operacao>
      <Tributacao>T</Tributacao>
      <ValorPIS>0</ValorPIS>
      <ValorCOFINS>0</ValorCOFINS>
      <ValorINSS>0</ValorINSS>
      <ValorIR>0</ValorIR>
      <ValorCSLL>0</ValorCSLL>
      <AliquotaPIS>0</AliquotaPIS>
      <AliquotaCOFINS>0</AliquotaCOFINS>
      <AliquotaINSS>0</AliquotaINSS>
      <AliquotaIR>0</AliquotaIR>
      <AliquotaCSLL>0</AliquotaCSLL>
      <DescricaoRPS />
      <DDDPrestador>34</DDDPrestador>
      <TelefonePrestador>32390500</TelefonePrestador>
      <DDDTomador>00</DDDTomador>
      <TelefoneTomador>00000000</TelefoneTomador>
      <MotCancelamento />
      <Deducoes />
      <Itens>
        <Item>
          <DiscriminacaoServico>VLR. A SER REPASSADO REF.CARGA ALIMENTACAO/REFEICAO</DiscriminacaoServico>
          <Quantidade>1</Quantidade>
          <ValorUnitario>829.5</ValorUnitario>
          <ValorTotal>829.5</ValorTotal>
          <Tributavel>N</Tributavel>
        </Item>
        <Item>
          <DiscriminacaoServico>PRESTACAO SERV GESTAO DE BENEFICIO - ALIMENTACAO/REFEICAO</DiscriminacaoServico>
          <Quantidade>1</Quantidade>
          <ValorUnitario>9</ValorUnitario>
          <ValorTotal>9</ValorTotal>
          <Tributavel>S</Tributavel>
        </Item>
      </Itens>
    </Nota>
    <Nota>
      <NumeroNota>121</NumeroNota>
      <DataProcessamento>2010-04-27T00:00:00</DataProcessamento>
      <NumeroLote>72128</NumeroLote>
      <CodigoVerificacao>8433fa91</CodigoVerificacao>
      <Assinatura>8866cf273e829bbefde3957a421236a5800ff65c</Assinatura>
      <InscricaoMunicipalPrestador>17418100</InscricaoMunicipalPrestador>
      <RazaoSocialPrestador>RP ADMINISTRACAO DE CONVENIOS LTDA</RazaoSocialPrestador>
      <TipoRPS>RPS</TipoRPS>
      <SerieRPS>NF</SerieRPS>
      <NumeroRPS>121</NumeroRPS>
      <DataEmissaoRPS>2010-04-27T00:00:00</DataEmissaoRPS>
      <SituacaoRPS>N</SituacaoRPS>
      <SerieRPSSubstituido />
      <NumeroRPSSubstituido>0</NumeroRPSSubstituido>
      <NumeroNFSeSubstituida>0</NumeroNFSeSubstituida>
      <DataEmissaoNFSeSubstituida>1900-01-01T00:00:00</DataEmissaoNFSeSubstituida>
      <SeriePrestacao>99</SeriePrestacao>
      <InscricaoMunicipalTomador />
      <CPFCNPJTomador>03983140000115</CPFCNPJTomador>
      <RazaoSocialTomador>CIASERV SERVICOS LTDA</RazaoSocialTomador>
      <TipoLogradouroTomador>AV</TipoLogradouroTomador>
      <LogradouroTomador>PRESIDENTE VARGAS</LogradouroTomador>
      <NumeroEnderecoTomador>002547</NumeroEnderecoTomador>
      <ComplementoEnderecoTomador />
      <TipoBairroTomador>BAIRRO</TipoBairroTomador>
      <BairroTomador />
      <CidadeTomador>6969</CidadeTomador>
      <CidadeTomadorDescricao>RIBEIRAO PRETO</CidadeTomadorDescricao>
      <CEPTomador>14020260</CEPTomador>
      <EmailTomador>nilson.resende@valecard.com.br</EmailTomador>
      <CodigoAtividade>661340000</CodigoAtividade>
      <AliquotaAtividade>2</AliquotaAtividade>
      <TipoRecolhimento>A</TipoRecolhimento>
      <MunicipioPrestacao>5403</MunicipioPrestacao>
      <MunicipioPrestacaoDescricao>UBERLANDIA</MunicipioPrestacaoDescricao>
      <Operacao>B</Operacao>
      <Tributacao>T</Tributacao>
      <ValorPIS>0</ValorPIS>
      <ValorCOFINS>0</ValorCOFINS>
      <ValorINSS>0</ValorINSS>
      <ValorIR>0</ValorIR>
      <ValorCSLL>0</ValorCSLL>
      <AliquotaPIS>0</AliquotaPIS>
      <AliquotaCOFINS>0</AliquotaCOFINS>
      <AliquotaINSS>0</AliquotaINSS>
      <AliquotaIR>0</AliquotaIR>
      <AliquotaCSLL>0</AliquotaCSLL>
      <DescricaoRPS />
      <DDDPrestador>34</DDDPrestador>
      <TelefonePrestador>32390500</TelefonePrestador>
      <DDDTomador>00</DDDTomador>
      <TelefoneTomador>00000000</TelefoneTomador>
      <MotCancelamento />
      <Deducoes />
      <Itens>
        <Item>
          <DiscriminacaoServico>VLR. A SER REPASSADO REF.CARGA ALIMENTACAO/REFEICAO</DiscriminacaoServico>
          <Quantidade>1</Quantidade>
          <ValorUnitario>89.63</ValorUnitario>
          <ValorTotal>89.63</ValorTotal>
          <Tributavel>N</Tributavel>
        </Item>
      </Itens>
    </Nota>
  </NotasConsultadas>
  <Alertas />
  <Erros />
</ns1:RetornoConsultaNFSeRPS>

