<?xml version="1.0" encoding="UTF-8"?>
<ns1:RetornoConsultaNFSeRPS xmlns:ns1="http://localhost:8080/WsNFe2/lote" xmlns:tipos="http://localhost:8080/WsNFe2/tp" xmlns:xsi="http://www.w3.org/2001/XMLSchema-instance" xsi:schemaLocation="http://localhost:8080/WsNFe2/lote http://localhost:8080/WsNFe2/xsd/RetornoConsultaNFSeRPS.xsd">
  <Cabecalho>
    <CodCidade>7145</CodCidade>
    <CPFCNPJRemetente>02852715000106</CPFCNPJRemetente>
    <transacao>true</transacao>
    <Versao>1</Versao>
  </Cabecalho>
  <NotasConsultadas>
    <Nota>
      <NumeroNota>3</NumeroNota>
      <DataProcessamento>2010-12-29T00:00:00</DataProcessamento>
      <NumeroLote>190619</NumeroLote>
      <CodigoVerificacao>c3afc848</CodigoVerificacao>
      <Assinatura>d14a65e060ba42478d3da53671709a861a44c680</Assinatura>
      <InscricaoMunicipalPrestador>000132683</InscricaoMunicipalPrestador>
      <RazaoSocialPrestador>A DE ARO ASSESSORIA EM RECURSOS HUMANOS E SERVICOS LTDA</RazaoSocialPrestador>
      <TipoRPS>RPS</TipoRPS>
      <SerieRPS>NF</SerieRPS>
      <NumeroRPS>1</NumeroRPS>
      <DataEmissaoRPS>2010-12-29T00:00:00</DataEmissaoRPS>
      <SituacaoRPS>C</SituacaoRPS>
      <SerieRPSSubstituido />
      <NumeroRPSSubstituido>0</NumeroRPSSubstituido>
      <NumeroNFSeSubstituida>0</NumeroNFSeSubstituida>
      <DataEmissaoNFSeSubstituida>1900-01-01T00:00:00</DataEmissaoNFSeSubstituida>
      <SeriePrestacao>99</SeriePrestacao>
      <InscricaoMunicipalTomador />
      <CPFCNPJTomador>03392084000144</CPFCNPJTomador>
      <RazaoSocialTomador>Tomador Substituto</RazaoSocialTomador>
      <TipoLogradouroTomador>Rua</TipoLogradouroTomador>
      <LogradouroTomador>DOM PEDRO II</LogradouroTomador>
      <NumeroEnderecoTomador>11</NumeroEnderecoTomador>
      <ComplementoEnderecoTomador />
      <TipoBairroTomador>Bairro</TipoBairroTomador>
      <BairroTomador />
      <CidadeTomador>7145</CidadeTomador>
      <CidadeTomadorDescricao>SOROCABA</CidadeTomadorDescricao>
      <CEPTomador>18010130</CEPTomador>
      <EmailTomador>leonardo.yonaha@dsfnet.com.br</EmailTomador>
      <CodigoAtividade>702040000</CodigoAtividade>
      <AliquotaAtividade>2</AliquotaAtividade>
      <TipoRecolhimento>R</TipoRecolhimento>
      <MunicipioPrestacao>7145</MunicipioPrestacao>
      <MunicipioPrestacaoDescricao>SOROCABA</MunicipioPrestacaoDescricao>
      <Operacao>A</Operacao>
      <Tributacao>T</Tributacao>
      <ValorPIS>0</ValorPIS>
      <ValorCOFINS>0</ValorCOFINS>
      <ValorINSS>0</ValorINSS>
      <ValorIR>0</ValorIR>
      <ValorCSLL>0</ValorCSLL>
      <AliquotaPIS>0</AliquotaPIS>
      <AliquotaCOFINS>0</AliquotaCOFINS>
      <AliquotaINSS>0</AliquotaINSS>
      <AliquotaIR>0</AliquotaIR>
      <AliquotaCSLL>0</AliquotaCSLL>
      <DescricaoRPS />
      <DDDPrestador>15</DDDPrestador>
      <TelefonePrestador>32216045</TelefonePrestador>
      <DDDTomador>11</DDDTomador>
      <TelefoneTomador>32323232</TelefoneTomador>
      <MotCancelamento>teste de cancelamento</MotCancelamento>
      <Deducoes />
      <Itens>
        <Item>
          <DiscriminacaoServico>Item 1</DiscriminacaoServico>
          <Quantidade>1</Quantidade>
          <ValorUnitario>1000</ValorUnitario>
          <ValorTotal>1000</ValorTotal>
          <Tributavel>S</Tributavel>
        </Item>
      </Itens>
    </Nota>
    <Nota>
      <NumeroNota>3</NumeroNota>
      <DataProcessamento>2010-12-29T00:00:00</DataProcessamento>
      <NumeroLote>190619</NumeroLote>
      <CodigoVerificacao>c3afc848</CodigoVerificacao>
      <Assinatura>bd6654affd57d1de7f6bf5d12154bcd1c3afe94c</Assinatura>
      <InscricaoMunicipalPrestador>000132683</InscricaoMunicipalPrestador>
      <RazaoSocialPrestador>A DE ARO ASSESSORIA EM RECURSOS HUMANOS E SERVICOS LTDA</RazaoSocialPrestador>
      <TipoRPS>RPS</TipoRPS>
      <SerieRPS>NF</SerieRPS>
      <NumeroRPS>1</NumeroRPS>
      <DataEmissaoRPS>2010-12-29T00:00:00</DataEmissaoRPS>
      <SituacaoRPS>C</SituacaoRPS>
      <SerieRPSSubstituido />
      <NumeroRPSSubstituido>0</NumeroRPSSubstituido>
      <NumeroNFSeSubstituida>0</NumeroNFSeSubstituida>
      <DataEmissaoNFSeSubstituida>1900-01-01T00:00:00</DataEmissaoNFSeSubstituida>
      <SeriePrestacao>99</SeriePrestacao>
      <InscricaoMunicipalTomador />
      <CPFCNPJTomador>03392084000144</CPFCNPJTomador>
      <RazaoSocialTomador>Tomador Substituto</RazaoSocialTomador>
      <TipoLogradouroTomador>Rua</TipoLogradouroTomador>
      <LogradouroTomador>DOM PEDRO II</LogradouroTomador>
      <NumeroEnderecoTomador>11</NumeroEnderecoTomador>
      <ComplementoEnderecoTomador />
      <TipoBairroTomador>Bairro</TipoBairroTomador>
      <BairroTomador />
      <CidadeTomador>7145</CidadeTomador>
      <CidadeTomadorDescricao>SOROCABA</CidadeTomadorDescricao>
      <CEPTomador>18010130</CEPTomador>
      <EmailTomador>leonardo.yonaha@dsfnet.com.br</EmailTomador>
      <CodigoAtividade>702040000</CodigoAtividade>
      <AliquotaAtividade>2</AliquotaAtividade>
      <TipoRecolhimento>R</TipoRecolhimento>
      <MunicipioPrestacao>7145</MunicipioPrestacao>
      <MunicipioPrestacaoDescricao>SOROCABA</MunicipioPrestacaoDescricao>
      <Operacao>A</Operacao>
      <Tributacao>T</Tributacao>
      <ValorPIS>0</ValorPIS>
      <ValorCOFINS>0</ValorCOFINS>
      <ValorINSS>0</ValorINSS>
      <ValorIR>0</ValorIR>
      <ValorCSLL>0</ValorCSLL>
      <AliquotaPIS>0</AliquotaPIS>
      <AliquotaCOFINS>0</AliquotaCOFINS>
      <AliquotaINSS>0</AliquotaINSS>
      <AliquotaIR>0</AliquotaIR>
      <AliquotaCSLL>0</AliquotaCSLL>
      <DescricaoRPS />
      <DDDPrestador>15</DDDPrestador>
      <TelefonePrestador>32216045</TelefonePrestador>
      <DDDTomador>11</DDDTomador>
      <TelefoneTomador>32323232</TelefoneTomador>
      <MotCancelamento>teste de cancelamento</MotCancelamento>
      <Deducoes />
      <Itens>
        <Item>
          <DiscriminacaoServico>Item 1</DiscriminacaoServico>
          <Quantidade>1</Quantidade>
          <ValorUnitario>1000</ValorUnitario>
          <ValorTotal>1000</ValorTotal>
          <Tributavel>S</Tributavel>
        </Item>
      </Itens>
    </Nota>
  </NotasConsultadas>
  <Alertas />
  <Erros />
</ns1:RetornoConsultaNFSeRPS>

