<?xml version="1.0" encoding="utf-8"?>
<ConsultarUrlVisualizacaoNfseEnvio xmlns="http://www.issnetonline.com.br/webserviceabrasf/vsd/servico_consultar_url_visualizacao_nfse_envio.xsd" xmlns:tc="http://www.issnetonline.com.br/webserviceabrasf/vsd/tipos_complexos.xsd">
    <Prestador>
        <tc:CpfCnpj>
            <tc:Cnpj>03746864000145</tc:Cnpj>
        </tc:CpfCnpj>
        <tc:InscricaoMunicipal>812005</tc:InscricaoMunicipal>
    </Prestador>
    <Numero>2748</Numero>
    <CodigoTributacaoMunicipio>2</CodigoTributacaoMunicipio>
</ConsultarUrlVisualizacaoNfseEnvio>