﻿<?xml version="1.0" encoding="utf-8"?>
<ConsultarNfseRpsEnvio xmlns="http://www.issnetonline.com.br/webserviceabrasf/vsd/servico_consultar_nfse_rps_envio.xsd" xmlns:tc="http://www.issnetonline.com.br/webserviceabrasf/vsd/tipos_complexos.xsd" xmlns:ts="http://www.issnetonline.com.br/webserviceabrasf/vsd/tipos_simples.xsd">
  <IdentificacaoRps>
    <tc:Numero>210</tc:Numero>
    <tc:Serie>10</tc:Serie>
    <tc:Tipo>1</tc:Tipo>
  </IdentificacaoRps>
  <Prestador>
    <tc:CpfCnpj>
      <tc:Cpf>97004731120</tc:Cpf>
    </tc:CpfCnpj>
    <tc:InscricaoMunicipal>812005</tc:InscricaoMunicipal>
  </Prestador>
</ConsultarNfseRpsEnvio>