<?xml version="1.0" encoding="UTF-8"?>
<ns1:ReqEnvioLoteRPS xmlns:ns1="http://localhost:8080/WsNFe2/lote" xmlns:tipos="http://localhost:8080/WsNFe2/tp" xmlns:xsi="http://www.w3.org/2001/XMLSchema-instance" xsi:schemaLocation="http://localhost:8080/WsNFe2/lote http://localhost:8080/WsNFe2/xsd/ReqEnvioLoteRPS.xsd"><Cabecalho><CodCidade>921</CodCidade><CPFCNPJRemetente>41795326387</CPFCNPJRemetente><RazaoSocialRemetente>ABDON MARINHO ADVOGADOS ASSOCIADOS S/C</RazaoSocialRemetente><transacao></transacao><dtInicio>2010-07-01</dtInicio><dtFim>2010-07-01</dtFim><QtdRPS>1</QtdRPS><ValorTotalServicos>100.00</ValorTotalServicos><ValorTotalDeducoes>0.00</ValorTotalDeducoes><Versao>1</Versao><MetodoEnvio>WS</MetodoEnvio><VersaoComponente>6.0004</VersaoComponente></Cabecalho><Lote Id="lote:1ABCDZ"><RPS Id="rps:2"><Assinatura>3869176492ec3fa64bbe6a0dd9c30643cd5aabb3</Assinatura><InscricaoMunicipalPrestador>00045781003</InscricaoMunicipalPrestador><RazaoSocialPrestador>ABDON MARINHO ADVOGADOS ASSOCIADOS S/C</RazaoSocialPrestador><TipoRPS>RPS</TipoRPS><SerieRPS>NF</SerieRPS><NumeroRPS>2</NumeroRPS><DataEmissaoRPS>2010-07-01T01:03:55</DataEmissaoRPS><SituacaoRPS>N</SituacaoRPS><SerieRPSSubstituido></SerieRPSSubstituido><NumeroRPSSubstituido>0</NumeroRPSSubstituido><NumeroNFSeSubstituida>0</NumeroNFSeSubstituida><DataEmissaoNFSeSubstituida>1900-01-01</DataEmissaoNFSeSubstituida><SeriePrestacao>99</SeriePrestacao><InscricaoMunicipalTomador>0000000</InscricaoMunicipalTomador><CPFCNPJTomador>88888888888</CPFCNPJTomador><RazaoSocialTomador>Cliente geral</RazaoSocialTomador><TipoLogradouroTomador>-</TipoLogradouroTomador><LogradouroTomador></LogradouroTomador><NumeroEnderecoTomador>0</NumeroEnderecoTomador><ComplementoEnderecoTomador></ComplementoEnderecoTomador><TipoBairroTomador>-</TipoBairroTomador><BairroTomador>-</BairroTomador><CidadeTomador>0000921</CidadeTomador><CidadeTomadorDescricao>Sao Luis</CidadeTomadorDescricao><CEPTomador>00000000</CEPTomador><EmailTomador>-</EmailTomador><CodigoAtividade>691170100</CodigoAtividade><AliquotaAtividade>5.00</AliquotaAtividade><TipoRecolhimento>A</TipoRecolhimento><MunicipioPrestacao>0000921</MunicipioPrestacao><MunicipioPrestacaoDescricao>Sao Luis</MunicipioPrestacaoDescricao><Operacao>A</Operacao><Tributacao>T</Tributacao><ValorPIS>0.00</ValorPIS><ValorCOFINS>0.00</ValorCOFINS><ValorINSS>0.00</ValorINSS><ValorIR>0.00</ValorIR><ValorCSLL>0.00</ValorCSLL><AliquotaPIS>0.0000</AliquotaPIS><AliquotaCOFINS>0.0000</AliquotaCOFINS><AliquotaINSS>0.0000</AliquotaINSS><AliquotaIR>0.0000</AliquotaIR><AliquotaCSLL>0.0000</AliquotaCSLL><DescricaoRPS></DescricaoRPS><DDDPrestador>98</DDDPrestador><TelefonePrestador>32356772</TelefonePrestador><DDDTomador>00</DDDTomador><TelefoneTomador>00000000</TelefoneTomador><MotCancelamento></MotCancelamento><CPFCNPJIntermediario></CPFCNPJIntermediario><Deducoes/><Itens><Item><DiscriminacaoServico>TESTE</DiscriminacaoServico><Quantidade>1.0000</Quantidade><ValorUnitario>100.0000</ValorUnitario><ValorTotal>100.00</ValorTotal><Tributavel>S</Tributavel></Item></Itens></RPS></Lote></ns1:ReqEnvioLoteRPS>