<?xml version="1.0" encoding="UTF-8"?>
<ns1:RetornoEnvioLoteRPS xmlns:ns1="http://localhost:8080/WsNFe2/lote" xmlns:tipos="http://localhost:8080/WsNFe2/tp" xmlns:xsi="http://www.w3.org/2001/XMLSchema-instance" xsi:schemaLocation="http://localhost:8080/WsNFe2/lote http://localhost:8080/WsNFe2/xsd/RetornoEnvioLoteRPS.xsd ">
  <Cabecalho>
    <CodCidade>921</CodCidade>
    <Sucesso>true</Sucesso>
    <NumeroLote>152596</NumeroLote>
    <CPFCNPJRemetente>41795326387</CPFCNPJRemetente>
    <DataEnvioLote>2010-07-31T01:15:02.0Z</DataEnvioLote>
    <QtdNotasProcessadas>1</QtdNotasProcessadas>
    <TempoProcessamento>35</TempoProcessamento>
    <ValorTotalServicos>100.00</ValorTotalServicos>
    <ValorTotalDeducoes>0.00</ValorTotalDeducoes>
    <Versao>1</Versao>
    <Assincrono>N</Assincrono>
  </Cabecalho>
  <Alertas/>
  <Erros/>
  <ChavesNFSeRPS>
    <ChaveNFSeRPS>
      <ChaveNFe>
        <InscricaoPrestador>00045781003</InscricaoPrestador>
        <NumeroNFe>2</NumeroNFe>
        <CodigoVerificacao>f597dfcd</CodigoVerificacao>
        <RazaoSocialPrestador>ABDON MARINHO ADVOGADOS ASSOCIADOS S/C</RazaoSocialPrestador>
      </ChaveNFe>
      <ChaveRPS>
        <InscricaoPrestador>00045781003</InscricaoPrestador>
        <SerieRPS>NF</SerieRPS>
        <NumeroRPS>2</NumeroRPS>
        <DataEmissaoRPS>2010-07-01T01:03:55</DataEmissaoRPS>
        <RazaoSocialPrestador>ABDON MARINHO ADVOGADOS ASSOCIADOS S/C</RazaoSocialPrestador>
      </ChaveRPS>
    </ChaveNFSeRPS>
  </ChavesNFSeRPS>
</ns1:RetornoEnvioLoteRPS>