<?xml version="1.0" encoding="UTF-8"?>
<ns1:ReqConsultaNFSeRPS xmlns:ns1="http://localhost:8080/WsNFe2/lote" xmlns:tipos="http://localhost:8080/WsNFe2/tp" xmlns:xsi="http://www.w3.org/2001/XMLSchema-instance" xsi:schemaLocation="http://localhost:8080/WsNFe2/lote http://localhost:8080/WsNFe2/xsd/ReqConsultaNFSeRPS.xsd"><Cabecalho><CodCidade>427</CodCidade><CPFCNPJRemetente>15752686000144</CPFCNPJRemetente><transacao>true</transacao><Versao>1</Versao></Cabecalho><Lote Id="lote:1ABCDZ"><NotaConsulta><Nota Id="nota:1"><InscricaoMunicipalPrestador>0915712</InscricaoMunicipalPrestador><NumeroNota>1</NumeroNota><CodigoVerificacao>575fec57</CodigoVerificacao></Nota><Nota Id="nota:2"><InscricaoMunicipalPrestador>0915712</InscricaoMunicipalPrestador><NumeroNota>2</NumeroNota><CodigoVerificacao>de6e9074</CodigoVerificacao></Nota></NotaConsulta><RPSConsulta><RPS Id="rps:9"><InscricaoMunicipalPrestador>0915712</InscricaoMunicipalPrestador><NumeroRPS>9</NumeroRPS><SeriePrestacao>99</SeriePrestacao></RPS><RPS Id="rps:10"><InscricaoMunicipalPrestador>0915712</InscricaoMunicipalPrestador><NumeroRPS>10</NumeroRPS><SeriePrestacao>99</SeriePrestacao></RPS><RPS Id="rps:12"><InscricaoMunicipalPrestador>0915712</InscricaoMunicipalPrestador><NumeroRPS>12</NumeroRPS><SeriePrestacao>99</SeriePrestacao></RPS></RPSConsulta></Lote></ns1:ReqConsultaNFSeRPS>
