<?xml version="1.0" encoding="UTF-8"?>
<ns1:RetornoConsultaNFSeRPS xmlns:ns1="http://localhost:8080/WsNFe2/lote" xmlns:tipos="http://localhost:8080/WsNFe2/tp" xmlns:xsi="http://www.w3.org/2001/XMLSchema-instance" xsi:schemaLocation="http://localhost:8080/WsNFe2/lote http://localhost:8080/WsNFe2/xsd/RetornoConsultaNFSeRPS.xsd">
  <Cabecalho>
    <CodCidade>0427</CodCidade>
    <CPFCNPJRemetente>28785966843</CPFCNPJRemetente>
    <transacao>true</transacao>
    <Versao>1</Versao>
  </Cabecalho>
  <NotasConsultadas>
    <Nota>
      <NumeroNota>4971</NumeroNota>
      <DataProcessamento>2010-12-02T00:00:00</DataProcessamento>
      <NumeroLote>185298</NumeroLote>
      <CodigoVerificacao>0ed753e4</CodigoVerificacao>
      <Assinatura>f7db5fd6c6dd954a8867959778b3053d1d9eda2f</Assinatura>
      <InscricaoMunicipalPrestador>0317330</InscricaoMunicipalPrestador>
      <RazaoSocialPrestador>SERASA S.A</RazaoSocialPrestador>
      <TipoRPS>RPS</TipoRPS>
      <SerieRPS>NF</SerieRPS>
      <NumeroRPS>1261137</NumeroRPS>
      <DataEmissaoRPS>2010-12-02T00:00:00</DataEmissaoRPS>
      <SituacaoRPS>N</SituacaoRPS>
      <SerieRPSSubstituido />
      <NumeroRPSSubstituido>0</NumeroRPSSubstituido>
      <NumeroNFSeSubstituida>0</NumeroNFSeSubstituida>
      <DataEmissaoNFSeSubstituida>1900-01-01T00:00:00</DataEmissaoNFSeSubstituida>
      <SeriePrestacao>99</SeriePrestacao>
      <InscricaoMunicipalTomador />
      <CPFCNPJTomador>77777777777</CPFCNPJTomador>
      <RazaoSocialTomador>INTERNATIONAL CORPORATION</RazaoSocialTomador>
      <DocTomadorEstrangeiro>CI 45684568598</DocTomadorEstrangeiro>
      <TipoLogradouroTomador>Rua</TipoLogradouroTomador>
      <LogradouroTomador>Treena Street</LogradouroTomador>
      <NumeroEnderecoTomador>10695</NumeroEnderecoTomador>
      <ComplementoEnderecoTomador>Suite 101</ComplementoEnderecoTomador>
      <TipoBairroTomador>-</TipoBairroTomador>
      <BairroTomador />
      <CidadeTomador>9999</CidadeTomador>
      <CidadeTomadorDescricao>EXTERIOR</CidadeTomadorDescricao>
      <CEPTomador>00000000</CEPTomador>
      <EmailTomador>corp@pont.com</EmailTomador>
      <CodigoAtividade>829979900</CodigoAtividade>
      <AliquotaAtividade>5</AliquotaAtividade>
      <TipoRecolhimento>A</TipoRecolhimento>
      <MunicipioPrestacao>0427</MunicipioPrestacao>
      <MunicipioPrestacaoDescricao>BELEM</MunicipioPrestacaoDescricao>
      <Operacao>A</Operacao>
      <Tributacao>T</Tributacao>
      <ValorPIS>0</ValorPIS>
      <ValorCOFINS>0</ValorCOFINS>
      <ValorINSS>0</ValorINSS>
      <ValorIR>0</ValorIR>
      <ValorCSLL>0</ValorCSLL>
      <AliquotaPIS>0</AliquotaPIS>
      <AliquotaCOFINS>0</AliquotaCOFINS>
      <AliquotaINSS>0</AliquotaINSS>
      <AliquotaIR>0</AliquotaIR>
      <AliquotaCSLL>0</AliquotaCSLL>
      <DescricaoRPS />
      <DDDPrestador>00</DDDPrestador>
      <TelefonePrestador>00000000</TelefonePrestador>
      <DDDTomador>00</DDDTomador>
      <TelefoneTomador>00000000</TelefoneTomador>
      <MotCancelamento />
      <Deducoes />
      <Itens>
        <Item>
          <DiscriminacaoServico>SERVICO 01</DiscriminacaoServico>
          <Quantidade>1</Quantidade>
          <ValorUnitario>10</ValorUnitario>
          <ValorTotal>10</ValorTotal>
          <Tributavel>S</Tributavel>
        </Item>
      </Itens>
    </Nota>
  </NotasConsultadas>
  <Alertas />
  <Erros />
</ns1:RetornoConsultaNFSeRPS>

