<?xml version="1.0" encoding="UTF-8"?>
<ns1:RetornoConsultaNFSeRPS xmlns:ns1="http://localhost:8080/WsNFe2/lote" xmlns:tipos="http://localhost:8080/WsNFe2/tp" xmlns:xsi="http://www.w3.org/2001/XMLSchema-instance" xsi:schemaLocation="http://localhost:8080/WsNFe2/lote http://localhost:8080/WsNFe2/xsd/RetornoConsultaNFSeRPS.xsd">
  <Cabecalho>
    <CodCidade>427</CodCidade>
    <CPFCNPJRemetente>15752686000144</CPFCNPJRemetente>
    <transacao>true</transacao>
    <Versao>1</Versao>
  </Cabecalho>
  <NotasConsultadas>
    <Nota>
      <NumeroNota>1</NumeroNota>
      <DataProcessamento>2010-03-01T00:00:00</DataProcessamento>
      <NumeroLote>77524</NumeroLote>
      <CodigoVerificacao>575fec57</CodigoVerificacao>
      <Assinatura>de4e73a67e6d73c10ed0a7fe217ef36e4a2ac8d7</Assinatura>
      <InscricaoMunicipalPrestador>0915712</InscricaoMunicipalPrestador>
      <RazaoSocialPrestador>UNIAO DE ENSINO SUPERIOR DO PARA</RazaoSocialPrestador>
      <TipoRPS>RPS</TipoRPS>
      <SerieRPS>NF</SerieRPS>
      <NumeroRPS>1</NumeroRPS>
      <DataEmissaoRPS>2010-03-01T00:00:00</DataEmissaoRPS>
      <SituacaoRPS>N</SituacaoRPS>
      <SerieRPSSubstituido />
      <NumeroRPSSubstituido>0</NumeroRPSSubstituido>
      <NumeroNFSeSubstituida>0</NumeroNFSeSubstituida>
      <DataEmissaoNFSeSubstituida>1900-01-01T00:00:00</DataEmissaoNFSeSubstituida>
      <SeriePrestacao>99</SeriePrestacao>
      <InscricaoMunicipalTomador />
      <CPFCNPJTomador>45241155287</CPFCNPJTomador>
      <RazaoSocialTomador>ESTELA DO SOCORRO CUNHA DA SILVA</RazaoSocialTomador>
      <TipoLogradouroTomador>xxx_query</TipoLogradouroTomador>
      <LogradouroTomador>xxx_query</LogradouroTomador>
      <NumeroEnderecoTomador>xxx_query</NumeroEnderecoTomador>
      <ComplementoEnderecoTomador>xxx_query</ComplementoEnderecoTomador>
      <TipoBairroTomador>xxx_query</TipoBairroTomador>
      <BairroTomador />
      <CidadeTomador>427</CidadeTomador>
      <CidadeTomadorDescricao>BELEM</CidadeTomadorDescricao>
      <CEPTomador>00000000</CEPTomador>
      <EmailTomador>vsf@unama.br</EmailTomador>
      <CodigoAtividade>853170000</CodigoAtividade>
      <AliquotaAtividade>3</AliquotaAtividade>
      <TipoRecolhimento>A</TipoRecolhimento>
      <MunicipioPrestacao>427</MunicipioPrestacao>
      <MunicipioPrestacaoDescricao>BELEM</MunicipioPrestacaoDescricao>
      <Operacao>A</Operacao>
      <Tributacao>T</Tributacao>
      <ValorPIS>0</ValorPIS>
      <ValorCOFINS>0</ValorCOFINS>
      <ValorINSS>0</ValorINSS>
      <ValorIR>0</ValorIR>
      <ValorCSLL>0</ValorCSLL>
      <AliquotaPIS>0</AliquotaPIS>
      <AliquotaCOFINS>0</AliquotaCOFINS>
      <AliquotaINSS>0</AliquotaINSS>
      <AliquotaIR>0</AliquotaIR>
      <AliquotaCSLL>0</AliquotaCSLL>
      <DescricaoRPS />
      <DDDPrestador>00</DDDPrestador>
      <TelefonePrestador>00000000</TelefonePrestador>
      <DDDTomador>00</DDDTomador>
      <TelefoneTomador>00000000</TelefoneTomador>
      <MotCancelamento />
      <Deducoes />
      <Itens>
        <Item>
          <DiscriminacaoServico>Boleto 1458847</DiscriminacaoServico>
          <Quantidade>1</Quantidade>
          <ValorUnitario>280</ValorUnitario>
          <ValorTotal>280</ValorTotal>
          <Tributavel>S</Tributavel>
        </Item>
      </Itens>
    </Nota>
    <Nota>
      <NumeroNota>2</NumeroNota>
      <DataProcessamento>2010-03-01T00:00:00</DataProcessamento>
      <NumeroLote>77524</NumeroLote>
      <CodigoVerificacao>de6e9074</CodigoVerificacao>
      <Assinatura>ede0de2c13b7fc353b62c7caba01459198819f70</Assinatura>
      <InscricaoMunicipalPrestador>0915712</InscricaoMunicipalPrestador>
      <RazaoSocialPrestador>UNIAO DE ENSINO SUPERIOR DO PARA</RazaoSocialPrestador>
      <TipoRPS>RPS</TipoRPS>
      <SerieRPS>NF</SerieRPS>
      <NumeroRPS>2</NumeroRPS>
      <DataEmissaoRPS>2010-03-01T00:00:00</DataEmissaoRPS>
      <SituacaoRPS>N</SituacaoRPS>
      <SerieRPSSubstituido />
      <NumeroRPSSubstituido>0</NumeroRPSSubstituido>
      <NumeroNFSeSubstituida>0</NumeroNFSeSubstituida>
      <DataEmissaoNFSeSubstituida>1900-01-01T00:00:00</DataEmissaoNFSeSubstituida>
      <SeriePrestacao>99</SeriePrestacao>
      <InscricaoMunicipalTomador />
      <CPFCNPJTomador>05628199249</CPFCNPJTomador>
      <RazaoSocialTomador>WASHINGTON DE OLIVEIRA QUADROS</RazaoSocialTomador>
      <TipoLogradouroTomador>xxx_query</TipoLogradouroTomador>
      <LogradouroTomador>xxx_query</LogradouroTomador>
      <NumeroEnderecoTomador>xxx_query</NumeroEnderecoTomador>
      <ComplementoEnderecoTomador>xxx_query</ComplementoEnderecoTomador>
      <TipoBairroTomador>xxx_query</TipoBairroTomador>
      <BairroTomador />
      <CidadeTomador>427</CidadeTomador>
      <CidadeTomadorDescricao>BELEM</CidadeTomadorDescricao>
      <CEPTomador>00000000</CEPTomador>
      <EmailTomador>washington@cdp.com.br</EmailTomador>
      <CodigoAtividade>853170000</CodigoAtividade>
      <AliquotaAtividade>3</AliquotaAtividade>
      <TipoRecolhimento>A</TipoRecolhimento>
      <MunicipioPrestacao>427</MunicipioPrestacao>
      <MunicipioPrestacaoDescricao>BELEM</MunicipioPrestacaoDescricao>
      <Operacao>A</Operacao>
      <Tributacao>T</Tributacao>
      <ValorPIS>0</ValorPIS>
      <ValorCOFINS>0</ValorCOFINS>
      <ValorINSS>0</ValorINSS>
      <ValorIR>0</ValorIR>
      <ValorCSLL>0</ValorCSLL>
      <AliquotaPIS>0</AliquotaPIS>
      <AliquotaCOFINS>0</AliquotaCOFINS>
      <AliquotaINSS>0</AliquotaINSS>
      <AliquotaIR>0</AliquotaIR>
      <AliquotaCSLL>0</AliquotaCSLL>
      <DescricaoRPS />
      <DDDPrestador>00</DDDPrestador>
      <TelefonePrestador>00000000</TelefonePrestador>
      <DDDTomador>00</DDDTomador>
      <TelefoneTomador>00000000</TelefoneTomador>
      <MotCancelamento />
      <Deducoes />
      <Itens>
        <Item>
          <DiscriminacaoServico>Boleto 1459335</DiscriminacaoServico>
          <Quantidade>1</Quantidade>
          <ValorUnitario>480</ValorUnitario>
          <ValorTotal>480</ValorTotal>
          <Tributavel>S</Tributavel>
        </Item>
      </Itens>
    </Nota>
    <Nota>
      <NumeroNota>9</NumeroNota>
      <DataProcessamento>2010-03-31T00:00:00</DataProcessamento>
      <NumeroLote>77630</NumeroLote>
      <CodigoVerificacao>07ad2b3c</CodigoVerificacao>
      <Assinatura>cdac694a125292535223abe06d08a8a06f7d72e5</Assinatura>
      <InscricaoMunicipalPrestador>0915712</InscricaoMunicipalPrestador>
      <RazaoSocialPrestador>UNIAO DE ENSINO SUPERIOR DO PARA</RazaoSocialPrestador>
      <TipoRPS>RPS</TipoRPS>
      <SerieRPS>NF</SerieRPS>
      <NumeroRPS>9</NumeroRPS>
      <DataEmissaoRPS>2010-03-31T00:00:00</DataEmissaoRPS>
      <SituacaoRPS>N</SituacaoRPS>
      <SerieRPSSubstituido />
      <NumeroRPSSubstituido>0</NumeroRPSSubstituido>
      <NumeroNFSeSubstituida>0</NumeroNFSeSubstituida>
      <DataEmissaoNFSeSubstituida>1900-01-01T00:00:00</DataEmissaoNFSeSubstituida>
      <SeriePrestacao>99</SeriePrestacao>
      <InscricaoMunicipalTomador />
      <CPFCNPJTomador>59003219249</CPFCNPJTomador>
      <RazaoSocialTomador>SERGIO DA SILVA GOMES</RazaoSocialTomador>
      <TipoLogradouroTomador>tipo_logra</TipoLogradouroTomador>
      <LogradouroTomador>AV. 25 DE SETEMBRO</LogradouroTomador>
      <NumeroEnderecoTomador>2019</NumeroEnderecoTomador>
      <ComplementoEnderecoTomador />
      <TipoBairroTomador />
      <BairroTomador />
      <CidadeTomador>427</CidadeTomador>
      <CidadeTomadorDescricao>BELEM</CidadeTomadorDescricao>
      <CEPTomador>66093000</CEPTomador>
      <EmailTomador>s.sg@bol.com.br</EmailTomador>
      <CodigoAtividade>853170000</CodigoAtividade>
      <AliquotaAtividade>3</AliquotaAtividade>
      <TipoRecolhimento>A</TipoRecolhimento>
      <MunicipioPrestacao>427</MunicipioPrestacao>
      <MunicipioPrestacaoDescricao>BELEM</MunicipioPrestacaoDescricao>
      <Operacao>A</Operacao>
      <Tributacao>T</Tributacao>
      <ValorPIS>0</ValorPIS>
      <ValorCOFINS>0</ValorCOFINS>
      <ValorINSS>0</ValorINSS>
      <ValorIR>0</ValorIR>
      <ValorCSLL>0</ValorCSLL>
      <AliquotaPIS>0</AliquotaPIS>
      <AliquotaCOFINS>0</AliquotaCOFINS>
      <AliquotaINSS>0</AliquotaINSS>
      <AliquotaIR>0</AliquotaIR>
      <AliquotaCSLL>0</AliquotaCSLL>
      <DescricaoRPS />
      <DDDPrestador>00</DDDPrestador>
      <TelefonePrestador>00000000</TelefonePrestador>
      <DDDTomador>00</DDDTomador>
      <TelefoneTomador>00000000</TelefoneTomador>
      <MotCancelamento />
      <Deducoes />
      <Itens>
        <Item>
          <DiscriminacaoServico>Boleto 1459380</DiscriminacaoServico>
          <Quantidade>1</Quantidade>
          <ValorUnitario>302.4</ValorUnitario>
          <ValorTotal>302.4</ValorTotal>
          <Tributavel>S</Tributavel>
        </Item>
      </Itens>
    </Nota>
    <Nota>
      <NumeroNota>10</NumeroNota>
      <DataProcessamento>2010-03-31T00:00:00</DataProcessamento>
      <NumeroLote>77656</NumeroLote>
      <CodigoVerificacao>418ae6ff</CodigoVerificacao>
      <Assinatura>2f62234f8baa94671c5dea9c69b1f185934e5b1d</Assinatura>
      <InscricaoMunicipalPrestador>0915712</InscricaoMunicipalPrestador>
      <RazaoSocialPrestador>UNIAO DE ENSINO SUPERIOR DO PARA</RazaoSocialPrestador>
      <TipoRPS>RPS</TipoRPS>
      <SerieRPS>NF</SerieRPS>
      <NumeroRPS>10</NumeroRPS>
      <DataEmissaoRPS>2010-03-31T00:00:00</DataEmissaoRPS>
      <SituacaoRPS>N</SituacaoRPS>
      <SerieRPSSubstituido />
      <NumeroRPSSubstituido>0</NumeroRPSSubstituido>
      <NumeroNFSeSubstituida>0</NumeroNFSeSubstituida>
      <DataEmissaoNFSeSubstituida>1900-01-01T00:00:00</DataEmissaoNFSeSubstituida>
      <SeriePrestacao>99</SeriePrestacao>
      <InscricaoMunicipalTomador />
      <CPFCNPJTomador>45241155287</CPFCNPJTomador>
      <RazaoSocialTomador>ESTELA DO SOCORRO CUNHA DA SILVA</RazaoSocialTomador>
      <TipoLogradouroTomador>tipo_logra</TipoLogradouroTomador>
      <LogradouroTomador>RUA PRESIDENTE GETULIO VARGAS</LogradouroTomador>
      <NumeroEnderecoTomador>149</NumeroEnderecoTomador>
      <ComplementoEnderecoTomador />
      <TipoBairroTomador />
      <BairroTomador />
      <CidadeTomador>427</CidadeTomador>
      <CidadeTomadorDescricao>BELEM</CidadeTomadorDescricao>
      <CEPTomador>66825060</CEPTomador>
      <EmailTomador>vsf@unama.br</EmailTomador>
      <CodigoAtividade>853170000</CodigoAtividade>
      <AliquotaAtividade>3</AliquotaAtividade>
      <TipoRecolhimento>A</TipoRecolhimento>
      <MunicipioPrestacao>427</MunicipioPrestacao>
      <MunicipioPrestacaoDescricao>BELEM</MunicipioPrestacaoDescricao>
      <Operacao>A</Operacao>
      <Tributacao>T</Tributacao>
      <ValorPIS>0</ValorPIS>
      <ValorCOFINS>0</ValorCOFINS>
      <ValorINSS>0</ValorINSS>
      <ValorIR>0</ValorIR>
      <ValorCSLL>0</ValorCSLL>
      <AliquotaPIS>0</AliquotaPIS>
      <AliquotaCOFINS>0</AliquotaCOFINS>
      <AliquotaINSS>0</AliquotaINSS>
      <AliquotaIR>0</AliquotaIR>
      <AliquotaCSLL>0</AliquotaCSLL>
      <DescricaoRPS />
      <DDDPrestador>00</DDDPrestador>
      <TelefonePrestador>00000000</TelefonePrestador>
      <DDDTomador>00</DDDTomador>
      <TelefoneTomador>00000000</TelefoneTomador>
      <MotCancelamento />
      <Deducoes />
      <Itens>
        <Item>
          <DiscriminacaoServico>Boleto 1458847</DiscriminacaoServico>
          <Quantidade>1</Quantidade>
          <ValorUnitario>280</ValorUnitario>
          <ValorTotal>280</ValorTotal>
          <Tributavel>S</Tributavel>
        </Item>
      </Itens>
    </Nota>
    <Nota>
      <NumeroNota>12</NumeroNota>
      <DataProcessamento>2010-03-31T00:00:00</DataProcessamento>
      <NumeroLote>77656</NumeroLote>
      <CodigoVerificacao>2125239c</CodigoVerificacao>
      <Assinatura>419be5000de64ccb725ac28f52d344b77d03aab6</Assinatura>
      <InscricaoMunicipalPrestador>0915712</InscricaoMunicipalPrestador>
      <RazaoSocialPrestador>UNIAO DE ENSINO SUPERIOR DO PARA</RazaoSocialPrestador>
      <TipoRPS>RPS</TipoRPS>
      <SerieRPS>NF</SerieRPS>
      <NumeroRPS>12</NumeroRPS>
      <DataEmissaoRPS>2010-03-31T00:00:00</DataEmissaoRPS>
      <SituacaoRPS>N</SituacaoRPS>
      <SerieRPSSubstituido />
      <NumeroRPSSubstituido>0</NumeroRPSSubstituido>
      <NumeroNFSeSubstituida>0</NumeroNFSeSubstituida>
      <DataEmissaoNFSeSubstituida>1900-01-01T00:00:00</DataEmissaoNFSeSubstituida>
      <SeriePrestacao>99</SeriePrestacao>
      <InscricaoMunicipalTomador />
      <CPFCNPJTomador>59003219249</CPFCNPJTomador>
      <RazaoSocialTomador>SERGIO DA SILVA GOMES</RazaoSocialTomador>
      <TipoLogradouroTomador>tipo_logra</TipoLogradouroTomador>
      <LogradouroTomador>AV. 25 DE SETEMBRO</LogradouroTomador>
      <NumeroEnderecoTomador>2019</NumeroEnderecoTomador>
      <ComplementoEnderecoTomador />
      <TipoBairroTomador />
      <BairroTomador />
      <CidadeTomador>427</CidadeTomador>
      <CidadeTomadorDescricao>BELEM</CidadeTomadorDescricao>
      <CEPTomador>66093000</CEPTomador>
      <EmailTomador>s.sg@bol.com.br</EmailTomador>
      <CodigoAtividade>853170000</CodigoAtividade>
      <AliquotaAtividade>3</AliquotaAtividade>
      <TipoRecolhimento>A</TipoRecolhimento>
      <MunicipioPrestacao>427</MunicipioPrestacao>
      <MunicipioPrestacaoDescricao>BELEM</MunicipioPrestacaoDescricao>
      <Operacao>A</Operacao>
      <Tributacao>T</Tributacao>
      <ValorPIS>0</ValorPIS>
      <ValorCOFINS>0</ValorCOFINS>
      <ValorINSS>0</ValorINSS>
      <ValorIR>0</ValorIR>
      <ValorCSLL>0</ValorCSLL>
      <AliquotaPIS>0</AliquotaPIS>
      <AliquotaCOFINS>0</AliquotaCOFINS>
      <AliquotaINSS>0</AliquotaINSS>
      <AliquotaIR>0</AliquotaIR>
      <AliquotaCSLL>0</AliquotaCSLL>
      <DescricaoRPS />
      <DDDPrestador>00</DDDPrestador>
      <TelefonePrestador>00000000</TelefonePrestador>
      <DDDTomador>00</DDDTomador>
      <TelefoneTomador>00000000</TelefoneTomador>
      <MotCancelamento />
      <Deducoes />
      <Itens>
        <Item>
          <DiscriminacaoServico>Boleto 1459380</DiscriminacaoServico>
          <Quantidade>1</Quantidade>
          <ValorUnitario>302.4</ValorUnitario>
          <ValorTotal>302.4</ValorTotal>
          <Tributavel>S</Tributavel>
        </Item>
      </Itens>
    </Nota>
  </NotasConsultadas>
  <Alertas />
  <Erros />
</ns1:RetornoConsultaNFSeRPS>

